-4.757328482816371440e-01,-3.134008787464864776e-02
-5.567638905348908374e-01,7.290955880499856434e-01
3.185561131425339809e+00,-4.351625074325683462e-01
-2.805393213592324297e-01,-3.143264391755689058e-01
-1.306464060006668593e+00,-1.551024060153176620e-01
-2.251298973175204665e+00,2.756319522235805008e-01
3.723974722952910099e+00,-1.482789496009277785e+00
4.289548239227536364e-01,-5.338107580985984590e-01
-1.710458485670002915e+00,1.090458213631393114e-01
-9.983773640037582053e-01,-2.498191886272932427e-01
-3.686821891374376214e+00,6.359613831317660892e-01
-3.879442565094050721e+00,4.532578697444573645e-01
1.055215285698285488e-01,-5.383352718480460819e-01
-3.550443903321268024e+00,1.029768365321337420e-02
-4.038168799299568512e+00,6.849217758394786637e-01
-4.065673662681908773e+00,9.988368369098091781e-01
-1.813721323627380588e+00,5.915535460574683491e-01
2.220140545121339071e-01,-3.862638879603424447e-01
-3.097807841743862034e-01,-2.857849918903630493e-01
-1.296702737954361861e+00,7.799623428839615180e-02
-2.864936196297317661e+00,2.207766675608088813e-02
-1.475818904584182967e+00,-3.291664462116431489e-01
-7.566659473044404782e-01,-1.028977544855881471e-01
-8.521918600894391460e-01,1.864411818417487654e-01
-6.811396543986965035e-01,3.612591672507423635e-01
-4.762981643866593950e-01,-1.941946496697322111e-03
-1.947339245275793385e+00,3.156691872010700672e-01
-2.384044976088506296e+00,1.017149354089320612e+00
1.388670396829903675e+00,-4.756687065462002206e-02
1.643670653552418370e+00,-2.793614737542926552e-01
2.624071187486355150e+00,-8.959395088641470828e-01
-7.920885493381540909e-01,-4.109553827278463745e-01
-9.119892190965692702e-01,7.727052455750499371e-02
-9.660105574221145019e-03,-9.047585386831776821e-01
-1.944695581098039527e+00,-2.480418681282869076e-01
-2.231709968484790085e+00,-3.914857743716160243e-01
-5.516515926369974565e+00,4.724208837651853177e-01
-3.592086003209378653e+00,5.853068982730134096e-01
-1.840385053930419179e+00,5.069995976693454365e-01
-3.629158724207221187e+00,7.111554476792135704e-01
-6.435425439326808439e-01,1.927543774295757684e-01
-8.487153941320941808e-01,8.498197925166840472e-01
-3.909402765303743976e+00,1.592880054542846979e+00
-3.704100568728523335e+00,2.993097515278890342e+00
5.886487753915259802e+00,-1.413297752173484634e-01
1.506722580928485655e+00,1.238730526192421078e+00
1.338040702413096916e-01,2.675677135565776243e+00
4.638229084082214015e+00,1.532828104159758897e+00
7.172883237100275977e+00,-1.853665286729782036e-01
8.490870354899296757e+00,-2.002638028786014601e-01
7.039798331835699585e+00,-1.838762863317772445e-01
4.563357493626714501e+00,-1.691311671240780523e-02
2.096408632151111728e+00,4.588921736019515585e-01
1.685002317787092085e+00,2.710046424956833455e-01
3.175512428886636762e+00,-2.769686126105613821e-01
1.571883609039223195e+00,-5.936716427439836519e-02
2.033154547547353364e-01,2.863802381469684466e-01
7.998446607259001029e-01,7.671140991112138652e-01
2.846442180537906097e+00,7.922244691257601668e-02
1.282410863561529890e+00,-5.067406078472974640e-01
-1.066780770363009445e+00,2.881743362118169838e-01
-1.294329373823147389e+00,1.479431684808271141e-01
1.359895512051267075e-01,-1.556880676020443721e-01
-3.752092261750266555e+00,1.518979315036300126e-01
-3.277587779077634877e+00,6.355615928842626161e-01
-1.570313737306468838e+00,7.494702834768721678e-01
-1.074065908654220802e+00,1.444601350886734359e+00
1.812686362600995249e+00,7.426558589955319922e-01
3.414795573814070728e+00,1.572047458549337806e+00
4.982900606168716884e+00,2.341200001856433288e-01
4.285728406076520614e+00,2.071274839867115469e-02
1.983350081245604413e+00,1.317535205910183582e-01
5.641838263036903500e-01,-8.546092021298634656e-03
-1.333889100609374045e+00,-2.709407271881096868e-01
-2.100334745229154532e+00,2.203568204787717255e-01
-2.418168931142031242e-01,-2.620801999064285570e-01
8.256473707049005739e-01,-6.000748306747382133e-01
1.560918536032607218e-01,4.512541017519450248e-02
-5.919163035109079596e-01,6.360239947524614079e-01
3.682572005260511983e+00,2.475051650446132012e-01
5.757428385246767810e+00,-4.558686704130097689e-01
2.704284736615697682e+00,-9.058838047108284108e-01
-7.380763219178310131e-02,-8.020082076512988767e-01
-2.495880414764397592e-01,-1.008414891964819482e+00
-3.073084746107806353e+00,-3.216854581368630006e-01
1.141250748078028732e+00,-1.018887798768481456e+00
6.801469618741017298e-01,-1.383326420178721428e+00
-3.692805770228123396e+00,-3.661501715822254588e-01
-3.612730859488488822e+00,3.008014690151138426e-01
-4.966821037322915799e+00,8.101962278470149492e-01
-5.339259280171104294e+00,1.446238266771709746e+00
-1.953543515141017872e+00,1.057765195738869402e+00
1.711108096840102011e+00,-7.240441365520642325e-01
-4.183158440668035549e-01,-7.943449939432543072e-01
-4.503167308157726367e+00,5.589932534148390753e-01
-3.800246489776192949e+00,8.833101257543539697e-01
-3.088859476031216023e-01,4.412746779180169998e-01
2.498163246956441874e+00,-1.056793212333601684e+00
1.288880568682335914e+00,-9.847732059135989591e-01
4.733369913848436417e-01,-1.465574249302034726e+00
-3.577735110436734978e+00,1.565382209679551662e-01
-1.543610784342209774e+00,-6.924192536926554453e-03
-1.427551337914759078e+00,3.830474763102347802e-01
-1.756788869994128532e+00,9.792511986397665069e-01
-2.681746923208282229e+00,2.933131991994238907e-01
1.723037269231347812e-02,-3.558430481282179314e-01
1.101211867459631621e-01,-1.078761188234139468e+00
-1.750507938570752486e+00,-4.517815530494910248e-01
-1.111693081369545810e+00,-6.189817515607052290e-01
-1.610813222173250514e+00,-6.481315502932118999e-01
-2.897107483210737300e+00,3.134397758368497877e-01
-3.448001050327037298e+00,5.362680382930229417e-01
-2.614128325975444866e+00,8.705347141315266102e-01
-1.255655305867710902e+00,1.547199382534887091e+00
5.686340172707534668e-01,7.953736810890942310e-01
2.585998323458301940e+00,-1.233363091164865338e-01
-1.623010642886220767e+00,6.846060114360061344e-02
-1.642011626038949013e+00,2.328248453109373062e-01
1.757959409311324217e+00,-1.648392148066081808e-01
5.779116638507916237e-01,-5.021081127784586817e-01
1.373653413067584594e+00,-1.176227733092649608e+00
-1.719524850084327205e+00,-4.353395555243687598e-01
-3.775172487995196668e+00,-3.210816465830826361e-01
-3.322545672516154625e+00,-5.870611543581034653e-01
-1.665113476136728776e+00,-1.816688739512704320e-01
-7.013167871108806350e-01,-1.683329769839371215e-01
-1.767855942991516160e+00,5.542498395427155611e-01
2.057159973245601847e+00,-1.294252091337877886e+00
-3.149447226364576302e+00,9.180115180930006336e-01
1.170142812186891312e+00,7.585514999050891882e-01
3.139779847168040483e+00,-3.399285946549970294e-01
1.249970727218661093e-01,6.781954998211121577e-01
2.942959742734545969e+00,-3.461483087414557458e-01
8.833570415771967443e-01,2.209524942926208713e-01
-4.056507792375402488e+00,7.955897187413913940e-01
-8.580961569602115757e-01,-5.758019435461944058e-01
-1.347239138555116345e-01,-1.249179072276570768e+00
-1.705545822154113988e+00,-1.181729127907199750e+00
-3.699743594813188707e+00,-3.532978473068875136e-01
-4.255042077015458446e+00,6.031803809030766850e-01
-1.599569158607866637e+00,9.219235345812037963e-02
-1.607811560075290913e+00,5.804751124950989771e-01
2.591815641167699025e-01,3.088942752173102213e-01
1.507064494539438471e+00,-6.585906781442375513e-01
6.198052754081809779e-01,-3.466129225836087069e-02
2.322803472245008605e-01,2.022954121100773994e-01
3.081570407436414083e+00,-4.505654037045551119e-01
6.391200729988323559e+00,-2.694013132966743385e+00
1.760101820820491936e+00,-8.206923721624452828e-01
-1.760474398368583326e+00,1.305800262890545183e-01
-3.275481772994356167e+00,1.180461822907698188e+00
4.056087644619769783e+00,-9.937231332126924555e-01
9.400928559591603673e-01,-3.157555911169496188e-01
-9.539079171757509634e-01,-5.080767089274024206e-02
2.252444002929214317e+00,-5.404473848214558229e-01
1.018313941108274667e+00,-2.163306102296695399e-01
1.030161482110444560e+00,-8.438895352164174080e-01
4.499452120460799343e+00,-3.165436531424622668e+00
-4.427413981188796477e+00,-7.454215813213209696e-01
-5.537492430822546829e+00,2.543692070632597169e-02
-2.776534824157843140e+00,-2.937474503073847498e-01
-1.968538997016159975e+00,9.220367695304099165e-03
-2.824446864697578441e+00,6.491132544160336248e-01
6.271607385248455513e-01,-4.155703581239705846e-01
1.906443289812754127e+00,-1.044249910263771230e+00
4.665098210300122616e-02,-1.909795586868432427e-01
7.829675692520581265e-01,-5.097624594284860811e-01
-9.381654000277546146e-01,-6.733747753010108639e-01
-2.757623817304723168e+00,9.886844854470377975e-02
-1.341014326880772822e+00,-5.959642816159960166e-01
-9.980362950574670489e-01,-4.046282932747229388e-01
-2.288180408561413692e+00,2.257418105569164168e-01
-1.627550435889600022e+00,-1.085277001369659433e-01
1.292482647611604696e-01,-6.219672640110557316e-01
-1.236096059941904413e+00,-9.272248763800966520e-02
-2.794696040390231229e+00,6.306082338411557187e-01
-2.174200141044017265e+00,1.567551238341602815e+00
-2.036006397008845337e+00,1.290766003699657771e+00
1.126634500572626596e+00,-7.295980164284843195e-02
-1.248314585206562910e+00,8.002059610488314600e-01
-1.410582066849171312e+00,7.344038612711704106e-01
2.646622069756813911e+00,-2.696412938422754202e-01
3.164599630528831753e+00,-6.295638869414704741e-01
5.334319481017893771e+00,-8.844113478771189474e-01
1.194581996110937627e+00,-3.601102736438829277e-01
-2.755275852050332874e-01,6.282687982077717059e-02
-1.250775101115620291e+00,6.336530600666676616e-01
-8.492604230760589790e-01,5.139967904232867202e-01
-1.141842707811623558e+00,-4.888448774668637808e-01
-1.032723426745680850e+00,-5.911755475657697323e-01
-5.408581506932739202e-01,-2.371940690374911009e-01
-1.246916868968111380e+00,-2.121758575603940877e-01
-1.475218274510676331e+00,-7.229138542203285001e-01
-4.326680226306384824e+00,2.094311081861986168e-01
-3.060135037910881817e+00,7.085940561561056006e-01
-2.968852678349179097e+00,5.902963358886267331e-01
1.726337537474879336e-01,1.761508331589220488e-02
1.485883774629719767e+00,-3.925467342448737407e-01
-6.926319095758459721e-01,3.149705417525108797e-01
-2.267257346171215104e+00,2.784738698699660286e-01
-5.992740064304937775e+00,2.539860764508671265e-01
-7.090091448825130982e+00,1.276872381415146140e+00
-2.313628448705335572e+00,5.195918334703573116e-01
-4.440539121300799419e-01,6.477897917457577925e-01
-2.233950297025169451e+00,9.623974309022133022e-01
9.694285229937895654e-01,1.913239227179064361e-01
2.575294384417982752e+00,-3.212432786606510549e-01
-5.290220044959426104e-02,1.213785353242404108e+00
5.147587610411358261e-01,1.986552597027224643e-01
-3.313974897185267388e+00,1.425797964158114439e+00
3.043712093081533343e+00,4.490609293204664287e-01
1.939551072086824313e+00,2.569768631267398407e-01
3.246667420627744161e+00,-8.035457209394131217e-02
-8.779574771043174852e-02,8.465220053455461136e-01
2.394477006140926179e+00,3.795540779562929234e-01
2.358658869133686942e+00,-1.838511800559325393e-02
1.738675162487949510e+00,4.170927522674289234e-02
1.985157826030883754e+00,-4.843423326958155029e-01
3.488151529043166388e-01,-3.793372063601117006e-01
-1.470197183203358460e+00,5.898571145717423914e-02
-3.111517040722203475e+00,1.198211323380106608e+00
1.054928744146175879e+00,1.511876706775690249e-01
-7.993326446511022088e-01,3.056109328945506576e-01
2.294052178491320149e+00,-3.734342037859045282e-01
3.498923298593823006e+00,2.214653602635568985e-02
2.682615602935153554e+00,-6.351220823852974373e-01
2.694591781988107115e+00,-4.816212746481245421e-01
1.727695248852211041e+00,-3.497355492906936703e-01
3.972758421144998442e-01,-8.215835543820657616e-01
9.890695175800723327e-01,-6.188776480749668130e-01
2.180430678722269366e+00,-1.472367716935621962e+00
-1.942380432252401867e+00,-3.890368824655485724e-01
-3.052113117165299983e+00,4.642908891675321392e-01
-6.802823782143905262e-01,4.360182817891344875e-01
2.767319603907358316e-01,1.680539848294005933e-01
6.399500925670469353e-01,-6.567135908783314768e-01
8.951524204898826387e-01,-9.859538718522311562e-01
-1.890721770516490485e+00,-9.083040633941255049e-01
-8.069728045125847959e-01,-7.422837415377157022e-01
-2.788868745258268333e+00,4.502641280812913482e-02
-1.109285902119480749e+00,6.730756197191438694e-01
-3.340877591307410910e+00,2.026172789020646459e+00
5.747965709417846014e+00,-7.643115404197724505e-01
3.969838951641139424e+00,-1.086885522705867135e+00
-1.497470765145295202e+00,-3.785973362489157279e-01
-2.878942073006599545e-01,-7.345633173086815182e-01
3.576401969792153412e-01,-1.422097188925583344e+00
-1.776376991694206708e+00,4.700307420555863702e-01
2.191216936459579046e-01,1.169385966864830539e+00
-2.350052714120667297e-01,1.473709089815955275e+00
1.499412075470237138e+00,7.586585022012779511e-01
2.247885987679870468e+00,5.683375066755494975e-01
-6.719009349035129919e-01,1.456669174569550584e+00
1.542033234742832271e+00,1.276837753198839742e+00
2.724893191043151308e+00,7.918332094208743177e-01
4.750796149892153153e+00,-3.780364072559261324e-02
3.596561309912882365e+00,2.936966903675843898e-01
7.416937764236156694e-01,4.106717790835748838e-01
1.548910308392162039e+00,-2.472096434745481019e-01
1.369186605087862940e+00,-3.733790155694500790e-01
2.639742333221052561e+00,-7.754142923593886350e-01
-7.626715052201841205e-01,-9.415626508306482179e-02
4.845417129478311935e+00,-2.541212967186754490e-01
5.403514295204397300e+00,-1.077413408031168363e+00
-1.001095980990792000e+00,5.147823740351471500e-01
3.545695680025032104e+00,-1.208804144930928359e+00
3.613089346389300793e+00,-1.479927076197935731e+00
-3.455424290897920470e-01,-8.519269989414063327e-01
-2.026185426802688205e+00,3.949357433379607762e-02
-2.497102962148532779e+00,1.238428093438694866e+00
-3.385384925814042267e-01,1.023269252539159790e+00
2.159462898436024236e+00,5.086211989785893728e-01
3.016047616497299799e+00,-2.443313630453616825e-01
1.885964366748991372e+00,-3.705203770051775369e-01
4.835038983022065806e-01,-3.938340662260654823e-01
-1.843657591422249720e+00,4.187862681478332627e-01
9.957099981140916656e-01,-3.851273983360006259e-01
-5.844094939010691103e-01,4.720013714445089881e-01
4.587794331747948595e-01,1.947048632693647863e-01
-1.698485028507451533e-01,1.972139394909744325e-02
5.860110964914392317e-01,-3.853155191142734748e-01
1.170466160407650058e+00,-1.911981042072179449e-01
-3.594853361605447883e-01,-6.441527553532708783e-01
-3.529735821862707290e+00,-2.973408335461257823e-01
-3.577913603810119803e+00,4.111809057714389537e-01
-3.166570475485626535e+00,3.139572601670495011e-01
-1.790221399443749251e+00,3.941313389663883004e-01
-1.193312183720667008e+01,1.050628980533254042e+00
-6.366253672191875879e+00,6.038586993362180522e-01
-2.695238891163841632e+00,-5.657700418904823003e-01
-1.415299849908196794e+00,-8.036961041487913349e-01
-1.085774006148012560e+00,-5.388017330812364669e-01
-4.094308828856986437e+00,7.815673450802653743e-01
-6.534792907034213671e-01,6.583096785122056760e-01
1.632750518446684840e+00,2.279452520133980198e-01
9.128795310557340503e-01,2.064705867693909513e-01
4.418681140226552451e+00,2.213198283789934995e-01
4.301225935997104344e+00,-3.422530805364353279e-01
3.389689190912346994e+00,-7.244069049263599513e-01
2.453680496844901970e+00,-7.371450207771582663e-01
8.853690258270009439e-01,-5.195712266881535868e-01
-2.482929236791409533e+00,-6.514475422475358712e-01
-1.601043713393191847e+00,-5.702661341714704291e-01
-5.542076178914574491e-01,-4.517201150638938678e-02
1.266156910379920841e+00,-6.648127479107098781e-01
5.506878222573270421e-01,-9.655547552403805911e-01
-5.914639348758201631e-01,9.046998270102585282e-02
1.243274228917902846e+00,-4.435370754159376760e-01
-5.839457227358763047e-02,1.127697930944356330e-01
1.652149046549637790e+00,-5.848946915134972668e-02
2.086680466251654709e-01,9.115623497408953391e-02
3.075614020012363614e+00,-1.029855401361656764e+00
-9.375011913115168793e-01,2.672541480278266546e-01
-2.190112515997535425e+00,1.914614902562351006e-01
-1.683474934254554967e+00,2.725066061261335326e-01
-9.674786445066465568e-01,2.882932736035970223e-01
4.872565004413629275e-01,2.519829181250581307e-01
-7.775918604824583191e-02,-3.859422195231339003e-01
-9.966865338012151354e-02,7.121231530866709014e-02
3.282158485858038266e-01,-2.976455438495689831e-01
3.956461561884813127e-01,-4.709146362473778380e-01
-1.306867208169911754e+00,-1.837693146297909585e-01
-2.383546853045085179e+00,-1.436393933938682199e-01
-1.477571100322975006e+00,-5.235096562329100145e-01
-2.247540846370152945e+00,-1.691264618961702826e-01
-1.337776365485650709e+00,2.384502880558573845e-01
-4.568020592781238953e+00,-3.617160609769211332e-02
-3.239707157773086266e+00,-2.780088903166409997e-01
-4.544168756409745491e+00,5.451504694490465486e-01
-2.830359919581516337e+00,4.908696015489826814e-01
-3.022661260900652902e+00,8.085948955836125274e-01
-3.577761274165602412e+00,1.529132400115210455e+00
2.641643598867711162e+00,-5.284824818990274675e-01
4.032913815100498844e+00,-1.666284884125996957e+00
1.183957677485951487e+00,-1.630916918642450586e+00
-7.229787596276435746e-01,-5.828734916620870177e-01
2.235620874352703069e+00,-5.008687067175097152e-01
-1.624488066589096391e+00,2.587701020880538438e-01
-1.016768349360050117e+00,7.414790043808785480e-01
3.964672496226813614e+00,-1.023951177728978923e+00
3.391968377253701483e+00,-1.951674901291013953e+00
2.341375616395129367e-01,-1.620906735390452491e+00
-3.827884251605903287e+00,2.446671823682412539e-01
-1.099527174848249578e+00,-1.079032874752360316e+00
-5.879173928232769519e+00,-1.391131317322334138e-01
-6.222568743720547246e+00,3.390797321699928757e-02
-7.042230741149167805e+00,-1.659194125016698884e-01
-5.921541773448695700e+00,-2.899544606978093353e-01
-4.247634242484909173e+00,-2.230274743394543568e-01
-2.360915656302361221e+00,-2.115786346875248025e-01
-4.703245946474215344e+00,1.868917780559035791e+00
4.951845719212172314e-01,4.224349109841946115e-01
3.007034255447746940e-01,5.662264278206232682e-01
2.015535295005987493e+00,-2.528589595148809099e-01
1.353085610079292511e+00,-1.364364543315326750e-01
5.896189150361311748e-01,1.457406108794394584e-01
1.872229088382096451e+00,-2.999664255875245100e-01
3.365080907786895281e+00,-1.097609410374969618e+00
-3.466730810803940965e+00,3.258375795821525367e-01
-1.850979017150983452e+00,-1.470974546481815248e-02
-1.833464557942200868e+00,-2.314680536817868006e-01
-2.629989482219305952e+00,5.282297502170377190e-02
-2.647767487226649674e+00,2.475051840074493914e-01
-1.048836996245660513e+00,1.526595869755598689e-01
8.580908572201448870e-01,-4.492783599384193582e-01
5.160635247162559391e-01,-3.051117003717127019e-01
-1.505709450425614992e+00,7.166786439202244008e-02
-2.768529216552826799e+00,7.847006884353445733e-01
-2.079670449803511900e+00,7.729504120258011424e-02
-6.495219720653875317e-01,1.932233731287090750e-01
2.055985691401369664e+00,-4.295318125999665337e-01
2.587183737636453262e+00,-1.108792959802838762e+00
-3.096767011660269908e+00,8.650957152957896579e-01
-1.276725549728806808e+00,1.902791963036086775e-01
-5.145103262219026252e-01,6.418316759610112054e-01
-3.712201743129059928e-01,2.335465042957624027e-01
-8.834230728219973905e-01,2.437486594591030675e-01
-5.221971335418045257e+00,2.312996485813535674e+00
2.972454111685934874e-01,9.508321743321391795e-01
3.023444856203740372e+00,-1.357854956762210019e-01
2.415839004423927960e+00,-2.943822496739101346e-02
5.919988862666139440e+00,-2.120511982192879508e+00
-4.699670260368116748e-01,-4.690810703445575380e-01
-1.525466586561952109e+00,-1.644764831573858055e-01
-1.426771355663395635e+00,-3.208189164078406597e-02
-8.839781763736089815e-01,-3.343486302893914353e-01
-1.717907844156460362e+00,2.834962743531770357e-01
-1.208482982842905340e+00,2.776135492800133608e-01
-1.618587817414044894e+00,5.216366011064414998e-01
2.792340318549569211e+00,-1.530042979401944059e-01
-9.670191551622236981e-02,8.456189428158805699e-02
-4.650432897296914447e-01,1.226798432946060030e-01
4.116743736504457907e+00,6.990150907854372764e-02
2.921519858507309664e+00,3.060161819199620492e-01
3.986312926800919865e+00,1.676995254830909721e-01
3.701079154672198612e+00,-4.004517069520633354e-01
2.807555782625503316e+00,-1.199979448313350350e+00
1.496304465864273014e+00,-1.630941314027038569e+00
-2.520345666535179774e+00,2.009843392305632470e-02
-1.281403789643502433e+00,-9.370065494437642695e-01
-4.004776236656047317e+00,-2.229414228737848225e-01
-4.677449350724210753e+00,4.615341365963960829e-01
-2.527207207097200148e-01,-3.652363643699846341e-02
-1.700413826648507820e+00,6.372448999568134376e-01
-6.542669720617443341e-01,8.234403309710973673e-01
-1.114433868470344091e+00,2.539848880732338721e+00
1.835230366431951365e+00,1.256213376452541164e+00
-3.001304783323293091e-01,1.512812770873088075e+00
-3.164528691824259443e+00,2.258183459429852658e+00
3.515007214918838940e+00,6.580119229303047490e-01
3.073612716506000986e+00,6.481495260457840191e-01
4.399952563276654516e+00,4.950885968359646228e-01
5.021255564423447559e+00,1.492310301505597459e-01
2.803835950292044021e+00,6.620972413845372939e-01
1.767193944624078972e+00,4.867837907285144650e-01
1.842878056339908532e+00,3.518233049642606192e-01
3.896563659528575752e-01,7.595579042029527717e-01
4.002619965739014241e+00,-4.433117707869617119e-01
1.606110856870665904e+00,3.348479835643697888e-01
5.440101593235939781e-01,3.594220475769022149e-01
1.551710177382429112e+00,6.186756318129521537e-01
2.038467216797006820e+00,-7.149605299247627777e-01
-5.757510372946428312e-02,-9.248177154796857202e-01
-8.413096119344870560e-01,-7.749930994771973003e-01
-1.089235479326443823e+00,-1.001494485119472699e+00
-3.516783251377896047e+00,-2.281449120916048678e-01
-5.809280742589704616e+00,6.352769624969444306e-01
-4.866000159148138771e+00,7.256236457663716166e-01
-2.476563917600979714e+00,4.236786054082893327e-01
-3.606725686620952942e+00,1.324492654657219992e-01
-1.949389793603359289e+00,5.314660906378847194e-02
-6.297380558500984549e-01,3.342307377181070738e-01
-2.540984684701172447e-02,2.036453986679653827e-01
4.492697360163033782e-02,1.586825402155377929e-01
-2.273478133671051005e+00,4.920863766750789292e-01
1.769843549323250054e-01,1.108192038665659629e-01
-1.298446609406270769e+00,6.419466557381376948e-01
-5.547824251989357247e-01,8.024033385853852618e-01
1.152981574134216425e+00,5.674085153968972950e-01
2.468473464664203476e+00,-4.509155066746217688e-02
3.402741567538832168e+00,-1.417078166033464592e+00
3.193557818651963642e-01,-2.899596905627416232e-02
1.536330494470955266e+00,-6.349182120860205614e-02
2.473388470853717713e+00,2.812345743679766086e-01
3.050568087162534248e+00,-2.942750719346759469e-02
1.192295691743738839e-01,-5.483978671630416191e-01
-1.463216241847995924e+00,5.402168904559524476e-01
-3.532435199403150428e+00,1.069036165623638013e+00
-3.109900954619113644e-01,6.722664390542372193e-01
-1.547870197836188177e+00,7.628677978942879356e-01
6.640359373607718219e-02,1.018149056834379396e+00
5.946297905712720766e-01,7.657031668520875023e-01
9.769136664888021793e-01,4.570339866723683864e-01
9.771325618209125707e-01,-2.403568218660612210e-01
-1.113741383558631615e+00,3.698443174271584533e-02
-1.962395024425866108e+00,2.092940856270008310e-01
-2.119805957416510900e+00,4.882280091385513554e-01
1.611873858104652557e+00,-3.199732342645907335e-01
1.179043494176099216e+00,-4.766040250078276697e-01
1.105778953409245480e-01,-7.352446707626778544e-01
-1.325522992089837926e+00,-5.979707541691341444e-01
-3.086712087079855227e+00,8.826739471420452787e-01
-3.198572301771763993e+00,9.255386086016335057e-01
-1.765369983103436180e+00,4.491381737535649066e-01
5.786104445905615457e-01,3.103676852205278225e-01
-2.457956855366968396e-01,1.021251726903767976e-01
3.051152305471330539e+00,-1.265249522654239289e+00
9.873994220089200580e-01,-5.992899520981406214e-01
-1.017039143766078180e+00,-4.501200782608852369e-01
-8.982296233341452441e-02,-4.641990357935104616e-01
-8.961448987959389489e-01,1.991368355988466510e-01
-1.148653880310733122e+00,9.619356027035788070e-01
-1.516666366556080892e+00,1.131527696354377222e+00
1.200621873401558570e+00,8.824941173758503732e-01
-4.411294355092236774e-01,3.071646347945888866e-01
1.345543165003245001e+00,7.403670731523348536e-02
4.219033627283663712e-01,7.084566476376501498e-01
1.171374920586704116e-01,8.557377930774204833e-01
4.009123742192195472e+00,-3.036999228037207121e-01
2.953620561377514164e+00,-1.580295710034226586e-01
1.589774398658301280e+00,-8.065375965457449725e-01
8.461932003351568810e-01,-4.579487431707842671e-01
8.348252794757839990e-01,7.163120254276950094e-02
-6.916721804415004726e-02,1.056600552350337008e+00
-1.489338869932700815e+00,1.800377749220352763e+00
4.193142581959394377e+00,5.372972780975208140e-01
3.078151241108247227e+00,5.861441770730410616e-02
1.295963805015461823e+00,3.911792037018161361e-01
1.733539465417910819e+00,4.792163089543529653e-01
3.537446739991999323e+00,-4.110955606451316413e-01
3.068977827526629731e+00,-1.157195311362038348e+00
1.388404938319393933e+00,-1.337738668408074094e+00
-2.406188861166602688e+00,-4.185922804069724945e-01
-4.315523568138979194e+00,-3.040642780197322925e-01
-3.826820703691210301e+00,-2.407574335943133415e-01
2.498850554085008113e-01,-1.814304459859112262e+00
2.526277498714786240e-01,-2.442550604878575005e+00
-7.026461644003913598e+00,2.407226791178578018e-01
-4.406911438136372539e+00,8.230899354361191911e-01
-5.409883413758792559e-01,-2.743578610649292093e-01
9.603622534603581951e-01,-3.402245842194443481e-01
4.058514150555774691e+00,-1.196811486925723589e+00
3.588932286495492452e+00,-6.955115976351674556e-01
1.103972320685668196e+00,-3.910309256528552574e-02
5.008586945842739002e-01,-1.410102413072452376e-01
2.553372548255004926e+00,-4.661029879531746745e-01
-8.867832211204998427e-02,6.492172737797188842e-02
-9.383774032658723785e-01,-1.525888453444784743e-01
-2.787510486800884646e+00,5.641798773934368905e-01
-4.159122688015763458e+00,1.184247349505516134e+00
2.759095363634760933e-01,-2.760317926525036047e-01
6.552478151019837105e-01,3.748502036789856939e-01
2.846374474884215688e-01,7.485366347515493013e-01
-2.411258466505628029e-02,1.092537423143686182e+00
1.855974049410610061e+00,1.560205978918047243e-01
2.042229597663747231e+00,-4.671076720785204417e-01
-5.858423590246142343e-01,4.119449511687793830e-01
2.246490209009472938e+00,-7.264474652851451442e-01
4.263811277991389481e+00,-1.751991582833362537e+00
4.359445966437817122e-01,-3.037862579172191380e-01
-2.064111205134681271e+00,5.137009247908093101e-01
-2.253160527242908717e+00,4.553389907001014203e-01
-7.809583019115513558e-01,-4.519331447269820390e-01
4.037639864788323152e+00,-1.835551556468187684e+00
6.288430791852137602e-01,-1.859321533880560429e+00
-5.579169934471201131e+00,1.794636086376567019e-01
-3.508189941549067825e+00,1.082330625278020930e+00
-2.769901509350886637e-01,1.176781433463338078e-01
6.279774070472153857e-01,-6.954044868229256604e-01
2.392119778754266513e+00,-6.668117177482498770e-01
2.230379072580705113e+00,-1.272351465046642538e+00
5.092171509766567628e-01,-1.316534090866506856e+00
-1.907535110988181293e+00,7.504850154784953320e-02
-2.097595643643002550e+00,2.586343547113386654e-01
-1.312861488784638153e+00,6.906650949103343429e-02
-3.010274305284688090e+00,-6.119568785795771737e-02
-5.287502165222721651e+00,-2.947248583754593088e-01
-2.798076439666739912e+00,-1.025349305124535260e+00
-4.463755396285785437e+00,-4.269203657428988219e-01
-3.403331466168832087e+00,-2.814028852177183904e-01
2.645123656682069613e-01,-3.206413127899441773e-01
-1.957149564120930219e+00,8.372554734464267012e-01
-3.072135851835052556e+00,1.245394644245531923e+00
4.816229763099431072e-01,4.616197663048731137e-01
-1.304214680040007845e+00,1.218456552610821531e+00
4.963762974484986490e-01,1.563619239005104467e+00
1.944278145323377505e+00,1.291918256925186359e+00
4.532106598580933898e+00,1.141941276652830572e-01
3.093312202325112281e+00,1.361991613562421599e-01
2.939054802945304523e+00,-5.525638611230704322e-01
3.278859463054306644e+00,-6.932112466637996295e-01
1.569983019855041517e+00,-3.793584916296552367e-01
1.255236484452416201e+00,-2.534479548588086661e-01
1.317713075159591130e+00,-6.204219338801968409e-01
7.742126511329002758e-01,-7.163620903215128788e-01
-3.036078916443759379e+00,2.408029547884173449e-01
-3.204994624235356859e+00,1.153691406523752017e+00
-1.593160161367729533e+00,1.431698400026897744e+00
-1.081947041975894308e+00,1.826186362245319605e+00
-7.392037414585610478e-01,6.014057455382869621e-01
-4.069581019822980927e-01,1.404262764635745953e+00
-2.256578383939623622e-01,3.061904119690078696e-01
-2.202914614125128789e+00,8.872825662767284127e-01
-3.865190117550357574e+00,1.370295132234406577e+00
-6.848192529202081769e-01,1.483615775416887161e-01
-1.722791445906893593e+00,1.095743456792621640e+00
-4.868829545567329831e+00,1.032990951125974721e+00
-1.694028650261643509e+00,6.242075104137412289e-01
-1.878683202196751001e+00,4.932826338315708936e-01
2.768942323787837445e-02,4.125743186346984004e-01
2.738642180465534537e+00,-5.742734729300915664e-01
4.079931493359788552e-01,-4.607258991314996388e-01
6.239010253424133179e-01,-5.494071092385506283e-01
-2.383148638189457991e+00,-5.261686727978309719e-01
-1.324133334129752315e-01,-1.633669576663564493e-01
1.557071942689512767e+00,-3.280096332478685817e-01
2.835750435421224402e+00,-3.750513485576669748e-01
8.135233645706315686e-01,-8.958503753675229886e-01
-8.789351976589134807e-01,-4.209825134845688321e-01
-4.047704092267544240e+00,1.164881693033314569e+00
-4.459910205875642575e+00,2.098503458185736914e+00
-5.510650683204283418e+00,4.755720079936104128e+00
1.054361053150962668e+01,-7.212126652992784104e-01
8.487398872301172403e+00,-5.925026836757241178e-01
6.784574650202419122e+00,-1.381286976834897207e+00
9.947510339986951333e-01,2.767302857514526426e-01
2.696684734391348037e+00,3.076082286457848536e-01
6.748375097951996082e+00,-1.433713136502279273e+00
2.771904423949415275e+00,-6.619930719005198139e-01
1.707806886923759482e+00,-6.707415299487501370e-01
-1.501312398303989548e+00,5.147664198722662343e-02
-3.459956969174256436e+00,8.088039565462502578e-01
1.254881546101871193e+00,-3.563432578918930282e-01
3.092554495875140308e+00,-4.422408682549053838e-01
2.585996874168249526e+00,-3.866524156447192495e-01
-5.779893269032100322e-01,6.029950288540705250e-01
-1.432457032284372378e+00,1.165139187253094732e+00
-1.681395218096801703e+00,9.061021491597700539e-01
8.030474772698372732e-01,1.235367220456772941e+00
-7.257632659677548670e-01,6.437336525332391091e-01
-2.108509623877722561e+00,9.067999811620697237e-01
3.663577550499183655e+00,3.767431018351010685e-01
3.980580176882161592e+00,-1.530096066624300755e-01
3.184986209776674571e+00,-4.632637926292044739e-01
2.969934607373868385e+00,-1.653029268302066979e-01
1.284799145593609859e+00,4.288006704584566009e-01
-8.627132413679725609e-01,1.675474821518305735e-01
8.747284193474300640e-01,-9.125913298170198473e-01
-6.606843714994826700e-01,-4.674061737687290607e-01
-5.851378525603517788e-01,-4.141853972088090918e-01
-1.630783179514526893e+00,3.965641320936341696e-01
-4.118266906152380225e-01,-4.620812098088180608e-01
-1.299204950558773941e+00,5.245636190321854020e-01
4.328402909190013359e-01,-4.337612085461279854e-01
6.687611457873927634e-01,-7.331053346370147716e-02
2.751967278429680697e+00,-7.301586345918746890e-01
2.436624708906523828e+00,-1.059667201648067270e+00
-4.479520832898687410e-01,-4.054277217232024610e-01
2.301259601557399392e+00,-1.173110149994074231e-01
1.558612907516257362e+00,-3.351567539517387728e-01
2.294395470936145820e-01,-1.146230427265727769e+00
-1.096315154625400190e+00,-4.638313222244901946e-01
-2.904617526748390688e+00,4.667125135984182549e-01
-3.900232532278280484e-01,-5.599670145059805204e-01
4.222038597444357499e-01,-8.584774346111347931e-01
-8.551790352226331660e-01,-1.727416672150499322e+00
-3.911155343349410618e+00,-1.089040953112854482e-01
-4.281026154522523441e+00,-3.687061080603705188e-01
-2.359825009829034759e+00,-2.344413615352717306e-01
7.332980291850990096e-01,-1.975591607531442140e+00
-5.433886063141549982e+00,2.955075468272172490e-01
-5.047207364291903531e+00,1.003428402719063417e+00
-2.558947465917480457e+00,3.395867104145673387e-01
-1.735359380418104891e+00,4.509396724371331211e-01
2.162482697616586513e+00,-3.996248438667394653e-01
-7.423272964785174732e-01,2.993891656265573187e-01
-3.547040748574128877e+00,5.307950512190225956e-01
-2.164730028218876612e+00,4.183726654913312859e-01
-2.746606176783404685e+00,5.003157313247970084e-01
-8.177005904847456375e-01,7.394508747293315754e-01
5.077513764261091245e-01,4.584707218171614196e-01
7.503686778235049148e-01,3.366927505637405948e-01
-4.346771827445000680e-01,3.291751369094870761e-01
-7.026979434245645972e-01,-4.205184026971595657e-01
-1.920921831779414335e+00,-9.574543144042138021e-01
-5.308725060803562990e+00,8.984084947536183918e-01
-3.207325154403499301e+00,4.088024513228528112e-01
-2.812389018797318396e+00,1.347350704055987336e+00
1.271445582492699566e+00,2.703580417285647020e-01
-2.493233150468141535e-01,6.651456197852322338e-01
1.740111833654803819e+00,2.644244933857906044e-01
3.113710822189451832e+00,-1.750837335866267663e-01
1.956130498780608740e+00,-8.208649538681278557e-02
1.717857870194510195e+00,-2.203701487891950306e-01
1.816734529569797640e+00,1.370960449609273379e-01
2.658794849689601225e+00,-4.391445125974950681e-02
3.183837181630895685e+00,-1.620464798184034771e-01
3.979137864749764830e+00,-1.817109012235512466e+00
2.164445434294834936e-01,-9.398541357762817405e-01
8.491826295446047723e-02,-6.450680675431752498e-01
-1.256851404280872497e+00,-3.163166962844191632e-01
-2.242156885546140010e+00,-2.194732877076727151e-02
1.292818417271056619e+00,-7.865939348508237394e-01
4.482850354606154886e-01,-9.653118966483612562e-01
1.121770708766150815e+00,-1.437400278962631894e+00
-1.873601751216603883e+00,-7.877688302655658781e-01
-1.247350052201641635e+00,-9.076159789084773388e-01
-1.103296259968610693e+00,-1.842894467473694897e+00
-3.902304410596262763e+00,-9.340258161686927352e-01
5.151766566430060479e-01,-1.466881633617615588e+00
-2.943004243848208912e+00,-7.696518234708817907e-01
-2.772750277027427490e+00,-4.951034870823192158e-01
-3.406103681070511424e+00,-1.181186917138568604e-02
-2.607808459692347647e+00,-3.505706319491086465e-01
6.592678184948976838e-01,-9.417897703869761994e-01
-2.580709455670243457e+00,1.592346539014777296e-02
-5.170846101676107587e+00,9.701203826743867165e-01
-2.367542530483447205e+00,-1.324123067584420665e-01
-1.595631789356519503e+00,-1.436559649540813388e-01
-1.387066553523017554e+00,-1.142660977950540890e-01
-2.764442268082242915e+00,8.376337790566160679e-01
-4.963009708082743998e-01,6.519900277939612021e-01
-4.224095312472931907e-01,3.499083163462429757e-01
-8.122153468664495835e-01,9.632478454298918358e-01
-8.887982586812541719e-01,2.935544719011421444e-01
-7.600806040315419843e-01,-4.311146478615854871e-01
-3.836431169102946015e+00,9.633066209758140985e-01
-5.424126095192926655e+00,1.970833898071982171e+00
3.453951707784497227e+00,-4.174296944758305594e-01
1.340769729412144784e+00,-7.277099395244206459e-01
-1.091548326804158586e+00,1.791587346245420986e-01
-1.062517826649879371e+00,4.771276846935379456e-01
2.003208709823406597e+00,-4.218099262486054157e-01
2.634370466379375664e+00,-5.926875504487927326e-01
4.336922368281172169e+00,-6.575428846856263831e-01
2.606246777807233794e+00,-2.324834505552945962e-01
-6.525406615502640228e-01,7.346319181772981155e-02
-3.908102849072077611e-01,2.620875763355196009e-01
-1.346777719515862559e+00,1.103459656617079343e+00
2.029818693165676535e+00,1.115916941475043389e+00
1.934771862075236326e+00,2.793154156736570304e-01
1.601670704865960415e+00,7.355215667744847696e-01
4.056814610383650432e+00,-1.098005540618822273e+00
-1.895789262732808789e+00,6.183734308906945198e-01
1.795781619591924061e-01,9.963466759002380657e-01
2.247521380282103021e+00,3.787176210524518249e-01
1.299597849280329509e-01,6.467469886316348227e-01
2.982563704399704640e+00,-1.207962867090168757e+00
1.430779248628019307e+00,-2.719190005001364874e+00
-7.877524740428531125e+00,4.080364485209792003e-01
-6.717045915639221931e+00,1.168006645709483760e+00
-1.043519496349599951e+00,-1.563554167248728533e-01
-3.539546158080179694e+00,7.248765123043920955e-01
-3.851450360749334223e+00,1.738543870720895335e+00
3.810358272491001230e-01,7.804391509709347474e-01
-1.495197261651364462e+00,1.773959103042272334e+00
4.539113915940149901e+00,2.025622851580309858e-01
3.536762560033130942e+00,4.799840775179614050e-01
4.769880827788644417e+00,-3.464923646714462846e-01
2.312403989325107379e+00,2.426736499216560761e-01
3.978236843057255889e+00,-7.130193503965480684e-01
2.506000498565672530e+00,-6.433587954560866518e-01
3.834191095212464151e-01,6.068825787613613132e-02
-6.063392288157612997e-01,4.369815116165783886e-01
6.935838160923555318e-01,-1.668470100000522538e-01
-8.144571140349359251e-01,3.055747018492254163e-01
-4.094756872495500244e-01,1.330581001123210538e-01
1.073132584508508458e+00,-4.147348917868993734e-01
-2.724173596365062622e-01,-3.925100308560807161e-01
-2.052051975445398635e-01,-2.000041588028807493e-01
-9.885311411021903139e-01,3.217782909641587752e-01
-1.719687097059295011e+00,-2.617180490303650520e-01
-7.036374792626581609e+00,7.989267581169233745e-01
-2.827311619297111722e+00,9.563094764060969810e-02
1.490939225638102938e-01,8.098258542388578340e-02
1.255389798309374028e+00,-2.980376152681459834e-01
-1.140343889550021750e-02,2.541701827665494573e-01
1.164433756751621640e+00,3.482847744003612633e-01
2.983682334119867718e+00,-6.082075800682887889e-01
2.315314484612526869e+00,-1.114205582172376419e+00
-7.290514285392580840e-01,-7.371618601640829160e-01
1.213406387891691640e+00,-7.156257266008230200e-01
-2.410372322088591979e-01,-6.504228722183308387e-01
-6.473605046089073722e-01,-4.423504038361542046e-01
2.755437245533725488e+00,-8.944291187407789057e-01
2.110376808393295001e+00,-1.079140027429521309e+00
-1.604314770553342706e+00,-2.882885400460115100e-01
-1.136328044975247087e+00,-1.039510218329069646e+00
-1.931850088379462482e+00,-4.842377780785944719e-01
-4.859752446015592753e+00,-6.002707101016111491e-01
-4.448670160555649566e+00,3.019830393668702095e-01
-6.401929819107710529e+00,2.054655202314919382e+00
2.236798359298578509e-01,-2.465656574454609951e-01
3.483125361321420810e-01,2.491567622637129720e-01
3.214684930142343244e+00,2.112138891747622482e-02
2.929559167155417754e+00,-6.639996740814664289e-01
2.692869930494330877e+00,-1.785452257506072726e+00
1.153478200559870048e+00,-2.479970566336920701e+00
-1.838970718215122702e+00,-9.120609125384264715e-01
-3.450401196880766630e+00,-2.534312394891168330e-01
-1.935333207825539192e+00,-9.899961725125705492e-02
1.232566837750083133e+00,-1.076895067744671142e+00
-1.466118606273800751e+00,-1.266895257226549276e+00
-4.838703895309357073e+00,-7.604475047822140121e-01
-2.681297048146148221e+00,-7.042184594208904524e-01
-2.856074568541005387e+00,-3.287077580470510463e-01
-5.250948946971428555e+00,7.369731382882879211e-01
-6.330088537541973537e+00,3.009989739550145593e+00
1.253959187944187370e+00,6.798969612557859143e-01
2.430094280836144982e+00,-2.126118289481440660e-02
1.259449596871644816e+00,2.354028127391162850e-01
4.575810949474814482e-01,5.727404428233113798e-01
1.333880256360099326e+00,5.771616464299564875e-01
2.359799255941946061e+00,-1.847290361185912611e-01
-9.693394725178687832e-01,1.079860521363729120e+00
2.080691416726355047e+00,1.694199423733347420e-01
3.927789755483654499e+00,-1.864921301395296160e-01
1.969384503324317359e+00,2.662755036664242181e-01
2.418974600516826445e+00,2.563841695473594862e-01
-2.090347481585511646e-01,6.374143058165181452e-01
2.728747796386693292e+00,-2.454249210807173398e-01
1.541844668839825516e+00,1.733875531783448942e-01
6.915449304608960457e-01,4.025149921296225508e-01
-1.912357302496680012e+00,6.449830638475595457e-01
-2.259604670186404096e+00,4.043550336620213015e-01
-1.302084270113761155e+00,7.852066971105362003e-02
-1.967361169035561907e+00,-2.328021116552073111e-01
-4.172666997144989232e+00,9.505194433508584728e-01
4.532599280669433739e-01,1.625433969997064354e-03
1.011192356876264631e+00,-2.452520038630499055e-01
-8.738393019181783794e-01,6.163464593391292379e-01
-2.534425209365099296e-01,9.250390013165155079e-02
1.009409415941784349e+00,4.639880869245055495e-01
1.782864347330741284e+00,4.755432054765573180e-01
4.317985555683907073e+00,-3.462304594339745689e-01
3.932954169237623088e+00,-5.382772234537195333e-01
2.616642621398311164e+00,-4.629166515003440563e-01
2.402918400394094434e+00,-1.474163809219338095e+00
-3.743547950228546251e-01,1.723929439678950626e-01
-2.125195206587808361e+00,5.053222912884832718e-01
7.354799443575338325e-03,8.299097553491438517e-02
7.207881718576502061e-01,4.909980739119469417e-01
-3.717729582369080910e-01,2.559188563366331937e-01
1.811422714674916001e+00,-3.730175846308643184e-01
2.149059982410783221e+00,-6.451399418827040710e-01
2.366159074077668123e+00,-2.092165481262766136e+00
-3.589252321772827159e+00,-3.026607455262527724e-01
-3.003026634508664916e+00,-4.746014640651871619e-01
-3.785486192032558872e-01,-1.531295183371616409e+00
-2.840823676701177636e+00,-1.107773118536619084e+00
-4.598621553370787041e+00,2.154371402204253994e-02
-1.581658077611107993e+00,3.827028299873483363e-02
-2.556684894170706102e+00,4.078914753651897152e-01
-3.837680103989645097e+00,1.212978032556207175e+00
-1.204502456467269278e+00,1.074720462480033278e+00
4.355604475942833176e+00,-7.419567404331038896e-01
4.192356287460552444e+00,-1.382218695720165647e+00
2.376407889597223488e-01,-1.050627722053803503e-01
-1.507524174089311053e+00,5.047429914612050483e-01
-1.950362127867419249e+00,-1.018290290658161595e-01
-1.583034127053501772e+00,-2.152303972923774456e-01
-1.006762774029112073e+00,4.025849623851137093e-01
1.440793933943116389e-01,-3.353357856225364086e-01
1.996823230449697784e+00,-4.751349391311381343e-01
-1.429226285683256048e+00,-1.150605745556711745e-01
-1.256807847719878746e+00,-4.418819371335587498e-02
5.385920427934033361e-01,-2.127686507282876560e-01
6.402839592474602881e-01,-1.009055782020723546e+00
-2.929922820512029347e+00,2.562447312798555865e-01
-4.352909007363425786e+00,-1.136410775193339440e-01
1.445363669556506414e-01,-8.969237245176867601e-01
-5.053143026445598984e+00,7.012053759930527708e-01
-2.415168134540516043e+00,8.159277499881514295e-01
1.084522318132132845e+00,-2.020973512063660715e-01
1.565396066391048890e+00,-3.432730745944286843e-01
2.303544974813730439e-01,-2.998458815299265279e-01
2.396493895003761754e+00,-6.456952531775508319e-01
1.112451998766261108e+00,-1.321751643430417456e-01
1.117655073334508309e+00,-2.067021361884244235e-01
-1.993170293625699419e+00,6.267489055545604204e-01
-8.737938421930542265e-01,1.578581382657950338e-01
-1.869468218296151951e+00,8.427760218899229550e-01
-1.831099532181493128e+00,9.408807911628824794e-01
2.948609119513317944e-01,2.195118673287976829e-01
-7.719083226768336248e-01,2.377407621643826963e-01
-3.085264005086866490e+00,8.763929449249072690e-01
1.010042015046797581e-01,4.037511753214081955e-01
-6.889830886640140317e-01,2.366071548474786290e-01
2.411851373174593416e+00,-1.299472007102579374e+00
1.776168678764642461e+00,-2.121356523255762294e+00
-7.701752877895883920e+00,1.334838308847361987e-01
-6.381065206921275212e+00,4.431952838015851270e-01
-5.351132569965207253e+00,5.932695977335845638e-01
-2.228901768489068846e+00,-1.634126801697586839e-01
-1.821897640782354166e+00,-1.687738970895393542e-01
-2.141136522084460481e+00,-4.663293854157151697e-01
-5.769515420967853414e-01,-6.077139773927334732e-01
-1.690504307692972663e+00,-5.645276736396159789e-01
-4.168384671044524925e-01,-7.313801968871855852e-01
-1.282779273280096888e-01,-7.805987977996926563e-01
1.064790660671065980e+00,-1.287774286878476282e+00
-5.394532278727840691e+00,6.155239261155404096e-01
-4.312234970745766560e+00,1.198993642500170376e+00
-1.349315853488655792e+00,1.595149261852333578e-01
-3.069953776448959837e-01,-3.704978724996991768e-01
-1.293730347876828723e+00,-3.532006849532027815e-01
-2.329169208491892462e+00,-1.602801818515203411e-02
-3.212156894469117674e+00,-2.466454893639341561e-02
-6.126059618998845657e+00,3.622240923571821702e-01
-7.658891714807158912e+00,1.519207154693586359e+00
-1.613601005466111182e+00,3.870983258205678013e-01
-1.504892612913588390e-01,1.322511061957265255e-01
1.246679037583052763e+00,-2.157263717432702510e-01
-4.332886697774029905e-02,3.276896528349716453e-01
-1.141795308249460295e+00,1.396673591475371401e-01
-5.194354130894698329e-01,8.059480653159438734e-01
2.085249376063621263e+00,-1.936787757240991947e-01
-2.685053479137343713e-01,-8.977840512637613735e-03
1.005763549182704608e+00,-2.394022101664377011e-01
1.100524664936414432e+00,-2.935691278100073243e-01
5.483986097452009378e-02,-1.290889593887838416e-01
-1.394745280464496195e+00,4.022727155905995167e-01
-8.607821737315981547e-01,5.189020644087529721e-01
6.108866724993577968e-01,4.900700055441511993e-02
3.331271131519667694e+00,3.554365505209680642e-01
5.361421561902318444e+00,-7.586173572652995523e-01
1.446884645748368614e+00,-3.684039490627581404e-01
1.510987555442483865e+00,-1.537842920502990873e+00
4.095860596471458948e+00,-3.088376185373284954e+00
-5.877377371348330826e+00,1.594395756358885641e-01
-4.911218852891975573e+00,-6.361523723075235281e-02
-2.324287559793419611e+00,-3.132968623374550177e-01
6.158843399650557604e-01,5.950137194176613464e-02
5.756410857671145909e-03,1.601322617486138911e-01
6.829404175264848220e-01,5.384541617491356291e-01
-3.325849522447144047e-02,-1.302533920672274137e-01
-2.611580055872111394e-01,-4.042921593144224168e-01
-1.844720189122634357e+00,2.750519244531106633e-01
3.066774965226741312e+00,-1.086510821651274217e+00
-9.682100976930050340e-01,-4.260829150534494736e-01
1.234047281780804584e+00,-8.127556169907281802e-01
-2.977608574087320825e+00,3.822917383964016813e-01
-2.364866593322605404e+00,2.471707632110576869e-01
-1.659100420309385093e+00,4.675270143598346806e-01
2.958015109341098459e+00,-1.998618818948842968e+00
-2.842042219376339052e+00,-2.847455239083767631e-01
-3.999582195939617613e+00,-2.978731636718801035e-02
-1.909445297243328454e+00,1.978100099907514897e-02
-1.905166315763920037e+00,3.899105442233881114e-01
6.066345959834937296e-02,1.137775944872868039e-02
-1.623614574655016352e+00,3.467529793182833608e-01
2.371595417283286267e+00,-8.115042370621684542e-01
6.121832211326978523e+00,-1.516741026326637876e+00
6.857372764237388285e-01,-2.154273828644732158e-01
-5.541982191506494848e-01,1.762243810932335730e-01
-4.310124567477117807e+00,1.495710396175536694e+00
5.460677119183554140e+00,-2.049903470453498855e+00
3.405329524818497156e+00,-2.414887785637006345e+00
-2.780176313478412098e+00,-8.645726725055942197e-01
-4.166453596275097482e+00,3.334488730958375946e-01
-3.407466961204741462e+00,3.594730809367683855e-01
-7.553739745864368471e-01,6.461185736308071581e-01
7.788232900564968642e-01,3.142426440977907354e-01
6.037473921729649140e-01,5.916414776558321931e-01
-7.027279467209948116e-01,1.033803478280234556e+00
2.859443907353394820e+00,4.394118717313213462e-01
2.595729459222074986e+00,1.185935616302473017e+00
3.449551868164192570e+00,3.185008596541581971e-01
2.706370132395083949e+00,-4.765631577812887709e-01
-4.351253793733783626e-02,-3.001206273105482825e-01
-3.480528850435360422e+00,1.407897941310370937e-01
-1.316602977085651771e+00,-6.742962333277574549e-02
1.867120831539259562e-02,-8.237235948878538494e-01
1.745089950003899659e+00,-8.025186572344260583e-01
-2.221938310740388944e-01,-9.046579090313916494e-01
6.428989783032285077e-01,-1.464948168301421605e+00
-1.029799121486436375e+00,-9.450852140334780049e-01
-1.239252907119658076e+00,-6.994560771276899791e-01
1.666793081468191495e+00,-9.752034753357626817e-01
9.167326548241776507e-01,-4.414813235532439872e-01
1.577859475916720822e-01,-5.415781469336654608e-01
-5.824534849791844771e-01,-1.268598006747926887e-01
-9.885063434245033864e-01,2.668068381392380006e-02
-2.811014235606545064e+00,8.969267994157009705e-01
2.387452573619611496e+00,-5.941472102826115265e-01
1.825206737176824356e+00,-1.157916507986112675e+00
-7.324363315839297339e-01,-1.377764940938874139e+00
-8.205373720129469639e-01,-7.923907979771172005e-01
-3.268156703257329987e-02,-1.289467937857438073e+00
-2.399919189736705594e+00,2.916818128199295534e-01
-3.483618538311459290e+00,6.790474105748847133e-01
-1.280284270376176314e-01,1.823481420487386151e-01
-8.056893641379576643e-01,1.061436166943613646e+00
-2.062975653244023988e+00,-3.349537315966585327e-01
-6.120657832184863700e-01,-7.669975165519857807e-01
-9.548163641991469497e-01,-1.537512191685646901e+00
-3.081776093770980829e+00,-1.436848205140028201e+00
-3.134059518882113426e+00,-1.759587434375679660e+00
-6.096369653336776828e+00,-9.626682001581216008e-01
-6.963541125611330429e+00,-2.848750913336170476e-02
-3.899828943149395322e+00,-4.583328489529303607e-01
-4.086705522291802950e+00,2.513280218383878162e-01
-7.090706943430150622e-01,-2.843254304099894769e-01
2.915108084006717282e-01,-4.328389408064799437e-01
9.467560547023003981e-01,-6.191114600975159421e-01
1.419912190983686484e+00,-1.230221378057366532e+00
3.127037244377598668e+00,-2.580939358926710447e+00
-5.498133252857829056e+00,1.076192710604655378e-01
-2.533819243683142819e+00,-6.937720733336729673e-01
-5.032184518132215345e+00,-3.103147171960426443e-01
-6.699301246140504595e+00,1.011000830656709759e+00
-2.097847238176501428e+00,-2.380040573917688307e-02
-5.049982504474856970e-01,-3.382383126628856207e-01
-7.985217538526921288e+00,5.338661125998998003e-01
-6.603434846558495330e+00,1.284945845570081957e+00
-8.703898695101539573e-01,7.937410470323014167e-02
-2.801246104077963039e+00,6.620334567230041767e-01
-2.234616080771441915e+00,1.640235048881042434e+00
-1.710721516028071765e+00,2.953106899342992087e+00
-3.158180252158810042e+00,4.299517397000016672e+00
8.225947927328730813e+00,1.311185006999125102e+00
8.076241581530045011e+00,4.379114146320935985e-01
6.600471156223993496e+00,4.722019689664655462e-02
4.367038807650946097e+00,-3.881414652146065736e-01
2.724575469286028451e+00,-3.443273822986739896e-01
6.014713255359949162e-01,1.861181991080097797e-01
6.828634620208349215e-01,-2.198219743480538946e-01
1.811038373575975413e+00,-1.840443111344755578e-01
2.702865626536867794e+00,-5.728658749173616282e-01
3.182048741622256038e+00,9.211236358283465819e-02
1.657966561716510689e+00,3.253176059678480891e-01
2.185088380183829671e+00,4.120443526945540835e-01
3.688098613577370788e-01,1.685579307563265905e+00
3.791435580685206919e+00,7.361186501856358255e-01
5.883405461476545639e+00,3.555515161384939504e-01
4.619513334441623265e+00,-7.033607316014245381e-02
6.339390968762645961e+00,1.467988115611144062e-01
5.128121975419617229e+00,-1.135323779426367530e+00
2.060637554697219986e+00,-1.955001785477231413e-01
2.040586441749694835e+00,0.000000000000000000e+00
