1.5465404922347,-1.94654646692328,-0.277471425889209,1.50390181131774,0
0.588571564809842,-2.84427455807697,-0.0122302709454733,2.31005758958268,0
0.621770495613737,-3.02947140232701,-0.028201578698776,2.00172610499042,0
0.552665823559849,1.92669358663618,0.165032621476805,1.11904548674957,0
0.631363606000473,1.52164676625986,0.0850982573932142,0.679781380305037,0
0.791171649983843,2.05366547289703,0.182575093259637,1.06337905133346,0
0.725722129377993,-1.37938726229765,-0.0305530641356293,2.2212585137464,0
1.35487788134806,0.1204164341068,-0.29233137359626,1.50384853004975,0
0.769527688431789,-1.54254227702967,0.00584020005912064,1.74205671543931,0
0.822893316797983,3.45604040460156,-0.103686033991843,-0.260744232937476,0
1.34642792079451,0.76245805878085,-0.277891253524162,1.08819521616629,0
0.680539965051457,0.639580216750472,0.0768026593609767,1.25408130270528,0
0.68886797557085,-4.46289753494034,0.0243420027996736,2.21538736567394,0
1.08869891129997,-3.1424649437271,-0.206084163630472,4.50540050193308,0
0.475153374205341,1.72846505298241,0.00151052329959529,0.405749202875522,0
888.071796291433,-626302.238003939,-0.0457901753794733,4.43908028963781,1
1.41841512002221,-1.42993065576836,-0.223492123652268,1.45629057258621,0
0.643473783649256,1.34594441515863,-0.0245049367717084,0.366368420387947,0
0.54687546880078,-2.2932948498541,0.0260186318619334,2.04508274738142,0
1.34068998048541,-2.79643936778592,-0.185497551710451,1.4817750250468,0
0.677327663201997,-6.81042014030428,-0.0182686484212173,2.24039904364233,0
0.713031337502187,-0.863364929221472,0.0359915599642623,2.591757416082,0
1.59312998494237,0.0516305107141191,-0.252989486048434,1.43256642883038,0
0.606337931494398,0.879766357496571,0.127267990356042,0.954085175257187,0
0.732564994817749,2.08394115007157,-0.124001685725054,0.137921896173603,0
1.4969247331131,-2.20675403814506,-0.291292028890195,1.87986044400675,0
0.619970456864001,1.60210259293931,-0.0183875015994558,0.323313297511783,0
0.899381070881356,-4.34126085321489,-0.045365167756448,1.95659078479497,0
0.554169034347157,1.21942099428324,0.103306943025065,0.802485615852146,0
0.530481720828527,-0.814342753926652,0.0687713995447921,1.77422767335329,0
1.1484437954942,-0.538754698302741,5458753.36017396,-6030213.20547345,0
1.65718875649458,-0.191362949130022,-0.212616640148109,1.32346315045241,0
1.83289565843963,1.3708758707598,-0.392004671246491,0.778406041426083,0
0.724164633146575,1.94960001453391,0.0185651605403324,0.252162602408528,0
1.0697420139909,-1.94533171028421,-0.176680183195621,2.13611394543354,0
1.35442275414701,-4.94123183161007,-0.198388078577161,2.79417609792177,0
0.823119480281254,-2.2077937010511,-0.059001033345488,2.19992065772096,0
1.65298289392577,1.00344041958239,-0.374396498329671,0.793646026648099,0
0.407821204779255,1.24848248582088,0.175024364318517,1.39046449212389,0
1.08192279070891,3.2691851776665,-0.103575338436038,0.0368608684218319,0
1.64061243797502,-1.87439381818185,-0.20192879568523,1.627517671947,0
0.953142270986008,-2.35896465322606,-0.090188057979201,1.93081246297859,0
1.03628720492598,2.934059598261,-0.237323917015955,0.34128188318795,0
0.56577150726172,-0.853043006786116,0.0181828783394361,0.808895134907039,0
0.830573422332913,2.76197419685307,-0.0857238744696495,0.200262733465891,0
1.79603667960789,1.77794214256202,-0.377992285424665,0.736733842632338,0
1.95286547011019,0.59791854978006,-0.322963657632562,1.14632007876932,0
1.99536459145919,0.989629508190593,-0.397068097164124,0.851112598445507,0
0.466677441897758,0.800486813922554,0.0896122579697433,0.902580675044761,0
1.30439576676373,-0.211840936566401,-0.194554716846147,1.22085211479151,0
1.25561704152525,-2.97830051817812,-0.273144778034526,2.87942511944432,0
0.591589564317267,-4.14051227237612,0.0863902869003734,2.68781180957113,0
0.628490833563119,-2.04280098881862,0.00691746347822415,2.15456980343993,0
1.46773741840065,-1.94268951403546,-0.199669829817189,1.44678286657233,0
0.653653282151449,-3.10848603712301,-0.0102596440963616,2.68133502465368,0
0.540848849073676,1.50586042728823,-0.020757788365987,0.49231851335092,0
2.6787759328235,0.0569754065907423,-0.657392644001674,1.2952897081538,0
0.372631448992332,0.120401475157027,0.10752501515265,1.11026761516105,0
0.799581175996002,-2.00898911150048,-0.0800389115467091,2.30285694868378,0
1.66917892352225,-0.187826942508995,-0.419588154897881,1.7290845678964,0
0.83925903436956,-1.93660282091918,-0.0601149859586055,1.9488146251861,0
1.19840564742265,-2.30166413798883,-0.253704653327819,2.9027502798632,0
0.814157832891232,2.01521733468779,-0.0150715518513694,0.508507983708465,0
0.860658475873467,-4.92010444184561,-0.0438362960089704,2.81564123852077,0
0.652104951457126,1.75914663603555,-0.0349704971613398,0.215425022987311,0
0.476923415578698,-1.22998550851911,0.0814853144447041,2.11310771891354,0
0.940879813425308,-1.51150923514891,-0.0971715781970464,2.05828784943028,0
0.676575135245742,-2.4787084297657,-0.0745559711534905,2.03332910285101,0
0.751285554490686,2.10517173766022,0.00154637518602265,0.286670888871745,0
1.69805009424951,0.3478689315399,-0.354457140705474,0.768167255975769,0
1.11393039868598,-2.73119902601335,-0.152048955651409,1.964881535957,0
0.495581041159281,1.01674185464698,0.0634625540668425,1.10042175783112,0
0.419069865361659,0.291312757650067,0.0659020470529612,0.842756739770273,0
1.68877395851905,-0.00821447627063372,-0.542438085760873,2.04013551049506,0
0.432928488156717,-1.38263508319269,0.124573311474567,2.06793875378491,0
0.635732629466941,-3.06376938019265,0.0102641651558214,1.87134148237662,0
0.606376243787827,-0.719071776664617,0.061934394044149,1.86422797791406,0
1.60570209378787,-0.30798017177933,-0.480881097187213,1.28311764137369,0
1.83966964312203,1.26333116736659,-0.467940150744964,0.853258817837299,0
1.65520483706201,-0.501925742649933,-0.279834185866665,1.9909708497455,0
0.83933138247599,-2.72455370286561,-0.093934512998344,1.52856252083139,0
0.102383412471494,-1.2032878775652,0.155766428222582,1.54904314488525,0
1.07898480805719,1.78132336450615,-0.111432268071485,0.562927572340155,0
0.41421102010165,-0.0575144073573571,0.111851229066913,1.12235249391315,0
0.786180066023318,1.39118060523771,-0.0268543240156605,0.553037705921672,0
0.557023196440016,-3.22257510615634,0.0484869284532289,2.40526426548462,0
1.63475120453201,-5.52603769457903,-0.224696260087503,2.64892815746479,0
1.29974278871361,0.629635238566562,-0.189602614424434,1.14892464824256,0
0.95314511237346,-5.5041845073664,-0.0670579675380249,2.61238925536974,0
0.135646176295598,-1.68749029679662,0.234365132467231,2.31646199419736,0
0.351966895250356,-7.86260017475439,0.10852577732313,2.60945187921105,0
0.935160246183756,1.84548451347257,-0.0582893992479445,0.227851684066604,0
0.511823030333433,0.741246786861651,0.180047926561099,1.14662382707057,0
0.702865342937641,2.26419466723785,-0.0142347104368382,0.0922763217377992,0
1.39105255143761,-0.159623073212914,-0.275857879589567,1.11262423938307,0
0.889558889305046,-8.93142305914233,-0.0879966242055817,4.114565157541,0
0.835219024676389,-1.24723068154839,-0.0337582622425087,1.95600977593678,0
1.63875084291262,-0.265215113372904,-0.409363531804138,1.53609826202901,0
0.474796183071562,-1.07890130117622,0.0575846119629215,1.84896160059927,0
1.56041678413166,0.709707908409708,-0.31880767128384,0.911173117599062,0
0.679549880183766,1.21256241131464,0.0583732714488427,1.14132949118638,0
0.674772359935487,-1.33382340117679,0.103962050153087,2.01459726855827,0
0.49401650909272,-1.23710049488041,0.0651921536130712,2.08176706081789,0
0.629740709554729,0.417657879121803,0.0473775912586785,1.52005604883333,0
0.83896607420255,-1.65321094271379,-0.0857192489463681,3.04094081077481,0
0.720633960631496,-0.326518771329784,0.0332872001302144,1.96728964172179,0
1.816037719589,-1.45352660468967,-0.409876661933758,1.72809287934594,0
0.524363684935941,-1.67166679471925,0.059406885142779,2.24737408880861,0
0.711229034044095,1.45156086603537,0.0469933774838495,0.705448649516049,0
0.553441450300721,-1.21511583765231,0.101634902139793,1.58127957581202,0
2.42042467968392,-2.03322096758204,-0.622276054523306,1.88912293241013,0
0.424943397230811,-0.55019128957325,0.169917125747161,1.7589472609219,0
1.23830892485123,-3.7321412200387,-0.274108850899266,3.2771636436619,0
0.981972060264051,3.46830164756304,-0.101286661316214,0.477490888319162,0
0.492263697665453,0.0789810943864148,0.0594081627495353,1.10868887514835,0
0.644975176604098,-0.253779240860223,-0.0281546125077129,1.42737963589985,0
0.725014085661532,-1.54731503043344,0.0104567208283293,2.02365286226555,0
1.73325141284527,0.218347089493006,-0.42204046878531,1.17101522275347,0
0.772913658370135,-1.59442316984006,-0.0727184293517095,1.80758792506166,0
0.578360293573875,2.26004921647958,0.0699575751963854,0.450996064585261,0
0.591046396665762,1.63745628293867,0.0889259801407561,0.115892807065096,0
0.838601907501541,-2.18365500511817,-0.0371813790688895,2.24691568167158,0
0.43167662584215,-1.71561466380867,0.0942138769033047,1.91668866130648,0
1.87326763283836,-1.99649635526717,-0.331581641775082,1.14900689461355,0
1.01345653000535,-2.66990326859212,-0.212466675183578,2.96804763368081,0
0.646446649757918,-2.58301421278958,0.0516626681501592,2.05398610755781,0
0.794861392907475,-2.156149011781,-0.0487129085341784,2.31171950664353,0
1.28576608414852,-11.8808712085681,-0.108283137962131,2.86222458336601,0
0.448753017755804,-2.9979727253889,0.0650543511900276,2.3654830679278,0
2.03736582455177,-0.410683020475211,-0.457069782367512,1.27967270163878,0
0.814206579618724,-2.39478833399565,-0.0446943819771661,1.73100699261673,0
0.546574937392941,0.283284709057429,0.0814947908991769,1.33510593625098,0
1.31970731112087,1.26077349321834,-0.203552790736119,0.90857097067241,0
0.404999298770562,0.179712628272017,0.239349701122121,1.31427165362931,0
0.867148422726654,-2.29966505114001,-0.0962830211473734,2.12881565646958,0
1.26646662697391,-3.7865130351008,-0.229205105778364,2.26862863730568,0
1.75933958424462,-1.40307206733028,-0.247031292140302,1.62328581066972,0
0.625859458645495,-0.538494774928201,0.0354487300691033,1.84160814721565,0
0.658210110585396,1.28993261453893,0.172531342674642,1.42496092536655,0
0.400518604232256,0.887913423973675,0.0627769256458293,0.743823624655307,0
1.59520201424686,-0.495717676761539,-0.264621224170553,1.61431342472828,0
0.444561690960351,2.0427367414461,0.0709095487353581,0.586281998926534,0
0.986283145855057,2.09868561953207,-0.0638553333439436,0.6072656186448,0
0.634287814387484,-1.19959307343165,0.0397522785752944,1.92609082372246,0
0.384323444798744,0.932563724014683,0.168726089273246,1.29057514682109,0
0.303553859752411,-0.909746507914325,0.0378973128560886,1.15432877821265,0
0.568486471775075,-2.30686454323575,0.0108103560646076,2.66099111417553,0
0.463575313843401,-0.269631654526593,0.150683614681087,1.41217825132003,0
0.734126690460021,1.66760007131935,0.0405277284403015,0.577035265839734,0
1.26755428204036,-3.81981964740006,-0.271081050055647,3.52602759743294,0
1.81041415393135,-0.657222405869368,-0.435376410544194,1.23747844642092,0
0.934412572960597,2.18323118459603,-0.116207547358415,0.332895829930403,0
0.572240530884422,-2.0420349036675,0.0693733467613866,2.58985421629714,0
1.39796961323982,1.38514006430058,-0.252788308600222,0.650122686220705,0
0.990733969399599,-3.9018452586348,-0.0656839197578271,2.17066457902699,0
1.00716642233361,-3.51300390685701,-0.13392371061525,2.19098430500487,0
0.828151167621827,-2.49815507408327,-0.0808664336473135,2.2585240918089,0
0.759863361602221,2.3329287953921,0.0329019815524296,0.12869702388345,0
2.02851420238253,-3.01460349930469,-0.387928053263737,1.62193409635401,0
0.448640841816221,-1.61931553406333,0.0399609526214781,1.88495550172822,0
0.460351133385511,-1.90978363341263,0.207855492415435,2.76958328561819,0
0.499451553675984,-0.518928987974996,0.0805678485352546,1.45832325348566,0
0.629081186585509,2.34174473304381,0.0771435389347239,1.13783648668499,0
2.1185040047886,0.913268378076642,-0.339911838225515,0.879503078117264,0
0.585174506508253,-2.36084434062961,0.0162381107875857,1.82104895156081,0
0.500932937036684,-0.167050827927726,0.0626661223338424,1.23328078568163,0
1.86098400246637,-2.79739356220634,-0.459386803931977,2.47590665788649,0
0.447273132460115,-1.03275347349824,0.156037206248945,1.78378330681132,0
0.641362829268042,-1.89395979631303,0.0195642323369178,1.94120134276065,0
1.64720476057148,-3.3807995596623,-0.307118824981451,2.18796954774078,0
-0.370515069364712,-14.6295997901898,0.190433121159436,3.43467779263194,0
0.72665727904412,2.6563416933585,-0.0345563306434654,0.1991058230793,0
1.07595781662034,2.39411009986734,-0.0778132741639862,0.343815852158719,0
0.477969722307074,-1.2842727158847,0.0372061023956149,1.71830706629309,0
1.3704407084367,-1.58543904007869,-0.287445645159009,1.51883447281733,0
0.735067175003442,-2.22362551829143,-0.0189081013115361,2.31289464476407,0
0.394879197547806,-2.38479363894978,0.139135072078173,2.4658430083365,0
2.58306777265033,0.310086483683053,-0.518260091902032,1.40987066655975,0
0.633769615002893,-1.46713312622152,0.0853143702349988,2.32144748441098,0
0.493251749769634,0.665849060631753,0.101217249607854,1.09233135355622,0
0.715789920790522,-0.245135366283805,0.00748535922839601,1.78247048358816,0
0.540678586759672,0.279799642349308,0.0835319048118988,1.47568276979921,0
0.709759438120642,-1.81351016446561,-0.00485503321615074,1.91515565699614,0
0.696336152678032,-1.57484154537253,-0.023781311614313,2.12006613925415,0
1.48594853280043,-0.520022016504369,-0.266493506862154,1.84343097175215,0
0.429379367716911,1.32462150788685,0.184134540795295,1.59971626387133,0
0.350727112920852,-0.355585552216675,0.0856758170553862,1.34498169029049,0
0.593179420674578,-0.384610720415509,0.113320669448932,1.76978821511321,0
0.514883660790141,0.677197025844941,0.096404610800977,1.40631778586199,0
0.922425492345476,2.91525865381472,-0.0620007087509896,0.164488759572912,0
0.76878977934575,1.6707488819293,-0.0782791781165985,0.491630977225944,0
0.900488863124645,-2.17344816253972,-0.0676932981367853,1.9359664992053,0
0.535772269098788,-0.200469681705218,0.121141208320325,1.15774601806893,0
0.666889181980522,-1.50843540241492,0.0220126659814234,1.81989948542504,0
0.901653447632691,2.31771415090043,-0.0954016163700234,0.137261425153242,0
1.54102524720176,-1.01587235875923,-0.246590969952818,1.28559095163944,0
0.419945326190421,-1.3524140474803,0.0702641632195623,1.93366663563358,0
0.604412480664864,-1.47615951432785,-0.0622105199607373,1.64291576764841,0
0.634034598629808,-1.81640518442191,0.0427472400081614,1.7968086898577,0
1.38345766207727,0.449514053737062,-0.170206184333682,1.22359848148193,0
0.495646848707372,0.879903104450371,0.0270422332788555,0.428974883118231,0
0.769513680998315,1.87937858514019,0.217468482503012,1.99005870309249,0
0.336677101449655,-0.563799933070648,0.118830721045558,1.67968400763129,0
0.695860619322956,-2.1310233828095,-0.0094250283716527,1.73590200365425,0
0.928039138510111,-3.66824801520875,-0.0710533447948798,2.26817833690953,0
0.704476052019014,-4.04830150913932,0.0168661722326623,2.44207967037443,0
0.619858142891457,0.189063505590016,0.0646109500995168,1.600914142135,0
1.59786157419975,1.14231490431255,-0.285715719864577,1.19171847528928,0
0.915731686216859,2.11776077583566,-0.102244352503067,0.396285683589617,0
0.754704522507726,-0.697859197462536,-0.0315090890040935,2.0076470595404,0
0.670827267880483,-2.85882284093179,-0.00876502242247953,2.35090906365815,0
1.750781447649,0.419061468308792,-0.468985296443475,1.34444451788552,0
0.927862945458626,-1.78239641217458,-0.187696908621367,2.37480202955951,0
0.443194241355485,0.325300409543384,0.0701775623300851,1.68978833485506,0
0.429397830605054,-3.44223787626615,0.0979817065917076,2.35727322932474,0
0.606250147627846,0.777056040223741,0.0166186089361485,1.09333610111414,0
0.825444542277947,2.5648685539016,0.0268123264623361,0.457740283548911,0
0.613060108949553,-1.84623479606891,0.0390044730826485,1.84129486938257,0
0.41231261069557,0.543910475196186,0.134120701219204,1.22466484325439,0
0.950424412614845,-1.75174861899076,-0.102097251363324,1.83825141222823,0
1.84693533415519,-6.68127727989524,-0.246701377894865,1.87540378236197,0
0.653310089598585,2.0361051310965,0.0561690341916123,0.549730059536915,0
1.74926530066971,-1.39664005717304,-0.269345156713943,1.34168427718409,0
0.544708470363022,0.317181964148422,0.0442998674655261,1.06079790365338,0
1.95453075004464,-1.86824456708602,-0.536990034576916,2.51758130403863,0
0.655000449854594,1.88821063674577,0.0233525928945154,0.901983896228554,0
1.43153473068927,-1.19155932641582,-0.272018872520674,1.26445354281605,0
1.40318206527543,0.643123290726545,-0.359052415950352,1.19181229570161,0
0.770649913638532,-2.96428005847245,-0.0109612607674975,2.30241141472884,0
0.59094500446853,1.98770314643057,0.00981122442033103,0.347359518624886,0
0.661707969824147,2.13020377996844,0.0206724790541561,0.547908600877641,0
0.907025013136428,2.66515358143137,-0.0600123178873707,0.27576856652566,0
0.976469805916567,-4.87294491595205,-0.108632257496364,2.63909631667483,0
0.994786131524772,-3.59284129639038,-0.0992657780879597,2.25108579320218,0
1.55244158502135,-0.846245451479402,-0.335968375469332,1.79506570747598,0
1.2856292007547,-1.49259952935318,-0.126646275318514,1.02727631676384,0
2.0152579995596,0.68789066474322,-0.421995468274651,1.00823291607875,0
2.31146743752556,-1.8054474975609,-0.497292690570927,1.52346333782195,0
0.379450046868459,-1.5123919648716,0.17086602976471,2.00477902185874,0
0.454300569344274,-1.38072508045928,0.0679232715410354,1.88366201929249,0
0.523940929287763,-0.242833268969153,0.136676041596433,1.61984617764564,0
1.86888810792112,-0.016470487431176,-0.331813955465906,1.56236019575793,0
0.419347517747397,0.236823723282092,0.138807682510486,1.14043671066252,0
1.49193296753281,-1.34076438816001,-0.277328070495272,3.20879589360812,0
1.78703894487879,-3.37514014402801,-0.233488064385299,1.52339054862676,0
0.639544141563822,-0.632232777785994,0.00568304415918469,1.54211440936908,0
1.08066407706258,-3.65789880305661,-0.16333215714852,2.26204042754239,0
0.550333707449778,2.05844687193293,0.136898319420018,0.943896887403498,0
0.694088610779302,1.76040881182781,-0.0676032923725774,0.344327602580887,0
0.978928115088529,2.4490640552798,-0.0565717902546432,0.365229709354296,0
0.807725020902993,2.560972066908,-0.0970633532181432,0.281091505705899,0
1.46985353341908,1.20504734199476,-0.329910142785584,0.960824187014244,0
2.22695881141672,-2.70139638553872,-0.537643464986821,2.1791013216124,0
0.768564730879516,1.89191020298857,0.0159653552013551,0.36606675763567,0
0.61672336528567,1.65168002587564,-0.00152197284415376,0.273498654666644,0
1.83676960637722,0.0963387008097369,-0.220889611293778,0.925444590170036,0
0.57505546076745,1.25485193615424,-0.0146999654373082,0.414980360746618,0
0.839329124299705,2.39922733550684,-0.0454919959094168,0.203884999847752,0
1.75420761192146,-2.11894671936796,-0.441555404087515,1.95024059195209,0
1.9989528192579,-11.8680479420951,-0.339351109268347,3.65873288546228,0
0.507227568695684,0.846636462178345,0.17678218656659,1.29319882007829,0
0.35000883152559,-0.936222555948597,0.137775906699248,1.46047418438757,0
1.66182921748854,0.612300154560605,-0.273211262640209,0.832943098095219,0
0.441458414519324,0.920662820227221,0.0623168536768781,1.33021385381022,0
0.593828024087244,2.36317899329531,0.204477014018879,1.57457506426951,0
0.287585231073474,-9.34033768717138,0.132615574591146,3.42962394582861,0
2.0307220162326,-0.371173437582455,-0.335997992405891,1.33897896375685,0
0.636071986399482,-2.00152631246249,0.0419100974283654,2.10665598006281,0
0.833115540878002,-5.07935651972581,-0.130597471296523,2.3417466910535,0
2.02287953380311,-3.52914293372306,-0.592607304848304,3.09425328058202,0
0.82839066978565,-2.77698179675964,-0.0686080416715151,2.02638209648844,0
1.63657591709703,0.287330608348405,-0.319759720422349,1.18833516423117,0
1.53237907116537,0.0276398793715991,-0.225790594920004,1.3269882100384,0
0.835954564391775,-4.08764510212584,-0.00749846531763611,2.39904553416541,0
0.7467183931953,-1.21131826265547,0.00440449472831798,2.39168646571808,0
1.00379878054302,-3.28954947952936,-0.201115328908821,2.83160918310349,0
0.465887567674211,1.361861609925,0.139722997004326,0.675920253103757,0
0.678007648836719,2.0815495813121,-0.0868373186573644,0.282523777741307,0
1.80386349093091,0.847859454867285,-0.299906737191293,1.25562470380043,0
0.679276726708948,-0.61738443559676,0.0655787947702874,1.97796558351813,0
2.5516687991266,-2.34218842621693,-0.353990420491822,1.32438360010532,0
2.10759511832234,-0.393093084063679,-0.559238984011341,1.30181128321588,0
0.542154439453503,1.76730799526305,0.0317710860971586,0.317471200261794,0
0.756785907672364,-2.54966869906928,-0.0272910241560647,2.02154931213162,0
0.612557900867967,-0.0101299768631421,0.0615360760588882,1.12969249557184,0
1.90755592822548,2.5294982145563,-0.514639696288981,0.400299186179149,0
1.17548548224661,0.318646711158704,-0.109521987413353,0.709502055205782,0
0.903752681215784,-2.79873755431858,-0.0241273180274556,1.86007517081512,0
1.47996451248623,-2.64455914922758,-0.333854242427585,2.42327973773559,0
2.60538928432884,1.22055804644203,-0.684557346625041,0.760631132183944,0
1.72091587159235,-0.224851352926335,-0.410779236093605,1.4984474480903,0
0.665696584419305,1.5832723828469,0.0140968505224682,0.314584791364013,0
0.268664385884482,-1.19343473405897,0.10490449680726,1.63959387023796,0
0.139422841091569,-1.58671222265334,0.15211473534464,1.47547683269914,0
2.05442837025645,-3.02310177460484,-0.403885828149877,1.53425693225843,0
0.230240911299161,-0.921753664696151,0.124687215572583,1.45824605512705,0
0.66639364378397,-2.82271338075481,-0.00864533699186598,2.25783438312076,0
1.60618139243671,-1.72624415896276,-0.396734932575326,2.37956557987941,0
0.569635602428588,-2.24988185571728,0.0748530957160035,2.16851982992225,0
1.11407632967523,-1.58351765640344,-0.137450995255705,1.67685054653625,0
1.03339249825327,-1.43805001746323,-0.198858703348123,0.919976939358294,0
2.08943201589311,1.24488061282063,-0.588051744059153,0.89436714191523,0
0.437499701431352,1.00153474939823,0.145238753302217,1.30531929670425,0
0.325637742327483,-2.35088946405895,0.131712989662189,2.1910308137269,0
0.888412636982945,-3.12654990790635,-0.123881917190876,2.44874171447123,0
0.614538664552679,-5.73772954152588,0.0271146893315053,2.96576673556224,0
1.00776131421894,2.24153877558133,-0.110663014189282,0.196579997089142,0
0.92857410152093,-1.82626815460859,-0.143379359852485,2.16858067963331,0
1.60344895178561,-0.035698722865389,-0.297701092056639,1.18230866404051,0
1.79775825214433,0.0950829178298347,-0.209744687427551,1.15581156541849,0
0.818102199699531,1.67353654099531,-0.050481164974977,0.301761421075209,0
1.47025639134217,-0.920066345958007,-0.215725300059125,1.40858702243233,0
0.526051404807061,0.79765750129242,0.0259261459550986,0.826890256636753,0
0.455536477774004,-1.1631611806729,0.104658301733998,1.48515960134448,0
1.66612825958692,-0.62071680061708,-0.257035846574065,1.48172780562043,0
1.90541071367444,0.816748546151118,-0.368051334801354,1.18126961927955,0
0.597479775949272,0.331175690102496,0.0414505468874109,0.99236931140784,0
0.851424227112511,-2.04010042776931,-0.0881851157681641,1.9523572337482,0
0.759001961517646,-0.073092785624147,0.017683676067879,1.68927367913203,0
0.86999389223543,2.61625121887306,-0.0190741258864865,0.088146346881544,0
0.641878177846542,-0.717605616109244,0.00274598178980298,1.60935252239326,0
0.3184877147338,-2.20538534321329,0.18520485675098,2.34709729275298,0
0.847106925866902,2.27495945260959,0.0763271401663897,0.90174070294751,0
0.935635409275099,2.54164235284052,-0.0495184187579135,0.286267011596924,0
0.625769895661352,0.121046272217964,0.0396783742921659,1.26761767917501,0
0.21823189486326,-0.687549280790666,0.167067231040584,1.44092883555524,0
0.478639052151519,0.243143800989486,0.0814866410597777,0.874174465349756,0
0.810570626839697,-2.97478620617877,-0.0131944063509161,2.26949991191109,0
0.586345036949337,1.14082770393993,0.172578885595415,1.36054134984967,0
0.933187552965487,1.66126379943463,-0.00956201329577562,0.500787866468411,0
0.851846524345339,1.9974371401258,0.19586853811342,1.33650574825975,0
1.43007708506024,1.2590378498999,-0.282796485184552,0.773295736936486,0
0.93081160160575,-3.82449613921987,-0.083571926024561,2.320900049792,0
0.575918022041416,1.69715341651005,-0.00133371380708085,0.418157129605708,0
1.26004953180521,-4.48518204858828,-0.253047174492496,3.88977200362994,0
0.65829921487708,-1.40144833681621,0.186698306081181,4.29729625044711,0
0.885714764611622,-1.56996347437213,-0.0686937007015885,2.05162285977107,0
0.599268708131839,-1.90706564250592,0.0368012299403065,1.80086441212567,0
2.07014745216754,0.272076071500355,-0.385794622385666,1.1244530602876,0
0.657235798557994,1.27514760485561,0.155098692094845,0.981080277794082,0
1.61117887271857,1.11282827091988,-0.259867806064987,0.767380835082518,0
0.9173932049624,0.656061691886246,-0.140458408749539,0.669203854553391,0
0.743300927074988,-2.78932897573301,-0.0209818456326336,1.59382604210524,0
0.520210299217082,-0.961348747822132,0.0565021860307416,1.57941279013021,0
1.39378627233296,-1.62329000272154,-0.223213058159451,2.08272891648173,0
0.477596808879455,-1.40591288060969,0.0639435930178742,1.79581270458176,0
1.41422715294781,-3.32803258164403,-0.233917073258229,2.77349221162779,0
0.571895570378778,-0.837026220413896,0.131656221653255,2.07508007341034,0
2.26799234886688,0.528632371344572,-0.38312293399474,0.924793048321782,0
1.95699816047092,-0.757483151738445,-0.436163856392452,1.33323399931175,0
1.60680068196482,-1.60299110896896,39019.5168744624,-147636.359243544,0
0.435681267432537,-0.099729978708174,0.143528971662948,1.23017913275476,0
1.51163156701354,-3.9879103262969,-0.346419723632415,2.54715663737348,0
0.644510822890204,-1.55242541423513,0.0322048127778727,1.84705572214076,0
0.743907502979611,2.49290183088449,-0.00314774602411369,0.179957056629152,0
1.2569096297136,-1.54404882498455,-0.198629979863628,1.30554225742166,0
0.523028281059245,-2.40606421478343,0.0809929247820286,2.03644649437392,0
0.939844469268792,-2.58679014939789,-0.073370754023522,2.40064580472565,0
1.84964944630629,-0.807765085229443,-0.383005984174411,1.44329121360621,0
0.611014149623162,1.7752915542196,-0.0149567796804773,0.412554268212346,0
1.43780017460298,1.91891898720676,-0.452553323360637,0.531699036920778,0
1.53541895649977,-2.69978123006229,-0.317503246883751,2.15532402748476,0
0.400288243961045,-0.33733058622447,0.0749346140358211,1.32355350693772,0
0.781819501173422,1.99244161880403,0.143775876634983,0.97299370793446,0
0.854803487939511,-3.47134361773052,-0.0562330801327654,3.12011503897826,0
0.600802865635183,0.627759744579729,0.0715711736580221,1.01309560187744,0
0.595238170277411,-0.572540524388844,0.104454116870681,2.26572172103416,0
0.528893583823524,0.116625191837123,0.0990498917651219,1.63033512323885,0
0.887724931440029,-3.27496326555404,-0.0303156497597065,2.23621022870243,0
1.68000730023142,1.3615230514234,-0.289508826094733,0.930633335389326,0
1.48963441202436,1.74486378875574,-0.279220915946948,0.965847635715888,0
1.13042924332774,-1.98700076684077,-0.147398215475146,2.29152265095253,0
1.12937887508929,-3.10717455914226,-0.110043637851535,1.69268026887094,0
0.587822549181373,-1.62494075889815,0.031437832748382,2.13824457859891,0
0.548476667991711,0.175790717724574,0.161827902878333,1.72888347785814,0
0.802871340012698,-3.20852696798118,-0.0293343860884564,2.71025815126781,0
0.748526569733775,1.66946575176027,-0.016063386965333,0.430088303466554,0
0.690298700334288,-0.741054745447323,0.0428243407401728,1.8712385827313,0
0.844740273152146,1.74362965246668,-0.118367224102935,0.308101939764521,0
1.55655640996372,0.932353864879371,-0.34717823092586,1.49054287176365,0
0.515388348336585,0.778088082631541,0.132970362193961,1.99270629283309,0
1.06941199239588,-1.93562521037133,-0.130020625470294,1.60365163571085,0
0.762034221919651,2.43215547955639,-0.0109107908393538,0.0714585443088435,0
0.42053879422803,-2.12737731737316,0.127646986603225,2.45603709247773,0
0.353726604528195,-1.85208906908392,0.0878395182297042,1.86951009397275,0
0.27915227563332,-3.44893314005091,0.164423640113482,2.51434221335921,0
0.544317918975332,-5.07081889136078,0.0620201127517121,2.40525932816086,0
0.588014962575999,-0.780881438315755,0.095696635866519,1.90520114167849,0
0.700760294506138,-0.972723442935172,-0.00249354001419068,1.65051076555667,0
0.597294785617458,-1.33999307127759,0.0889395053625229,1.81743555668063,0
1.11859859562976,-2.66328326380629,-0.168974130707428,2.29467986791943,0
0.932940700441262,-1.71263654122883,-0.0690500890113066,1.91272290046582,0
0.80661252070332,1.73252033933017,-0.121497407795468,0.317904536227607,0
1.05160553258512,-2.71323537446652,-0.184814733899769,1.75939789895522,0
1.93607036879516,-18.9325591573465,-0.183853734517943,4.23849812299405,0
0.792884907281891,-0.970977886835206,-0.0246981359272926,1.64637129541543,0
0.195396167562061,-0.499051330541261,0.209977864659819,1.79471225815194,0
0.602028251815661,-0.054049350026095,0.0811544820832951,1.36093739137203,0
0.88581390260882,-1.32171844483426,-0.0774028540844677,1.8842362732499,0
1.44236535823172,-1.2848949050095,-0.22927626419855,1.11561019524018,0
0.668925515180473,1.86619786262669,-0.00108391018379363,0.42989199788853,0
0.725340808392465,2.40868343140194,-0.0105974711097536,0.29090588201353,0
0.861017639948329,2.46396351606687,-0.0146891217686098,0.16610962490817,0
0.678587817471303,1.59194515468746,-0.0121301746880229,0.532297062839739,0
0.871539927762024,-3.71660969025686,-0.0991879266011615,2.33914035787679,0
0.67256527670554,-0.0723135170592731,0.0303945530780294,1.60199936814878,0
0.404116998497923,1.1608916608297,0.0565603361569798,0.62974925096276,0
0.992891137102774,3.15503332110239,-0.0453695786259793,0.173153469114314,0
1.52512755509039,-0.646294059017948,-0.169536571241076,1.44878248792878,0
1.66938662722855,1.95686236347371,-0.289579871487308,0.531030417664507,0
0.427305512127608,-2.18322932514906,0.105371019239717,2.157570231729,0
0.511110933619006,0.556321667397404,0.115468651302483,0.842473612738442,0
0.844883827579403,-1.31268909766317,-0.0270692789205827,1.83593170728965,0
1.70336449590708,-0.895665319011563,-0.32676892535186,1.62412196313439,0
1.62301686885336,1.09741276576008,-0.305607393624163,0.840455591275561,0
0.487861616856205,-0.144750718743817,0.0347982845050014,1.34209307671817,0
0.921558841368663,2.22784737854191,0.0723660502825322,0.839125149910884,0
1.54846285944471,-2.19726684861715,-0.33544109574324,2.07262223448864,0
0.836858923788706,-1.66591876178201,-0.0687653875172787,1.93134551706758,0
2.39276162220158,-4.72612943440576,-0.47489470450736,2.57129061584882,0
0.621255672780515,-0.0870624037724692,0.0323702331392182,1.40083800218248,0
2.14270613162588,-0.825283117099881,-0.503030987451505,1.73810838073421,0
1.29880120123017,-3.78467684587051,-0.268171462332069,3.12471670362154,0
0.449258615550028,-2.3785716331798,0.125974641554916,2.34066825572557,0
1.57485721735334,-0.0268841449506083,-0.303325379184088,1.32806581455511,0
0.338315818150595,-1.42903505158494,0.101933198969226,1.64481131400858,0
0.418617514327411,-1.71008025537726,0.0831385036831273,2.11750522088525,0
0.804222380627009,-4.56561554555489,-0.0419844802240865,2.10298969416047,0
0.945812643383544,1.62225690234569,-0.0451218560103255,0.55374233041102,0
0.681119158795911,2.41347182909014,0.0105765984298108,0.493667509118072,0
0.642179966596744,-1.24376952372821,0.046238534142522,1.84397149592222,0
0.482041048461064,-0.963341884110355,0.119405943509397,1.7351264359473,0
1.25152345322796,-2.38436430907283,-0.467985359785825,4.91124166710777,0
0.608958901431456,-1.9144554056738,0.0560999683587963,1.7871085209717,0
2.8068198226431,-2.87927093533635,-0.35088565106809,1.41508101818146,0
0.491432612715086,-1.51732302991674,0.122999835762409,1.90102146986853,0
0.727431361559162,-1.30996844155211,-0.00517924799085526,1.92235821440239,0
0.439494763248701,0.319017336792987,0.111059298938055,0.973415995251247,0
1.43339731592241,1.04906120156435,-0.328889398481556,0.981939641411119,0
0.428310515744033,0.460378458877792,0.100163158535444,1.1491440326443,0
0.568327090829721,0.195249948718191,0.0869007256745738,1.50153401169879,0
0.682495113176781,-2.56214378032344,-0.00448105706923204,2.41059009202237,0
0.55253340342845,0.817831398412025,0.0884617864214194,1.08483407667797,0
0.645278652686528,-1.41735099769564,0.0271079993176827,1.96063598975166,0
3279246.8472821,-13163466.1873743,1177055.61665449,-4742502.67846133,0
0.652287450000696,-2.75021363133219,0.027521539622893,1.95272896929354,0
0.922067182945448,2.16055219020241,-0.0699684556782879,0.297865536826981,0
0.739706034419581,1.47939018357761,-0.0513110348768899,0.610026430254849,0
1.41982547782783,-1.03763351177863,-0.267383149235815,1.733383299592,0
0.325084354260556,-0.488888301452974,0.17904124600411,1.49745965840174,0
1.59874078271849,-2.23592928345996,-0.315018462296183,1.90971337029601,0
0.696719580497039,1.85982167983145,-0.0274107058833963,0.220340765215705,0
1.85629787279424,0.38935098566729,-0.223050949806396,1.02658511192798,0
0.513853872163493,-0.0494650384105289,0.109155479749014,1.55101901964121,0
0.574762208982537,-1.34277701740311,0.0309929058698051,2.02580211616517,0
0.564046064842579,0.0763713005577492,0.107927141837563,1.11203886956369,0
0.611437017379017,-1.72836035497733,0.0250982322142286,2.33562103025367,0
0.600574920286572,1.64678759234627,0.0570449674594855,0.430590839616533,0
0.589739183598584,-0.870387825218959,0.0565809393522064,1.64993241275582,0
0.836615083661741,-0.754854258508656,-0.100970671040022,1.77713429050631,0
1.34468353885651,-0.346097258132766,-0.153721562021166,1.07549007669766,0
0.752298614001067,1.56747033644922,0.0666786242046336,0.359214583248331,0
0.471052781971606,-0.680139266613438,0.039354021352328,1.64537232342175,0
0.393089772523856,0.99484952192713,0.141787281313321,0.849007274314002,0
0.572846321827845,-2.11361357940917,0.0215059744151383,2.08917270319286,0
1.32432409317421,1.28435626009692,-0.395175970893463,0.961008190004493,0
0.724325110239351,-2.23868948045635,0.0242849428586744,2.73271393237615,0
0.73778437197814,0.208889295299124,0.0612154439452343,1.51344975459746,0
1.23985317177183,-1.3830410322239,-0.177181797841222,1.76705622437578,0
0.154808137996665,-0.145544476144769,0.114940031278816,1.31727041819451,0
0.304927430479928,-4.50449230381618,0.205664622305029,3.63295874664152,0
0.627516113110275,-0.23879571197492,0.0264250761051799,1.94064408946641,0
0.705362915132402,2.50110415393075,-0.123483363593469,-0.0101597797976756,0
0.882126683838728,-1.92856555889064,-0.138550410958002,1.82485661714128,0
1.07345653279211,-4.07167540859802,-0.0439279536403393,2.19474196192925,0
0.48211558008621,1.27100430369666,0.091369737719761,0.603257151188273,0
0.524508800255743,-1.54000775144204,0.104859811890109,2.12735475019483,0
0.749994252349176,-0.946069073330697,0.00888964193541984,1.60266462744578,0
0.551285072009769,-4.35143973779681,0.0665112654026342,2.845698530776,0
0.494570204702294,-1.17344584320856,0.0683008506690464,1.78196257934654,0
0.776199041128463,2.14775693963453,0.0697202962609945,0.360983689133172,0
0.42562817076365,0.668364049108382,0.16615641912631,0.992281955078249,0
0.613067559447704,-0.421920096700168,0.0390162419587263,1.39359664890663,0
0.481627646179941,-1.53168952322232,0.0673354137596777,1.75537980652864,0
3.1091734954811,-4.54666031794669,-0.299676925394506,1.03011036546625,0
0.323424726817143,-0.0705741232461003,0.206074286856198,1.17064493840758,0
1.0253786778737,-1.90186331590666,-0.146722238457983,1.8028374884469,0
1.26872231851531,2.18600594386192,-0.331977689737898,0.549258351565059,0
0.441857419534183,-0.12989460524714,0.114809863088886,1.62299811043476,0
1.15932675058095,1.02767997799522,-0.193286609917759,0.993040349351232,0
2.04233269232963,0.873166291918908,-0.362011380159929,0.786569721632854,0
2.47110177851381,2.84730642405344,-0.606135460606382,0.302382351918159,0
0.670470772664536,-1.3380688489706,0.00171046817877446,1.75635369482893,0
0.963394541975591,0.168749677208519,0.0884451057523216,1.62404633357912,0
0.725853253948011,-1.43310950326051,0.00422964476630584,1.7739285074218,0
1.87973982106274,1.19135574754944,-0.464195943149231,0.891523408107932,0
1.42553468415242,-5.38353643816793,-0.282226465776486,3.64851967760373,0
0.434478639576006,1.04320949127571,0.109632380507606,1.02729455287721,0
0.533764760077847,0.756278958406089,0.113656561125971,0.966726301097544,0
0.71339807486332,-1.87939481889947,0.00198323073652643,1.87109985652489,0
0.533214440619231,1.3641494351374,0.0521426470186309,0.662337409888157,0
1.87285484578684,-0.249645608211988,-0.172995453937323,0.946557532956584,0
0.607431125827266,1.84636077172768,0.055602428618208,0.44359496586109,0
0.944559111965211,3.3055622389671,-0.0688400100422911,0.0656258729002306,0
0.382842583809843,1.13122624144076,0.192839936438751,1.08846124628272,0
0.601244893282582,-1.07938149925973,0.00509285114813402,1.66474272439666,0
1.21094988135434,-4.68506565861914,-0.141194791397428,2.36437700075146,0
0.447753085938323,-0.0124571070603824,0.106780513142324,1.68594468305279,0
0.778688781823977,-0.864671250889496,-0.0236123634326459,1.76694682675483,0
1.66374901179295,2.754029358343,-0.404785824626874,0.376552178592493,0
2.12480406717074,-4.52957130526776,-0.475645736981121,2.36391153288358,0
0.665804013025406,-2.55120546222816,0.0336344199420733,2.24333446467802,0
0.8229603430222,-1.77110060666984,-0.0412950281462069,2.2519283325315,0
0.595995851948248,1.67865544710569,0.0370383443779872,0.488418721394902,0
0.528068412119726,0.746276168067078,0.119131270202686,1.06106957441839,0
0.69413293611674,-1.11814411577422,-0.00342023879264941,1.83734840864666,0
1.66521140448239,-5.71759062892134,-0.446613244632495,2.80158666285513,0
0.545957144078516,0.66454738189529,0.121121204868131,1.33483650347501,0
1.02843252216455,2.81090562123583,-0.146766145479169,0.0118656682993797,0
1.81966157512529,-1.36449982769437,-0.299128427721787,1.53443934387691,0
1.98137288683547,-1.44878947773045,-0.340499398842622,1.51623235649441,0
2.20718914080882,-3.47907539022266,-0.357748550858008,1.59414007598258,0
0.71492242519279,-1.23549734971017,-0.00366095421827221,2.10733120146512,0
1.83478588968606,-1.20027145498773,-0.422661183331563,1.46886846926924,0
0.443398049681743,0.0988649606076978,0.176961494238373,1.4786553093868,0
2.21265880623078,-0.39517726989307,-1.21922360024304,2.24278433733469,0
0.910499575916318,2.2425327886469,0.132883561671766,0.532921286695281,0
0.64934751396202,-2.67774855275532,0.0146824449319339,2.27594063737446,0
0.623871085931798,-3.092328429174,0.0840208116699454,2.39662095353208,0
0.674008504569,-2.23844168396297,0.047208191813339,2.35469235784279,0
0.730644689586278,2.06302904824501,-0.0246947529451979,0.628015950037615,0
0.532798216438979,1.44051582895863,0.0537620197799012,0.635800291580857,0
0.865144211741807,-1.94164877367735,-0.0796938458221192,2.24549668107675,0
0.698851154237136,-2.23973056412678,0.0088480374914651,2.58177940284922,0
1.58681115653336,1.21175758237032,-0.338517858888119,0.849531277178994,0
1.66845700946191,-2.74927065351025,-0.228615481228734,1.7165355083366,0
0.229064601504918,-1.84683186856667,0.18035451779691,2.11700078646332,0
0.631226749872429,0.179250802770929,0.0573127915403999,1.45980911297134,0
0.563434953965369,-0.639298083803737,0.0781872231450775,1.60688849652345,0
0.688262864785997,1.31845943797071,-0.00851449199409666,0.50029782724849,0
0.828823537423134,-2.40853984759206,-0.0508320083724326,2.33985340804562,0
0.693566285468407,-6.56631989692296,0.00394837704446154,2.8498248554459,0
0.560465578700875,1.39989794355633,-0.0496043920656395,0.263679695098702,0
2.26670393071656,1.23898209328512,-0.448916388629804,0.552610942957353,0
0.566187457762619,0.446743794501658,0.0674241107429708,1.49052515659044,0
0.614239025239102,0.306574064548336,0.0380816951120616,0.769008675893211,0
0.643679065598935,0.570410132323794,0.0936617343242506,1.74462488642387,0
0.597570010673435,1.49551343561071,0.219858516381906,1.88423886040539,0
0.668002972448637,0.237572020937088,0.0250648179966805,1.4868940412993,0
0.883060134775947,2.08262785325901,-0.014758710329292,0.425156068348218,0
1.01467825239521,-2.0224996478239,-0.135659088093925,2.10479949226593,0
0.226851695947605,0.894443893097929,0.071467300033166,0.424081588756617,0
0.650579077804522,-0.773659977841961,0.00800376799463121,1.70049202424646,0
0.749502220390474,-3.28502069675862,-0.102668097600307,3.32144858841661,0
0.770353106152703,-1.92782499858665,-0.0392106639147482,1.85327255663277,0
0.455557134226088,1.00887743356626,0.0338963281011734,0.339421356671214,0
0.712474016384433,2.87226001210312,-0.105757852261169,0.249554061715392,0
0.626398584685228,-0.679214959285521,0.0755128775700281,2.77325622886773,0
0.668799153793211,1.37473517006951,0.0377355353780185,0.480750031704904,0
0.678886446584333,1.50447149011969,0.00939540616834697,0.563971075948462,0
0.342297361839031,-0.0540927442126886,0.124501446864864,1.2733876910501,0
0.819833576151134,1.85838546829253,-0.0208031238840434,0.366267559034334,0
0.514586264097682,1.74019689648023,0.309597543322216,1.61685450572373,0
1.25212210123978,0.614925081765086,-0.195395987542296,1.70548900094633,0
1.74914591482634,1.27156687644428,-0.366261416746919,0.910621074884528,0
1.82272780248027,-0.860539689107477,-0.302793265468667,1.7810244927087,0
0.738356509396525,-1.53077466588839,-0.00805131209538087,1.7112015728328,0
0.633518822511737,1.52649391318072,0.0928475130832788,0.553789489274974,0
1.02377165558146,-2.06999038273098,-0.136874287936602,2.220166946748,0
0.577008585619254,1.49373084300431,0.00914973867333522,0.44502445534113,0
0.367823898009154,-1.72083546769749,0.153083069444972,1.96689785108646,0
0.885232183943595,-1.17958936708339,-0.0633150363117158,2.14948043619156,0
1.44420202686448,-0.81182544544066,-0.257701151635439,1.55396268529871,0
0.672566552007842,1.80297424788859,0.00465021813304546,0.313909853212278,0
1.39443118063192,-1.58588575701838,-0.216569190517927,1.50995874922731,0
0.458494662992917,1.72158904760966,0.0447271172304631,0.404293912670717,0
0.435565474137248,0.785571185094292,0.0995390431281192,0.837342043203927,0
3.63606327583021,-12.255044275606,-0.800823552636889,4.26655057677444,0
0.583062359859834,0.660978292721832,0.150197927779548,1.69505086974296,0
0.892004677293731,-0.392786875546438,3790471.19894774,-20208646.9459064,0
0.590213492528466,1.8255026344037,-0.00335050036853873,0.32150192429806,0
2.10353505448892,0.431147421988353,-0.342194311049814,1.15258938094501,0
1.53211205777834,-2.21101852535611,-0.208084463372129,1.84140195346899,0
1.61335462766128,-1.18787513696993,-0.366012833767793,1.4975151096287,0
0.635441036835814,1.46308374726733,-0.0817141256246619,0.239461651478545,0
1.05276017053135,-3.80776226742304,-0.0226765358408551,2.96612810207347,0
0.671577317106036,-2.51382931073296,0.0755118090094193,2.69303184929151,0
1.37134451813179,0.291060647838347,-0.348865588575001,1.31210163534536,0
0.799489019712546,2.28240540270905,-0.00806443356181828,0.232406026804484,0
0.762907853379925,-3.00326415750233,-0.0253099561043185,1.97669308350448,0
0.849549270448073,-1.77836039064461,-0.0224459454196356,1.88792974553631,0
0.73649338663065,1.92798377931195,-0.0570790498776256,0.36308456864492,0
1.02308680221357,1.16426070474565,-0.115608200457781,1.01405015204821,0
0.618673421941772,-3.26883210330415,-0.0252213472499232,2.11414017425744,0
1.96376238843913,-3.88206634910325,-0.392517685512157,2.32989284545513,0
0.173478754690014,0.654964447652676,0.0420986198180349,0.424685494099686,0
0.739294751400033,-2.15272219105525,-0.0244769377365266,1.86307479881666,0
0.763488265290469,2.31572765693608,-0.00747077764731603,0.342928751216782,0
0.788825675889358,2.14898710676961,-0.015149231929056,0.290220259669177,0
1.07616138818203,-3.66291422492939,-0.123356123759074,1.92574028604142,0
0.456241261583158,1.37407338355519,0.098008125159297,0.570397591811303,0
0.663128707763167,2.31598791501826,-0.00824086675331266,0.444579099663092,0
0.604531337050273,1.31110516651923,0.128169101349815,1.76706295215011,0
0.29927462574977,-0.00709752988220418,0.111954685028725,1.31833127939656,0
0.702474210595067,2.35257782605178,0.00398487235934097,0.384635566538867,0
0.201231746748222,0.21342437468787,0.0570657153172004,0.783380614958135,0
0.723154629743029,-3.48795627603669,0.00140618468272786,2.443647083047,0
0.329075227039119,-1.14421434347812,-0.079322816205394,0.981670514109063,0
1.77193101971069,-1.83099512695604,-0.533088766190069,2.87669770967583,0
0.872046131351758,2.59070636834483,-0.0472009842412843,0.193492464938821,0
0.540740704638571,1.87823360140642,-0.00451443953834742,0.299662071402151,0
0.229793745666172,-1.29150846661566,0.147203879902249,1.48250524725811,0
1.95221028696373,-2.75374802347161,-0.405020690096152,1.95701010166167,0
2.07733334261047,-2.42834027467134,-0.338682154243785,1.39259777275725,0
1.02291317007435,-0.84194280488813,-0.1314652545302,1.69376614861107,0
1.00035317853265,2.43642120350721,-0.0649146818375704,0.29060073313413,0
0.795795305213046,-3.17157313709514,-0.0193123836686926,1.77473509801877,0
0.967925797077788,-1.85017505881297,-0.0973750988920951,1.90573919110905,0
0.856445507246718,2.58223380812661,-0.0234008943924733,0.334730538608924,0
1.50732505100778,0.854945866101689,-0.167503865861165,0.664195430531654,0
0.961376578015024,-4.0011330347663,-0.147810745971746,2.48686785311133,0
1.3089672134692,-4.10580463587058,-0.186224678185679,2.91029882466671,0
1.28637917377167,-0.726683939589622,-0.240993312609951,1.24249069736743,0
0.708905926809454,2.12032519063925,-0.0357658955777289,0.307612842358962,0
0.59706820077866,-1.95257738697275,0.0237737443527059,2.17318860588505,0
0.648663153554652,0.48141130001612,0.0596089020729808,1.18567291201437,0
1.75585315847479,1.14899644270823,-0.456379845059046,0.922776642820953,0
0.731713344664515,-0.583806943147767,0.00701393446658646,1.79928025134582,0
0.595892901744758,0.511756071827216,0.127324425266602,1.60524643047926,0
0.918212712949666,2.92968936141246,-0.0291198728153191,0.163130215675448,0
0.754231301691257,0.523517764535033,-0.05338127665336,1.62399401456649,0
1.33165697729298,-2.6725816517861,-0.229991835718784,2.3218011615075,0
1.74417645655767,1.27186831768517,-0.31327342320924,0.78472750915296,0
1.6144024353619,-1.42069798594488,-0.247500818974542,1.46410950499785,0
0.797016705229049,2.25592621657766,-0.0335506239916235,0.470027486706396,0
0.40736209158574,1.17323661854732,0.141582702200591,0.881519409446291,0
1.49452165292052,0.252360520330306,-0.26296221474792,1.08957196692125,0
1.87821978042368,0.243649466676503,-0.468997383937023,1.25697752834459,0
0.912370191234497,-2.18384262939865,-0.109875665840372,2.15711078260957,0
1.62681767094482,-4.02818608973577,-0.246248390397617,2.18083348775115,0
0.302897297740497,-5.70591210153909,0.134737915629124,3.77531680261665,0
0.290934688222513,-0.221717484616272,0.152090503533144,1.56975039398948,0
1.1659017404934,3.10973903189971,-0.134369184118024,0.124801627023112,0
0.749780756565469,1.65723394292701,0.00263257393630431,0.302503487316656,0
0.860879303917263,1.89939739330556,-0.0674039831381888,0.282151743436648,0
0.909983533165686,-8.66670637330431,-0.0609119846485792,4.44641621302203,0
0.400776604976288,-0.0351344147673909,0.215206362368101,1.47342392026382,0
0.32676341861877,-0.0536278002755224,0.297288864051584,2.32960518470259,0
1.42856454518314,1.52273200322181,-0.336008233864848,0.520621337525143,0
1.03481548856185,2.69240284240367,-0.0909018501542958,0.28130453679619,0
0.611226936449032,2.61061766996411,-0.0309882188210694,0.247263467321279,0
0.694927026310583,1.79260886744618,-0.0166452984691984,0.47841496431985,0
0.45917195771063,-2.88155688357983,0.0709665039343915,2.34816975650852,0
0.493679322391686,1.72552454379456,0.0883475700279803,0.53391998343692,0
0.786554936890005,2.52361939791876,0.15629255051093,1.45230831406392,0
0.907978683831903,-0.838705844992705,-0.0960168022880756,1.98127532429953,0
0.253444134444519,-3.9861975758603,0.230832619764901,3.01846033338391,0
0.886310102804679,-1.56162373709479,-0.0473195604399401,2.06526575892165,0
0.523042667468975,1.4854962254096,0.0205596393452768,0.697417251024432,0
1.9089192430063,-0.0237470729994846,-0.310404407280229,1.24409719778565,0
0.684819088845241,1.04675734582142,-0.0480774742207843,0.325380224859187,0
1.63723807143819,0.783207034922978,-0.400165469135177,1.21075417526625,0
0.315463186521298,-0.865346990300709,0.200184869716839,1.75413867218257,0
1.41612824374801,-3.6200781317074,-0.206858655442826,2.28104476538139,0
0.60875671241828,2.08715024002623,0.00670992598963482,0.298548617345981,0
0.750180529571808,-2.62366969400102,-0.0257959267928713,2.06354907213344,0
1.81679814510742,0.454207643063805,-0.474660944881333,1.43595045019574,0
0.827244479094329,2.12004101690962,0.146239627567374,1.09389150664709,0
1.29380819362953,1.37163491006749,-0.260856291407232,0.928840336310983,0
0.540188392037635,-5.19258402752053,0.0889109541171299,2.71601820445709,0
0.664927359107926,1.86397151700322,0.154441682190022,0.869675691002588,0
0.779005807922769,-2.73491717907263,-0.0268247296637228,2.31750318255338,0
0.0434186993212355,-7.78277423854865,0.165361564385824,2.95801237895718,0
0.582084520541148,0.293173990262758,0.137246648772918,2.03083674464826,0
0.628748385962784,1.62609299615596,0.0045438435399369,0.532641352505854,0
0.749440791167428,1.82494005800061,0.0526713385315825,0.332256296996023,0
0.776614265549366,-3.57010189076541,0.0561855318428361,2.82683213322466,0
0.630080476024093,1.44096442333066,0.0985626500530349,1.0554489856809,0
0.399060387957663,1.00398293839843,0.108852174871389,0.727949937182819,0
0.656397665579637,-2.40002918003568,0.0329508873934169,2.13479743277051,0
0.563992701956064,0.996793486917392,0.190551823953879,1.25144666524499,0
0.379018386589959,-4.54713554514053,0.131262202651633,1.52377073752306,0
0.486209683846168,-0.769936955344291,0.100809157469036,1.5691601815405,0
1.35698432539743,1.38208832621556,-0.281974094670273,1.06360801927221,0
1.62477311077651,-0.480568901216351,-0.25976943018982,0.478115844308221,0
0.780377207632401,1.73464977526485,0.0154759956792131,0.350702298115432,0
0.226555963484342,0.659843028164351,0.209361261504191,1.00993668860284,0
1.39485590113698,-0.448721534422545,-0.231687025085571,0.943960694004841,0
1.36337953497144,1.11071049228371,-0.237509480594448,0.808666278443137,0
1.22314362509332,-4.30998418030828,-0.14768848372087,2.33657448774156,0
0.310806890456264,0.203722004802246,0.0558055251539978,0.895242858652998,0
0.586205277264548,1.43911267901239,-0.136714653057795,0.177651588769208,0
1.41411409093368,0.89057651369642,-0.200474919084026,1.08305738292653,0
0.722206895007027,-6.989695448525,-0.00914349539765822,2.21731846011348,0
1.53719230661932,-2.20090481338069,-0.315340342065659,2.30969830821442,0
1.40460187907354,1.86138670225421,-0.187247958423325,1.02228181478281,0
0.484234445764326,0.289732539567054,0.085346326938189,1.36107465235097,0
0.829347991514911,2.01198102803423,-0.03178809715264,0.366011318436878,0
0.643576669619621,1.51338081182306,0.105177200158159,0.592776258886084,0
0.790798242462434,-1.48532188526929,-0.0371321751453681,1.77031719367501,0
0.857436662727313,2.38900662084247,-0.082325135111633,0.0713089184628001,0
0.618398735755799,-1.4179395877483,0.0720052607569495,1.69435666226007,0
0.79203202100802,-3.69914311357013,-0.0105822060090182,2.83138706951009,0
0.842570488165776,-1.39251978856125,-0.0658897576996027,2.14071043001131,0
1.47848622416639,0.993788479681898,-0.21377106502268,1.46113609725725,0
0.545940806078481,1.55121040748901,0.0176929281715342,0.524163896582413,0
1.44879475668225,-0.80084056284861,-0.349328631989967,1.40222019073842,0
0.881380644584809,-2.05883820332504,-0.058851669870487,2.23103116348054,0
0.475325787820114,1.94009866921006,0.142102880946401,0.661605770945315,0
0.993977525658941,2.51323247607246,-0.0698353551842562,0.301365035378128,0
1.7996144340974,-3.00520962305791,-0.228156657506423,1.85667916438268,0
1.36200700733725,0.534270519394498,-0.220383410490938,1.03356297099297,0
0.430258989107492,-1.08022475024279,0.0894141944529954,1.61450534803574,0
1.38940683641219,-2.96017942094462,-0.329114276981177,2.4063822479088,0
1.74202976737761,-0.897141741122642,-0.289752798222328,1.29504449674486,0
0.739050607274822,-1.61239474338076,0.0152472911337637,2.05734415944698,0
0.590873532246216,-0.900845179692187,0.00996781127420763,1.5868793744457,0
1.08165373584433,-2.00404649655567,-0.282363410813385,2.45774855186822,0
0.288485513597341,0.202190961751061,0.165482989230519,1.12883290283982,0
1.86587527343447,-9.73158257205723,-0.198235778446724,3.07907421583638,0
0.882258909268329,-2.540172869873,-0.132844016153835,2.01016335012548,0
0.340093343440104,-0.136949391481024,0.318634731519478,2.41495649055688,0
0.916005050806184,2.55248993584947,-0.125329292091442,0.255632895170568,0
2.04893485071556,-3.28050168844674,-0.358015757587472,1.87281673900262,0
0.704775657596039,1.47214918720558,0.190415841410098,2.28014845229249,0
0.564730420830859,-2.28290652797817,-0.0138785683393894,1.69355643285034,0
1.06950321522894,-1.65722952982974,-0.1672546382583,1.93725342262313,0
0.690201923217089,-0.631069965788083,-0.00630701140216026,1.37648298113449,0
0.801206090521814,1.54317332470355,0.0167514482429818,0.438309916327863,0
1.53570554047358,-0.101574741428911,-0.265426063745579,1.26952997151015,0
1.05336908058379,-1.4442684785991,-0.170767053828333,1.65505392826255,0
0.594805063394849,1.64458792726689,0.0392797387665178,0.496380564977772,0
1.51314662275097,3.01579462040243,-0.342361903905432,0.89255713344443,0
0.748019899914063,2.12243240598569,-0.0031459130995023,0.302523351165231,0
1.32452389331199,0.220316304077545,-0.253682925353373,1.34588744000683,0
1.90989989054323,0.345384116963668,-0.391813788990199,0.823408407958998,0
1.19512984999292,-2.91581621570474,-0.152514589988149,2.1622776946875,0
0.545892517509698,-1.14315843363668,0.0576578693316639,1.6386349743759,0
0.692653498598303,-1.9284432851959,-0.000306356800866296,1.97807845857201,0
0.537972588932245,1.32895958138178,-0.0113894223072205,0.371649169395543,0
0.701205952797875,-0.512409938989318,0.000180313663901989,1.58064579136324,0
0.878837311574464,-0.720322666455746,-0.00622764108252449,1.86678700939075,0
0.502410787818478,0.105224170753063,0.0677641565950065,1.13602855874621,0
1.03134022110729,2.06154430157876,-0.184615107689274,0.554314876126966,0
0.599666437211341,0.659931108711668,0.0813575889697458,1.02640209513969,0
1.43341631678993,-0.408356802478472,-0.217819638824912,1.22514970038801,0
0.580226161715108,1.56338631683989,0.029208547140922,0.463201381406879,0
0.615156154425673,-2.70811645564718,-0.062317290442297,1.92194547641753,0
1.08296360476859,-7.18572974017703,-0.136206853135995,4.354419504788,0
0.770616310253516,-2.20732460406072,0.00608953485891921,2.18108311668925,0
0.680607071533657,2.21619405929015,0.0632635018621679,0.186254288401127,0
0.709434706085351,-2.10922016870319,0.00517601379314969,1.95974486724359,0
0.621739999363516,-2.34936452187784,0.0382674061752937,1.90380225662717,0
0.726353717100735,-2.44421460503251,0.050814294333868,2.48995418293541,0
0.867028752651813,2.30532260236819,-0.0966787248800206,0.123761788602507,0
-0.102617491889643,-1.12105992979054,0.25174589171016,1.48210155056745,0
0.662847177113108,1.93174588209104,0.0517015265881363,0.465010107004901,0
1.83372704876161,-2.84200244587745,-0.209821582165167,1.73330512822723,0
2.45864030098906,0.422558549116544,-0.351094881414865,0.946050570758269,0
0.51006916574807,1.05174387098664,0.202625424726674,1.26785520591151,0
0.637185750978028,-3.6338784960332,0.0140363963710569,1.77018131301543,0
1.08027665267125,-2.18236394821479,-0.232169254991358,1.92341208613344,0
0.707820723847815,-0.351743458202119,0.0537193384900611,1.65536409516537,0
0.501317372167683,-1.99405488999863,0.0392917320069724,1.64582351681342,0
1.10886856741068,-4.38430164958184,-0.124566359134048,2.33265669630222,0
0.781831438291527,-2.31877354637035,-0.064587339485481,2.15484124754725,0
1.38137681269258,-4.17159977986914,-0.294384529028803,2.85532782816763,0
1.02314081505209,-6.45142834223361,-0.0568337613490044,2.68091354772197,0
1.90825397393606,-1.57645125193668,-0.425913144117241,1.65300624061498,0
0.55381817879142,0.348574804104722,0.0699397393318585,1.02536114216401,0
0.706325332232087,-2.35711308672506,-0.0268735424671522,2.04625045725771,0
0.629510458555153,-1.87448060901326,0.0193121977958992,1.51349362446317,0
0.928961404060041,-2.06179788156884,-0.114782327930086,2.41798973673208,0
1.05846677455483,-1.62028159331937,-0.130440681629001,2.01708145197345,0
1.63857373837148,-1.26871128281923,-0.345999104494371,1.35168389118665,0
0.569254075659568,1.24815456924308,-0.0974456529328783,0.13547743609465,0
2.13578221313367,-5.08919658419769,-0.486103635140631,2.98040464729365,0
0.45775047964508,-1.84826729615496,0.121114809648481,1.7598428469391,0
0.663403155871961,-0.536524094613732,0.0276836930618416,1.26519879809944,0
0.945644924022488,-7.39803734560811,-0.0704964863683938,2.64742406590352,0
0.474511632737794,-1.14285235529017,0.241878600445219,2.72688487987147,0
0.817114537819536,-2.32941793205239,-0.0470246752527936,2.11230511954406,0
1.27310521131151,-3.5370904526217,-0.158106673002747,2.03131859473684,0
0.907025294067895,3.60514156447095,-0.0352300827629017,0.0216126315005223,0
1.67747698195338,0.136144996874316,-0.393564145779014,1.45847801514062,0
1.01630461612284,-1.77356682497203,-0.124572707470766,1.97307706830579,0
1.36131331383244,0.316100580626538,-0.185336624440255,0.764328456781264,0
0.68438187496708,2.67838162433222,0.0213285135073242,0.40141071210206,0
0.525405247823739,-2.23986973977639,0.0597133984571975,2.05226585704439,0
1.25306007314203,1.14865161626683,-0.209242184359263,0.75435697716191,0
1.88547950909798,0.94208702830734,-0.313868303344095,0.797881620536061,0
0.342101717622285,3.1589811667623,-0.142753704151427,0.224069938389406,0
0.886053345874902,3.22008713570859,-0.0695963936598051,-0.0154755903177372,0
0.241005877213934,0.321015301299249,0.151954009510509,1.30436874639705,0
0.664343568164754,1.98293299517567,0.0621797068238206,0.356951286870662,0
1.48333361865303,2.05721806099155,-0.259409087154818,0.411152796101808,0
0.541591440090912,-0.583662239329401,0.0433539416330799,1.31229771007721,0
0.626003560343871,-5.99652311676432,-0.0128797484610601,2.35731896565177,0
0.411976046138037,-0.988912183224969,0.112489167979555,1.63929821392476,0
0.674023750916046,-1.08912347513083,0.00444000474625904,1.79516163118348,0
1.26263857470287,-2.99088271831727,-0.153733097434959,1.39676510493845,0
0.642874632613735,-0.878482377982921,0.00329669093808428,2.03398210772678,0
0.33071165014265,-0.812443651530241,0.13318794275032,1.70274563323979,0
1.64390616762903,-1.48586367723204,-0.28339088273376,1.46527427357141,0
0.930324278383377,-2.5520367072639,-0.140065936899951,2.14386843271953,0
1.3640131371396,1.7877994707899,-0.235324790545743,0.407238301337648,0
0.759622680458135,-1.44914815174099,-0.0204703136394644,2.01905515872134,0
0.996458198381923,-1.62483574533394,-0.150369353270529,2.22817194529889,0
0.953773948857584,-3.5868628050127,-0.125992765524594,2.52265068738788,0
0.433669139415714,1.63268750609208,0.107288265759454,0.337881331653181,0
0.550861728778309,-0.598449693329987,0.0834852035333156,1.8885156497394,0
1.30995957027596,-1.99356659936406,-0.248168692348064,1.92654692638067,0
0.977891799841302,-5.02977503044772,-0.0685300781097154,2.53127299667527,0
1.4217946977254,0.992117041861617,-0.372514323541131,1.00397215251755,0
0.769838121093716,1.83344800775698,-0.104949631957448,0.220770451001844,0
0.556971790894008,-1.31195091827769,0.0822018974240173,2.33656952427652,0
0.626568965911982,1.71774517117595,0.134254296755093,1.39332433299989,0
0.402589230382515,-0.116840373568227,0.0667182904576603,1.26115362974725,0
0.46352581111677,0.276187939563916,0.0654805146911474,0.849373834956918,0
0.692767636874131,-0.616141140896765,0.00262522504999646,1.63875969601806,0
1.91286547384551,-0.203689560665024,-0.314118098471539,1.07748985957099,0
0.547500231552352,1.06547608379137,0.0615431539342152,1.15101844442932,0
0.626463310325744,1.62306607897764,-0.0130067509505683,0.327109318066891,0
0.609594002552209,0.170098048664027,0.0697964441873076,1.41472558381858,0
0.242965452726038,-0.662682674447461,0.161438315514451,1.49175505260886,0
0.802188584610251,-2.07419412527681,0.00635838709204975,2.18966474322828,0
1.34578221359602,-1.0283820964686,-0.312229167033445,1.84252171093453,0
1.61169816563872,1.52898247566572,-0.31583040155661,0.943699091329578,0
0.589781318722072,-0.938162035649649,0.0581563948702622,1.84561617649635,0
0.516984330279929,0.570872084476162,0.132583929521947,0.992481362356688,0
0.707961800960213,1.83450768066252,-0.00839039109663521,0.232304100375403,0
0.715851932092001,-0.976994476073419,-0.00559910375778421,1.60867357632151,0
1.06526709511235,-5.59100171832273,-0.148403961459067,3.30816397589958,0
0.874093892483916,2.10153510281706,-0.0075677440363248,0.247156630972776,0
0.250860622079248,-5.19894785143015,0.0711128644809651,1.75556920113262,0
0.688033701717753,1.72118263613461,0.0652221115189296,0.342349396649107,0
0.856291812242878,2.14792011764491,-0.0375049524121923,0.389385922737589,0
2.60253724507416,2.58707289975701,-0.873020401948116,0.230423010924013,0
1.60650107772688,-0.82568898463676,-0.373801701681339,1.34899899354705,0
1.6820373839949,-0.618502579269363,-0.335466039944513,1.63557167158242,0
1.33244117212445,-0.152648194736474,5752101.07320707,-7178944.00388479,0
0.895999130803996,-2.31362365336896,-0.070190101606599,1.99122495028633,0
0.93139890498737,1.9769388707067,-0.0292171019431312,0.381619813515409,0
0.589942836865014,1.79821902769266,0.0641113142526285,0.42162713718859,0
1.35058309302434,0.234514652484058,494906.313247657,-752433.98219249,0
0.867826583785942,-0.695287464394036,-0.0559016020261611,2.28452657760094,0
0.877389951481329,-3.95922999674927,-0.00452719299329117,2.42953124360465,0
1.77806948185007,-0.432566321427742,-0.618757388922747,2.10884676784093,0
0.495318804702247,1.48155596590852,0.0444771371508045,0.686820201315851,0
0.336098435698547,0.840427711888583,0.152744030702735,0.9125764204814,0
0.700764056546153,-0.747063177865173,0.0656112497887829,1.74054932467311,0
0.645751449225101,2.12137350330296,-0.0109330470901501,0.29242859091144,0
1.64134278318504,0.581169083389328,-0.328854223140796,0.958930753638213,0
0.451381110237122,-1.00150545079063,0.0897400979551967,1.62509604468582,0
0.834032410630662,-2.64436934048793,-0.115752089832628,2.16351042857549,0
0.725858843017651,1.74891348539856,0.0374869999592803,0.423892179129681,0
0.736718666486826,3.01298492114215,-0.0674837466088448,0.20193235714621,0
0.555462791222047,-1.31765390719059,0.0386200113628533,1.82160696535028,0
0.850084912094352,-1.75626482585433,-0.0354781589789433,2.10355090491524,0
0.897142731398968,1.90639534919638,0.0966603544367416,0.980900509941037,0
0.786960558456907,-0.917302411297744,-0.0188069476797075,2.038301325901,0
1.54414275829503,0.344921856883331,-0.323002099276339,1.05024582945653,0
0.711165165250201,1.77736711025318,0.0423020243602067,0.601055644082907,0
0.323761783837678,-0.535737173009461,0.186577117631197,1.44803124526549,0
0.495450112799132,-2.88435244051723,0.120545254761755,2.34828223156961,0
0.634197915263336,-1.14470688402275,0.0606745044836391,1.57729135986302,0
0.87447624320104,-3.15601937364521,-0.123034124151692,2.19198998825106,0
0.561469496139427,1.7439497587086,0.0117136434426729,0.244152848687129,0
0.580617487712209,-1.66885512624217,0.0139070018947397,1.90196213727107,0
0.436146872349648,-1.32524157778892,0.0878071867880691,1.81119622995607,0
0.697725159090999,1.66422874611719,0.0119275920780226,0.361970523374129,0
0.765141975282725,2.20023010736403,-0.0912861863257712,0.376295785484594,0
0.543025735632781,0.682582126054992,0.0990313113578467,1.07268425532203,0
0.840315064062037,2.15291615755525,0.030331332305869,0.310451441471317,0
0.533633178341237,1.22404735276623,0.0726756720871264,0.890809948849514,0
0.523821614261705,-0.140290513858724,0.0920123143909289,1.41747762958128,0
0.577143364196773,1.19128905413937,0.00394490670186028,0.460443496235194,0
0.366448562949981,-0.287889328491516,0.143866076108029,1.54175352139176,0
0.770881203319883,2.25753271235404,-0.0488576092011552,0.480713157723644,0
1.30731405647884,-2.70911645520905,-0.277413586311509,2.2136037504348,0
0.67952907888829,1.47288687985289,-0.021936190733644,0.319736297609691,0
1.86241896941187,-0.967224000385909,-0.47976426167101,1.77944588678218,0
1.01310611943236,2.42139737310144,-0.107163261366237,0.0642490597374469,0
2.14233773017652,-1.76819821699363,-1.13655850808112,3.72814532201816,0
0.608329286860009,-2.18791574590507,0.00491744562810726,1.71982669872343,0
0.51783516189846,1.7005407190467,0.0278542531738511,0.323962111837478,0
0.61196926763215,-0.625436302375803,0.053238466779495,1.49291485233197,0
0.942255478785586,2.55636999296373,-0.0629936006102603,0.340064143902374,0
0.500437440909164,0.560514644940729,0.0868694033716203,1.17717071117664,0
0.733255857677309,-3.2114952971157,0.0784292226104301,1.72735517764003,0
1.9462013071194,1.7183358829346,-0.463727447069648,0.570787338866364,0
0.570522074496905,1.02981635701519,0.101449205876519,0.945488614104596,0
1.77002770914238,-0.229195282801487,-0.497093222785842,1.58652761057603,0
0.524836637832342,2.08895966790142,0.263232489105056,0.780602861582809,0
0.69269413488748,-0.912111294520903,-0.00192236739100106,1.82087261310516,0
0.482018321114711,-5.8285150384916,0.0496901951341585,2.69650488418404,0
0.689717144963371,-7.60148572794734,-0.0176740091112192,2.65174672701879,0
0.751472459489182,1.69664444148194,-0.0424457141538935,0.363236501186984,0
0.549091885035555,1.64265874308704,0.0550960953746138,0.500544280545322,0
1.2147282367043,-5.86592150433917,-0.136919475498672,2.84541585925154,0
0.732472696705569,-0.864948972050283,-0.0205088816799061,1.9615850151944,0
0.660009687599994,-1.28616315940595,0.0418516222070288,2.01914766763223,0
0.639445356433329,1.86709745905227,0.0165759964609912,0.433425532020935,0
2.22881383384644,-4.19647081321667,-0.349521079064762,2.10939803058798,0
1.33393081641694,1.66701887368069,-0.162996928765202,0.42213383778408,0
0.790905688839266,1.8650265575673,-0.00914569375330008,0.322135806004194,0
0.808277138536791,1.77047560128617,-0.00647086283163135,0.438923975837744,0
0.665456827027807,-1.53253214986131,-0.00354217740011783,1.66524355426082,0
0.996869944691109,-18.1887314859461,-0.092938321421218,6.15139335330841,0
0.652780325877842,1.40488162865087,0.0125588612564814,1.51296122819706,0
0.65538563314873,2.07250352970416,0.0162910570006747,0.232533986836861,0
0.637385306270817,-3.80076678849293,0.0416815140768297,2.72675605033139,0
0.524966050830305,1.43103145593507,0.039617384921348,0.566124265111454,0
1.10830788187753,-3.87982506994952,-0.243067615770745,3.46104874957753,0
0.616042124471058,-1.14098830973832,-0.0968455080084712,1.62810883450859,0
0.547672442885083,2.0873793615765,0.0299204409645488,0.338345665895403,0
1.31608904795576,0.431687762009894,-0.201080028129934,1.12299131609634,0
0.456933452350242,-1.06162474566376,0.103115882703078,1.35228226038498,0
1.22563136739434,-3.37353238798337,-0.183181164737041,1.92095757777797,0
1.11039806384083,-2.70909183378122,-0.218206632641921,2.82415665734107,0
0.45122213437352,0.159348699187646,0.0933550961488659,1.5178059605507,0
1.5180195538591,-1.62505586532369,-0.282936323689144,1.54613999105733,0
0.616654903911961,1.3368671558037,0.107316440808687,0.81007246385302,0
0.888606483775511,1.52035936358194,-0.0337045222561221,0.38281497012075,0
0.536175045312573,-0.716504220788708,0.0589325101877832,1.51920240899731,0
0.911237614970391,-1.87433690970225,-0.0582275758950516,2.23538903905954,0
1.16266629262,2.46500202594263,-0.199510325114465,0.612572769957946,0
1.00539575026237,-1.68765752534986,-0.0998451566555427,2.17637760026784,0
2.77897603985756,-3.15039741431083,-0.816531414258199,2.43141010509017,0
2.66307479696579,-5.4467331003468,-0.438312006829891,2.12093415420439,0
0.500156850718298,-1.99634798494836,0.0151581528115,1.86005276805119,0
0.853929312023951,1.99132266235205,-0.156595936290387,0.354845634970908,0
0.58739532739419,-3.52153306583398,-0.0109300178111484,2.3411465038376,0
0.605605002307855,-1.1769633656484,0.0366256599819256,1.98117454888926,0
0.505725971537869,-4.46000342032932,0.101760672477658,3.34087069800854,0
0.967131360990656,-4.78521968860371,-0.122932332817386,3.02843732540669,0
0.663592436778097,1.34036425836695,0.0860706771893678,0.590441427290482,0
0.47211275773816,-1.54627320981238,0.134980148339908,1.73448173128993,0
1.18989838378298,2.22563774589353,-0.0347164007835603,0.501019883588329,0
0.584390316535911,-1.48961961386866,-0.0054135241757706,1.97390634663115,0
0.964095733861654,2.85953926136772,-0.138143833033808,0.0831969344789787,0
0.634337812490281,1.52220252167194,-0.0194557169639307,0.391240395071296,0
0.772215029886428,-1.15963755630002,0.0383548813553748,1.65933648106032,0
0.38243996751558,-1.04571511509749,0.13165392797389,1.84213240720758,0
0.582530406124689,1.16725692151021,0.126991515693652,0.579215772621489,0
0.611690452707111,1.10834126932788,0.0262752007135763,1.20421929343318,0
0.607220429916349,-2.2422005119446,0.0138834052793645,1.91996402239084,0
0.456330015060464,-1.05762487946891,0.0414076043931908,1.61689283100077,0
0.64764653311131,-0.753027974425374,0.00291728287588756,2.11122959031786,0
0.54847232375731,-3.52747777450748,0.059578447895406,2.62437705082831,0
0.717405518497987,-1.19898427335076,-0.0164238257735225,1.92872900560618,0
0.926129624891288,-0.898924744848632,-0.11856676878036,1.51589808460673,0
0.604130489784522,-0.0361277302559536,0.0458282026511073,1.16949291698147,0
2.50750234183932,-1.36978273896061,-0.530594482744391,1.61731985334425,0
0.40006420923544,-0.833525411354846,0.0541536747178389,1.64611167583825,0
0.657033426869092,0.523414569001497,0.0712104842822136,2.10243061900271,0
1.7827758560973,1.68763644043093,-0.437213765678658,0.764580684124578,0
0.803602018280757,-2.14785421185009,-0.0168678809137626,1.89856919974097,0
0.701481096492717,1.70319970756078,-0.157974030011951,-0.0579265742424886,0
0.450919369101189,0.450141997522925,0.138573341573458,1.65267284718678,0
0.692630008740816,1.1246969452855,0.151192374045785,1.15571837051626,0
0.368979828907468,0.0436367705380229,0.110401505205957,1.02023712729612,0
0.785464240897046,2.07607261391794,-0.053204379822116,0.32257516143761,0
0.57639024257083,0.615556879152819,0.100955874293949,0.977474748835459,0
0.567217734524779,0.877081232238959,0.126766342706689,1.7959496430185,0
0.534305374812697,0.0168218074172064,0.113487912643802,1.61264118713179,0
0.684954945233519,2.05596372206819,-0.00320951359927509,0.186326534162016,0
0.956473956970301,-4.24190606736602,-0.106749350409571,3.41219919939799,0
0.226976745962176,-1.27029042020787,0.191023568538668,1.79205879704722,0
0.497936003138338,-0.374322419631658,0.125134326751586,1.47735546147578,0
2.41632871000607,-1.37724476124103,-0.302463752917273,1.00709303342868,0
0.638733458791916,0.817764752770189,-0.0773621253968539,0.301758026227162,0
0.117518804841688,-2.03836635119242,0.123707657603487,1.39751397811027,0
0.769051257604729,-0.969292935399202,0.000234105584557073,1.49007307115785,0
0.778746147116839,-0.949164948317735,-0.00984683302584998,1.697951030965,0
0.492177867843564,-1.91522817758192,0.0744239371654947,2.07170630545499,0
1.15397320082007,-5.90371617069917,-0.179774531316632,3.24039504524265,0
0.567754611209509,-2.8642416776108,0.0961614875800733,2.52790066602854,0
0.557527524399725,0.0394321915000962,0.0796650686372514,1.11652787316767,0
1.83484608220164,-9.58230730312101,-0.308218217941627,2.91937546018669,0
2.49812968370216,-3.96033295087776,-0.427568924067483,1.69809280083731,0
0.607834582568699,-2.08015895098706,0.0101246110849073,1.80382138587418,0
1.25740199444385,-7.71859770819798,-0.110431586386797,2.65798603778048,0
43789.1823857604,-206837.234331494,-0.128373848310804,2.01754799329044,0
0.440823979751102,0.40853068057916,-0.0565314310413604,0.276751446633596,0
0.839758306951669,-2.83686283019603,-0.034710137199219,2.2136116714419,0
1.09146924696745,0.96425758198816,817032.617874727,-4072238.65128577,0
0.844507280444682,1.73417497379512,0.031309376655481,0.384834790344612,0
0.629686399400032,0.158485205408333,0.0628587202721547,1.76005515788651,0
2.50002901205795,-5.24968510086102,-0.463016294311244,1.91061791594719,0
0.927599504015668,-2.73430179757498,-0.0892231362665415,2.55111852575948,0
0.534064996551983,-1.75749627737993,0.115088917529063,2.24722892036343,0
1.62516257298459,-2.01269517739737,-0.392788961083176,2.14627421608735,0
0.774673186593109,-1.95460517304455,-0.0293164412307995,2.34733863972704,0
1.10494870392615,-4.02794286577848,-0.115311724603493,2.21665173327742,0
0.699467212120657,2.78048707878163,0.0056966131223414,0.274614794505532,0
1.11619566253919,2.07101562986487,-0.0945440947172523,0.348033270393658,0
0.863744009658352,-3.17389410519737,-0.148715975461209,2.74610656927148,0
0.463239925567799,-1.78113210618137,0.106923972909929,2.00410015487563,0
0.783418501059242,1.29113937064635,-0.0272352088390194,0.546537992037918,0
