1.41196593161283,0.882552330947564,1.19623127275292,-4,0
1.41069154938199,-0.207426206810536,0.641050738212132,-4,0
2.00896769215194,1.82028737107478,4,-1.42094220763942,0
1.32685327416265,1.39727519687284,2.16634872903913,-4,0
1.55494591425232,1.10095064818681,1.29854166895888,-4,0
1.58641171379068,0.985997248584941,-0.352741942831717,1.35726334673245,0
2.00307150008312,2.90556412990762,-0.26234337400796,0.781457147003514,0
0.546847344849417,-1.35121077444855,0.0750066190170584,2.02787976546816,0
1.91183524613751,-4,0.767378363082517,-4,0
1.93051133265986,0.997157543031543,-0.35567378049569,1.15147565558059,0
1.13769336071477,0.7729846745033,0.379555553077495,-4,0
1.48694571897918,1.13101805602537,-0.243790686800192,1.0771240224794,0
1.80401017445085,0.369256228319785,-0.350205138703631,1.12787991134309,0
1.52532748691369,1.51156434434757,1.84746938401115,-4,0
2.03531605508516,0.0838325147191006,-0.4382366340073,1.29592050119588,0
0.696481875424755,-1.1996614777733,-0.0211961383497193,1.96468532374984,0
0.622796003352308,-1.59122424967973,0.0154516977845517,2.00622803827565,0
1.20372260811717,0.100731178809178,0.751032895846632,-4,0
0.434933874865992,0.0647051799783502,0.104180151127077,1.28773930489235,0
2.02057492701729,-1.22193193884236,1.47806118128947,-4,0
2.15945175901174,0.580127805932283,-0.481233376823444,1.24395174380713,0
1.83301439919706,-4,-0.361789386680959,2.68690328058176,0
0.562386525401702,-0.0522948462233654,0.112230663716637,1.67819960477884,0
0.640947326404545,-0.603600308719795,0.0715205600828339,1.93367658408989,0
1.17604497594355,-0.931517418834555,0.518283874841801,-4,0
1.47665746312638,-1.04693962262755,-0.268505815988818,1.16279846257576,0
0.736271957439251,-1.80190690194658,0.0145511754578044,2.26078580365912,0
1.61553770633933,-2.14280370195431,1.41116032153035,-4,0
2.26540050710392,-3.63871279276753,-0.510010326424148,2.22547790429938,0
0.514725580848624,0.476049100286187,0.114654378083666,1.54836884778984,0
1.13777644398895,-3.94934861331218,0.56572770587583,-4,0
0.848271283750516,-3.25560674845134,-0.0704065726060569,2.88961431126644,0
1.76441489995395,-1.07942399884238,-0.359910113982916,1.81958103238354,0
1.75160289772663,1.33789568551695,-0.305236557129363,0.934326307640117,0
2.33136812105359,-1.47383113773227,-0.406753730392193,1.39395786894759,0
1.73132698241485,1.99959445098432,1.55912833055348,-4,0
1.55795937223643,-0.581245270047677,1.90784585523008,-4,0
1.44209615843476,1.13813407865287,-0.207305412243933,0.770549132892217,0
1.65249635438711,-0.0684883356779928,-0.322405201754241,1.77573499462041,0
0.507030626524596,-0.384545930058556,0.101782814181334,2.05156309717606,0
1.17817420362481,0.653261298279308,1.47245476607145,-4,0
1.05207617208666,-1.24094783024271,-0.143311335873152,1.79264066018706,0
1.75800326876055,-0.585676045991732,-0.292227678829495,1.63793257973586,0
1.51805103674645,1.46933360947783,1.80661897631869,-4,0
1.96408944546308,-0.565057890813623,-0.368445646787192,1.37314430184424,0
1.82989750800954,-0.222294387621936,-0.360797643993233,1.33782680876873,0
0.596618281013436,-1.58984973216663,0.0750807908175413,2.39944285821966,0
1.41996685931843,0.968046981639958,2.06719712463483,-4,0
1.50169993348298,-0.101005466583146,1.03368391914876,-4,0
0.675815567463073,-1.50895672814259,0.0374082267018695,2.30330817575676,0
2.36088321946029,-1.9741993228234,-0.470838030571211,1.47546663307657,0
1.00582305197642,-2.77893265611841,-0.139931509698171,2.71656631682534,0
1.77632026258334,-2.70503084601028,0.980576635806404,-4,0
0.569809781298075,-1.41545664490555,0.110084878707095,2.44778749391694,0
1.93626495585968,-0.0783701661536562,-0.396804404764228,1.29715547390998,0
1.60433986836592,1.85839311356689,-0.325130927979065,1.28736511726382,0
0.535644447526441,-1.8750344566916,0.0658068591598533,2.65395477453484,0
1.16541761464389,-3.66077720361541,-0.170228130619423,2.16867609704698,0
0.630394498939149,-2.24095432495816,0.0379701134039793,2.69683328771784,0
0.678186090425432,-0.797736969152192,0.0216356476661953,1.54271331761281,0
0.775677365527421,-0.992912882848836,-0.0306500658334608,1.74834775714336,0
0.588161599751695,-2.752715803844,0.0848871699506523,3.06034572596797,0
1.01750854593275,-0.37572069947126,0.373661906750117,-4,0
1.68884562147706,-4,4,-4,0
1.59007370576205,0.678643549828205,1.66989275652727,-4,0
0.670231926941133,-2.71725798852465,0.0532781445838924,2.04456554733842,0
1.81055990755563,-0.793473558086125,1.70401009386858,-4,0
2.21351689872194,-1.88569808994663,-0.452126264684497,1.68119123507611,0
2.34300987952976,-2.53732295678358,-0.567868205188687,2.02773157932833,0
1.14156484360084,-0.601656237569762,0.617739084500921,-4,0
1.51931534397758,-2.1605343315792,-0.258286877332939,1.99409523243212,0
0.736282233634974,-1.98859045807658,0.0111602276445124,1.97848069117113,0
2.08389159441549,0.813005962848545,3.42108933063529,-4,0
0.489719662219262,-1.16061351715316,0.0691217454124187,2.06863476201402,0
0.81826825269386,-1.61707216074421,-0.0424183074518764,1.9125700850302,0
1.46880216884554,1.67142555645516,-0.201028184772367,0.768627764062155,0
2.06534213344993,2.16887947645369,-0.524263034904676,1.14236212300356,0
0.752926760441603,1.73619276286482,-0.0203470628351212,0.366804980945221,0
1.32749165477038,1.03841369714763,4,-4,0
1.42152489126896,-0.813596154317343,-0.245341746904855,1.60272349878089,0
0.57317133916448,-2.14035368949653,0.0333287905840488,2.2901303691514,0
1.7368032747106,1.73065761261173,-0.317857028187907,1.40913342651092,0
2.68533022817224,-1.94192208416937,-0.64513409737311,1.71933129518997,0
1.40734551059277,1.15530746460254,2.60906624378168,-4,0
1.53385099168046,1.2130882531275,4,-4,0
0.713241789070961,-1.88038391513947,-0.0192043766846058,1.96098036074831,0
0.546659820762152,-0.200589702552625,0.065326629418894,1.70732441935837,0
1.02145321817789,-0.237373032667693,0.564572298939168,-4,0
2.32668394294149,-0.223980043971603,-0.518625470211451,1.58213565132721,0
2.34729730142304,1.03174543202492,-0.82666499769428,0.96859377660121,0
0.799982359100721,-3.35827415675213,-0.0575654522104485,2.25810972897533,0
2.24435043500781,0.561966454538659,4,-4,0
1.49762476440874,1.16672334767879,1.74847581896921,-4,0
0.593855614034435,-1.11734159192017,0.0597771030514174,2.09748095021375,0
0.752594211249128,-1.1667485054147,-0.0483578331813295,1.76466717462516,0
1.95219192967018,-2.7264955031861,-0.505385381776837,2.94880055033765,0
0.836716816880765,-2.07231952318772,-0.0553464064386268,2.1336125135427,0
0.752776409304912,-2.21740688578548,-0.0146154047955937,2.13866760868196,0
1.8127355518003,-0.538015246719605,-0.366885651912822,1.56956976912933,0
0.564328347612076,0.520794233161583,0.119797998189551,1.32453191135872,0
0.60304940094383,-0.314669282522138,0.0342033817064678,1.73750971133402,0
0.675458705788704,-2.1242881420979,-0.0224413017095577,2.04990760559497,0
1.57384717101404,-2.63797388238094,0.823579422673777,-4,0
1.56665016163292,-0.361186605899177,0.670925133810273,-4,0
0.667624570805965,-0.79417806709963,0.0354860518846986,1.92443863531087,0
0.649476552144591,-2.935737978685,0.0111918737334738,2.7518025515624,0
1.76327617698603,0.970287589803813,-0.433818162746136,1.50355833898956,0
0.676014367818643,0.447767515589244,0.655921594936326,-4,0
1.59990547396657,0.859851085976068,-0.309699966639516,1.36472154197057,0
0.603455363782177,0.826217251608153,0.106766930294643,1.35675286507391,0
0.737682748810517,-1.63885727771591,-0.0392458098054746,2.24662461238985,0
1.56320856405743,-1.2914834408143,0.540840316342987,-4,0
1.66202414381414,1.01201515062228,1.64686156546653,-4,0
2.01686460593777,0.811685817658894,-0.4535124604466,1.21130493473176,0
1.62236356252426,0.506282240936216,-0.271248169667957,1.09784496232069,0
0.83626205107399,-2.84133663620202,-0.083241913892698,2.94625742375321,0
2.18326291461635,0.667674469890949,-0.438881873131589,1.05167348526285,0
1.692751265523,0.795907072073209,-0.301689784150684,1.16705712544897,0
0.570837754560235,1.49009656447574,0.117432817430316,0.958400778102613,0
1.54249259501561,2.09301999054871,4,-3.6045911528486,0
1.60777234200739,0.250017854073417,-0.275956201223219,1.29202682873979,0
1.92137600443783,0.65926044886498,3.01517719167025,-4,0
1.41923796253438,1.30511318041372,1.9977799717428,-4,0
2.1365323529096,-0.192027343164722,2.77123789896362,-4,0
1.31984169199506,0.891423273294763,2.07660791555706,-4,0
1.36323548081311,0.794300733411636,1.51798165917735,-4,0
1.5876506705583,0.53954234707523,-0.215470542384225,0.814712024594606,0
1.49195608283934,-0.388586177811257,-0.227447052054105,1.64353476506143,0
0.716756331577504,2.10842617281041,0.0914272659734816,0.973577500724319,0
2.39224565205821,-1.3325225325522,2.0690846757489,-4,0
1.58036779880832,-1.97103361573575,-0.292453489669839,1.6660878774983,0
1.52578581344606,1.1896898981897,-0.34303410272881,1.24339666967893,0
1.6682247544381,0.817329420540142,-0.317081505562731,1.02111420530038,0
1.33826317883165,0.484074742931594,1.24065776602104,-4,0
0.595704255997661,0.393033886098459,0.0809984510717432,1.62227876951624,0
1.91615641204035,0.509602572080384,2.11631987031761,-4,0
1.88444415213917,-1.57602792589109,-0.465757677149029,1.88878718242236,0
0.685290986655803,1.84391604510634,0.149463649909598,0.834463432797529,0
1.77916066932402,0.721109958630931,1.62661452488657,-4,0
0.591908676504425,-0.191995024621515,0.066528921554167,1.45761423268746,0
0.652114631777955,-0.378126614184548,0.0341236230772428,1.46672053723989,0
1.45382800757019,-2.98540575746736,1.02098224427362,-4,0
0.794761374327909,-2.50759057444841,-0.00537650331949039,1.95864366757932,0
1.61962410137286,-1.45321300472561,-0.304465437720786,1.52548380438117,0
1.65689324363104,-0.854683962556269,1.26602155417056,-4,0
1.817999909994,-4,1.17641281309054,-4,0
1.58748386595287,0.576073460873276,1.46781815150954,-4,0
2.07414124467829,-0.0287446812315955,-0.439228478421938,1.17160391679925,0
0.876335495665759,-2.84020340070168,-0.0659627018650149,2.18992748619257,0
0.608325247515531,-2.06879532967112,0.0335414047856465,2.49458558298167,0
1.70254131150425,1.03805971338819,-0.371873095558851,0.986112639884289,0
1.79380979343258,0.614464991537026,-0.458517101746335,1.40403536396094,0
1.84904865351085,0.129757151196254,0.942699018616408,-4,0
1.29566200377145,1.03924069997397,0.820924114125431,-4,0
0.719153140861938,-1.72989781225635,-0.0113379576788741,2.01910862571096,0
1.23301662558089,-0.35127181649558,0.447836514895354,-4,0
0.918815330998582,-1.68776830758204,-0.0745299671119938,1.80774316828101,0
1.10267295819568,-3.03940799627105,-0.190262559484979,2.28320083857318,0
1.85108406879835,0.341471434006444,-0.359054231297635,1.49247495144489,0
0.694211247946812,-1.0826791740318,0.00493900935731007,1.8476997482527,0
1.20463090109283,0.101291403920332,0.950370605218058,-4,0
1.91019015938168,-0.30917908645212,-0.442810811867673,1.26006925062176,0
2.12025252948096,0.769589600373385,-0.468378754204085,2.31142785662375,0
0.524669394471494,-0.585133761384644,0.0701707041506563,1.55353701719876,0
1.7702295220833,0.441704151389331,-0.40571522117111,1.19476979371419,0
1.7719955615389,0.339284535165294,1.57381725890738,-4,0
0.74564096849291,-1.47836845125053,-0.00558842607631268,1.73849893093078,0
2.0008117633559,1.75152047976195,-0.404477281882046,1.36026331531071,0
1.69888592693986,-0.783316656066683,-0.294712856757193,1.32947139727379,0
1.78593816019882,-1.0796726023541,-0.425913627183855,1.88883168713083,0
1.11561880195115,0.289559218840144,4,-1.07179943668045,0
1.77925774406775,0.240034914422625,2.4441000756188,-4,0
1.7553410922717,-0.714226012907641,-0.398164365168738,1.56905545321099,0
0.75926546849353,-1.45786575857436,-0.033071042255987,1.83794042764132,0
0.620743473785713,-0.0849024767276449,0.0376028078171896,1.32765228167734,0
1.90864536941808,-1.37193517922863,-0.354855386434055,1.66204155546974,0
1.37364884877953,0.910209506088384,1.32158077086487,-4,0
2.75285643158774,-1.45500847577784,3.20904300611066,-4,0
1.88352837598894,-2.78139247126313,1.08137318147214,-4,0
1.65773975127392,0.519717613687656,2.0301803088691,-4,0
0.926600104193177,-2.25602874170848,-0.0448413043583239,2.42302085748203,0
1.94141740597226,-0.1260773113326,2.4884297651897,-4,0
0.758899995268177,-2.90197164015404,-0.06118182905855,2.47057325481413,0
0.556045863298271,-0.295322785523556,0.0988151025898172,1.68137092507311,0
1.47335803378979,-0.205154918752489,1.61720518103367,-4,0
1.46548304720789,0.431707786290132,-0.212351731459675,1.32822391390552,0
1.81097457045514,0.334461247138652,2.42265237917486,-4,0
1.00842484742838,-2.61422240137483,-0.151127929328028,2.31464842499445,0
2.07780244892268,-0.632177618680734,-0.507594124892845,1.77063231742311,0
1.23339721782594,0.672781751345921,0.926491005717615,-4,0
0.621443724303261,-0.945613005166665,0.0317019029883699,1.84287314978081,0
1.47391216709225,1.2552081803878,1.86431986273278,-4,0
1.38061070058719,-1.42667318078495,1.02940896662451,-4,0
1.63645971044999,-0.250190091799726,1.62885224080585,-4,0
0.605141489957166,-1.66406496526495,0.034059138291418,2.02337745070156,0
0.681627177269501,-1.63636356951863,0.00308541685065762,1.86851677705031,0
1.89469272335697,0.712381186466941,-0.344413204298501,1.10216235852291,0
1.59531619401955,-0.349742504754342,2.77700389281595,-4,0
1.85640609146119,0.198868766371836,-0.444508245813147,1.35207948810228,0
1.62723929015509,0.178012949764237,-0.272636077379279,1.38636653564907,0
0.495119285889621,-0.29786736261287,0.120141871524554,1.71785554325778,0
1.31717910568438,-3.38787094180906,0.269342733151337,-4,0
1.35669419308877,1.64728618417407,4,-4,0
1.7084744505857,-0.418998855492048,1.68025606699044,-4,0
1.51307208309609,0.776718493617509,3.6079040309129,-4,0
2.03968199182136,-2.60469409299335,-0.371275833246155,1.9295594953068,0
2.32018546430399,-0.684741561817447,-0.588653630228626,1.81771781778728,0
1.41942082012753,1.2246968820743,1.84115164591841,-4,0
0.64247919112761,2.2812039346477,-0.0229627031267059,0.00195226089878148,0
0.819568514159848,-1.95539374178189,-0.0647774454497709,2.26246301774503,0
1.60570432599792,1.0545737182267,1.18063277185609,-4,0
1.40916031460991,0.0682389829699512,0.84585618585551,-4,0
0.647635465399817,-1.49274769026277,0.0467946966121439,2.22118432651019,0
1.77857398143322,0.120202362385176,3.42465123732194,-4,0
0.624600897557736,-1.75138073656508,-0.0158831562188888,2.10210769505403,0
1.48663908062373,0.916194382215589,2.09637764533163,-4,0
1.47491216329649,-4,0.618474634897086,-4,0
2.36019485221631,-0.846154265044022,1.0578291038818,-4,0
1.37546177453494,-0.287108817195079,1.09554310150348,-4,0
0.738393346912228,2.35996165762855,-0.0316669043885907,0.158987940336776,0
1.48929624587464,2.4820092984772,-0.282576367806858,1.02064421528781,0
1.47808290098926,-4,0.740723415746968,-4,0
1.6269173334376,-0.330744828646263,1.36674283936511,-4,0
1.61400264328598,0.130688513589722,1.27838122062798,-4,0
1.29944205852426,-1.80250185624734,1.59181304195,-4,0
0.644312171525057,-0.331917018708158,0.0309015519972354,2.00970826453637,0
1.63176568512332,-0.600844934666815,-0.263099655697759,1.30242166726797,0
1.52972167780376,0.393806610735326,-0.328840094014978,1.46912902458383,0
2.14984290199103,0.0646157821245886,1.57208180771092,-4,0
1.58670442887177,0.398286151266909,0.86014821264304,-4,0
1.01811843781081,-3.28836671070433,-0.10278293483494,2.73894719438737,0
1.84834459573348,0.384335323226164,1.74945870524964,-4,0
1.16284473399355,-2.40467251599042,-0.184842459444548,2.01640495125931,0
1.72387038868127,-0.69824694462308,1.34465795196741,-4,0
1.89370339432836,0.227361091961387,0.892088486133182,-4,0
1.79166737768035,-2.85330583827621,-0.312112268325973,1.74416982277053,0
0.713768818786271,-1.73233912527539,-0.0413464667923072,2.39414770950613,0
0.695585966316481,-1.50135528653658,-0.00587540650731636,1.82275014304959,0
1.30978922418156,1.52755027709563,-0.173037206067808,1.27849671037771,0
0.474299100913636,0.421811463886793,0.105768807855086,1.46998942213139,0
1.45153966338012,-3.98303263375194,-0.327298780004634,2.3970958983102,0
1.71329757214032,0.319017330367561,-0.288860502538441,1.11947857011529,0
1.51977213417148,1.29010124785307,-0.228143227095298,1.0843582022021,0
1.56751704317455,0.50184880654564,-0.273663970500428,1.64039608198339,0
0.686226055037418,-2.20877306200595,-0.0189699114540645,2.41587600608161,0
1.44795096645196,-2.347357527463,-0.26918777441872,1.3430422402602,0
2.04040863913501,0.455342036506539,2.16139155459905,-4,0
0.557983782038176,-1.04891455889861,0.0535172529109154,2.098640926512,0
1.77482488374336,-2.76080053842867,1.74528004995612,-4,0
1.60578957499209,0.405941147821236,1.77097241257639,-4,0
0.605172675643652,-0.692715586123644,0.0770608462413171,1.87804318384076,0
0.466483607941431,-0.50527823520058,0.127711388666219,1.85003885703567,0
1.55597063792421,1.78746804889456,-0.267466959668463,1.20383765510049,0
0.659733004539228,-1.43740937567813,0.0117266285488004,1.96588268788815,0
2.17829208684614,-0.719010951564032,2.19495955543148,-4,0
2.2275145229593,-2.03653659440504,-0.536776595255864,2.63272714419739,0
0.838965222683236,-1.79244905244833,-0.0235272527928622,2.07286586692439,0
1.57843100976365,-2.06276757388108,1.04633736917114,-4,0
0.618057819319955,1.30131472156142,0.105362845653096,1.30745881725578,0
1.60315065691765,-0.39883390857769,1.17955710815502,-4,0
1.98300227497547,-0.179647939319485,-0.388387966027903,1.26494350005772,0
1.28040075725984,-4,-0.277753891866427,3.77258784329104,0
0.652378211541758,-2.47856921703934,0.00338820728477409,2.4000576397173,0
1.32601202545782,1.84984501971812,1.76986840981764,-4,0
2.07377722347289,0.40273036124065,3.30761105378214,-4,0
1.36106971478296,-0.24671762526125,1.59062580509619,-4,0
1.47224774026642,1.12132244322099,1.2206915124156,-4,0
2.08225589672009,0.041449189372445,-0.432543204324636,1.2317007571732,0
2.04459076256017,-1.08718254111394,1.34686434657391,-4,0
1.83827976706071,1.40807222683293,1.55943335726216,-4,0
1.59200398372511,-0.483221097234632,2.60097292497409,-4,0
1.77848764805934,0.871767858795145,-0.27285314939558,1.99503943430743,0
0.61030856094825,-0.0322528657167873,0.0728825928474099,1.63445332874453,0
1.5248769028557,1.01863435464803,4,-4,0
0.704275549593323,-1.07351757762667,0.0539345227832873,2.00341976518403,0
0.352325300311254,-0.72279620486895,0.13754719345739,1.83707356246622,0
1.44285416798844,-1.46764064632269,1.03467901336475,-4,0
1.42886894363855,-2.53159022966731,-0.255992326590592,2.20804457080424,0
1.03816704097269,-0.0248532307716928,0.182620748362867,-4,0
0.568606002803733,0.294488561971345,0.0820715576756408,1.49756162189355,0
2.61914551106723,-2.39868750166121,1.70633454219081,-4,0
0.977558037387,-3.42156113998915,-0.0971606306449388,2.14477728088901,0
0.641614894422675,-0.559819983840825,0.0491868572828737,2.21773573079536,0
0.632871280291218,0.445554484479459,0.109912571747493,1.66087528362864,0
0.69328246344605,-1.05363565964847,0.00209827514512181,2.01968010417574,0
1.68765943646087,1.16510086658028,2.10360739810077,-4,0
1.9538197682537,-1.41833619591459,-0.419051630009497,1.81272404406266,0
1.69771017162979,-3.10730245823925,-0.366897793032163,1.9073276906394,0
0.613405058990189,0.37219624923079,0.0817912681612351,1.42935873616481,0
1.49412191278538,0.514389368240079,2.1177955292533,-4,0
0.611459709841108,-1.65061077024394,0.056119265465704,1.98738538113722,0
0.591081709962391,-1.5311184113093,0.0610210177151512,2.18439788990073,0
2.20884624633957,-1.78538283858578,1.92578910981502,-4,0
1.16102017232704,-4,-0.16017767246717,3.00557118123461,0
1.09220318883831,-1.9761367474604,0.798615725950316,-4,0
1.3260422292333,2.22804210627427,3.3351224022179,-4,0
1.73444116955798,-3.49785106803695,0.671968968504164,-4,0
0.573516983879997,1.49661329069506,0.185189936137809,1.17231525584331,0
1.8157757261164,0.681528288497708,-0.340325811118754,1.28120532650653,0
1.97216998889731,-1.36031109840746,-0.351977978502746,1.50794354322382,0
1.87641833146462,-0.682506466152951,1.4997313322201,-4,0
1.46582616528629,-3.66389256329453,-0.394078992192124,2.90333990086105,0
1.69132215573211,-0.428428762280523,-0.292097070296266,1.49363103036141,0
0.700628952990669,-1.41407433722238,0.0219175751627278,2.05969071526694,0
0.844315698487087,1.98722393642407,-0.11487716981878,0.170356023241643,0
2.27755868804337,-0.975980204729997,-0.531152786666866,1.4048465834515,0
1.24620870940196,-0.476538711332424,4,-4,0
1.72902381464742,-0.163181012038089,-0.356363679335714,1.48877535828553,0
1.20445991675403,-1.52937117693918,0.753857542137477,-4,0
0.805928855665728,-3.72238632507519,-0.128259107679641,2.86352021282898,0
0.767159035064481,-1.87513104128057,-0.0461693063098889,2.16889165360568,0
1.62052954565904,-0.0451425951868539,-0.327267321276355,1.2923983264744,0
1.62307752524164,1.09007464767509,0.825018598247337,-4,0
0.672593167577421,-0.476809977800413,0.0403806422869352,1.79183607151296,0
0.593892687454675,1.79097410356772,0.024551438337226,0.396595665928805,0
1.97094980409384,-0.138722932220732,-0.423933920530325,1.35960863807138,0
0.739198239787814,-2.041052368335,-0.000543019300118497,2.12078175145835,0
0.721296857462192,-1.28694449278635,-0.0100308876689107,1.93579634002077,0
1.29397658014161,0.872041109074501,0.67790439956836,-4,0
0.709867801624367,-1.03815610389155,-0.00934988901711781,1.95311146830123,0
1.79024738537539,1.5924425105919,-0.396068111526815,0.774254430951961,0
2.14530984946994,-1.04725488470679,-0.37713680978187,1.45666574581136,0
1.34615486113208,0.856880049189991,1.82730663093361,-4,0
1.66806964655683,0.896956705231597,-0.347321357142039,1.10753632891822,0
1.52633537433471,-2.89824858338759,-0.373138464613221,2.25969447402187,0
1.67207119511905,1.17532803538144,1.27261153385192,-4,0
2.07957535176609,0.355989900033853,-0.523617884991917,1.40635151347702,0
0.900993860384661,-2.21713469650053,-0.0967592448971545,2.28524293341439,0
1.6549507649557,1.37634659831934,-0.36929636628382,0.869928526577367,0
1.36915685569155,0.528507986438693,0.909491511958025,-4,0
1.5106259090895,1.36765544840883,1.26162678463971,-4,0
0.572802893099857,-1.94715897246954,0.0401703424948341,2.26308069188858,0
0.891694425741806,-3.1361931949956,-0.110068372870839,2.93029643971943,0
1.70421014818559,0.451165683957337,1.28742997688268,-4,0
0.405979581858067,-0.265385888176956,0.196693669475032,1.65767065964552,0
1.44680872173571,0.648329544445495,-0.290826253702686,1.20269483380452,0
1.42826037410892,-4,-0.240810728868654,2.3905381557537,0
1.9245505458803,1.18267631400457,-0.411288772958794,0.931435351264104,0
1.47489825263751,1.27750612592429,3.27802545413963,-4,0
0.526741008069704,0.579442224770638,0.122818407573818,1.33297277418876,0
1.85560090058521,-0.126034294190572,1.7517644643183,-4,0
1.54503985122095,1.82528953201123,-0.33425621045586,1.19035335913432,0
1.37352151262581,1.22454051781757,-0.302373493937269,0.981248737508618,0
1.80323909769994,-3.12651618891573,0.944832073372989,-4,0
1.84207116934265,-0.666923894118871,-0.414167903234513,1.54026808300429,0
0.72095172506233,-0.953241163623293,0.00458203822072,1.80065714985236,0
1.01036221542653,-3.53883439101703,-0.12497947368455,2.58887836964007,0
0.497095869234502,-1.4572486918051,0.0903823305631653,2.33446388499877,0
1.4084674384892,0.729431876884913,2.73393665256903,-4,0
0.462308918503127,-1.14094565099378,0.09582655185258,1.65730395833247,0
2.43754331794917,-1.01873076260406,-0.524745724673617,2.1470624251706,0
1.06010487014741,-1.48731724916345,0.664549246348277,-4,0
1.34213438407665,0.4256863305723,0.860559296736279,-4,0
1.49895008346642,-1.14491387925579,-0.224174658061151,1.45846513322592,0
2.27293784658686,-1.53103387775753,1.36353733395911,-4,0
1.52261170949528,1.12722175527034,1.11834511430448,-4,0
0.634072462170118,-0.903660529630274,0.00574670273143104,1.79940390187422,0
1.60917425111157,0.356055419700084,1.07063660459638,-4,0
0.646733107402744,-3.39457870233489,0.0173210198293752,2.8089809245208,0
1.22413556692696,-0.618805030740195,0.550180394693598,-4,0
1.72457325960709,-0.965191989267033,1.39911336025952,-4,0
0.74030310413631,-2.02831817544317,-0.032795752129328,2.05925002365915,0
2.19202823223113,-0.14677459637313,-0.456305342271839,1.38860519765517,0
1.4064159973776,0.268686131400812,1.3053850235936,-4,0
1.57715310706992,1.37734483629835,-0.463867102382834,0.870403032530754,0
0.668984952561179,-3.16082062896712,0.00630862965512166,2.375161277396,0
1.39590353789327,0.744931063711223,2.67004041918546,-4,0
1.41095284183105,0.0887500059118605,0.9250338650935,-4,0
0.779476889923141,-2.59943205241572,-0.0503075993170649,2.38443181702297,0
0.719619779960545,1.63592106569734,-0.0243967676658636,0.279165321372867,0
1.5105847463709,-0.414644620277109,1.1069717984477,-4,0
2.01848324256392,-4,0.927949487388995,-4,0
1.93134032670107,0.272919917891819,-0.292051337169437,1.13753307314601,0
1.61237488747453,1.09443658465701,3.29065732196384,-4,0
0.948834212823408,-1.8687629875938,-0.0694105414335552,2.08768120736911,0
2.11518341986473,0.493418596097226,2.80418275950945,-4,0
1.9280869915233,0.230826087988762,-0.383162977496108,1.10435720212181,0
1.61032389101,0.480714367650756,1.77254295407628,-4,0
0.705896866391466,-1.97944333098767,0.00325081792037092,2.47233942003045,0
0.772058464666479,-2.4934250627988,-0.0679232361728294,2.30892586877358,0
1.47033082076555,-0.247574548056948,1.23509017740843,-4,0
1.58931330915905,-3.59911303161424,0.702972495632428,-4,0
0.488053768556127,-1.3667989811637,0.108726058090514,1.92051551545063,0
0.714720011261348,-2.11331278959237,-0.00497838589572719,2.23998726988456,0
0.578902730011919,-2.83485804913534,0.0416407660670079,2.48114266075242,0
0.589115983247676,-1.3420873124355,0.0388874976719868,1.94280160583854,0
1.42429938336639,-0.480601238878566,0.726675329237651,-4,0
2.2864364792765,1.59151897860486,-0.616600051245735,0.809616768664323,0
0.595993912002945,-0.519873637734948,0.0509283140860131,1.62394466875786,0
1.58741355982911,0.0061205093375139,-0.276509522275847,1.32250102930334,0
1.70910401156494,1.12066368828918,-0.329223437231286,1.0134637884785,0
1.61329414866169,1.38188947115107,2.57078925683852,-4,0
1.56350405842318,-0.374744260403818,0.96329169940766,-4,0
1.08828705117865,-4,-0.228152331861987,3.67287982098361,0
0.705611980733938,1.67738384316628,-0.0263550252873916,0.498992119205453,0
2.21703748471623,-2.87908644332639,1.25024131934321,-4,0
2.07894367572303,-1.85593921764881,-0.352563261530758,1.24874372176712,0
0.481253340740158,0.5362336127275,0.128203740393565,1.28804669644868,0
2.23247186567689,-1.63257821532322,-0.392343302299665,1.56428964431797,0
0.949114474839443,-4,-0.113220173952385,2.80984064834701,0
1.53722479798925,1.23731842459636,1.57040921865281,-4,0
1.67962690468062,2.12608479012304,-0.289955922784916,0.640405488168734,0
0.701165564373775,1.9304555474249,0.0764232531524252,1.01905890217971,0
2.06862935297273,-2.02309944449322,-0.440627591142225,2.00011916770168,0
1.41356917280287,-1.47773079670016,1.11354841756122,-4,0
1.66261990341399,1.38645208556026,-0.287021497531195,1.10416106045612,0
1.81489413255895,-2.0562696421145,1.18167205068374,-4,0
0.666107332153797,2.14266196568861,0.0107555945562195,0.257242046597238,0
1.52582973529562,1.14030419106707,-0.208369532199244,0.849910547216138,0
1.31984334915284,1.42724939171959,3.49467420686078,-4,0
1.36783060954644,0.258318620389955,0.911540095425145,-4,0
1.04390736969967,1.02687108200882,0.242930499348658,-4,0
1.93575441827427,0.781500233099361,4,-3.71559453000582,0
0.523543519529991,-1.89865326236357,0.0845275013005534,2.21521071252596,0
2.21814841354723,-3.34787136137415,-0.537629014079685,2.39171551142176,0
1.78349229363716,-1.01693076594208,1.4697590462836,-4,0
1.4260916541403,-3.90412892341421,0.516224234855044,-4,0
2.1608951546992,-0.0652997348441679,-0.544387405328204,1.16897906546434,0
1.35657319362901,1.14418406186743,1.63378132477455,-4,0
1.67521080418098,-2.32551287304161,-0.359488167394439,2.27145297173201,0
2.0226835345776,0.998518678291127,2.70112037034361,-4,0
0.842807919188385,-2.97658351302245,-0.0321423127982794,2.25171482853256,0
1.7161046564948,-0.336786736412858,1.58128014228728,-4,0
1.69640240426064,0.618137375425988,-0.283420812065022,1.31366008619957,0
0.691436837032384,0.0548317927982851,0.0337759535909875,1.81527270399745,0
0.64675274744408,1.58108452032895,0.0239726980024067,0.381925670155675,0
0.717039861227068,-0.99940386189546,-0.00788568654803871,1.58009729463288,0
1.42280072390329,1.40367498526136,1.43210856363206,-4,0
1.67929367431192,1.07384730085497,2.03571870773657,-4,0
0.7681764849881,-1.2472475388938,-0.0271441272556635,1.79386859034983,0
0.631915026348,1.85350057786171,0.00483902315959702,0.362733206659243,0
1.57725237501896,-0.0570144960707621,1.53355844554863,-4,0
1.42922224000798,0.984594350300844,0.884507844472452,-4,0
1.02774045674497,-4,-0.125534943156918,3.7023171654675,0
1.01995061780236,-2.93563584849085,-0.153880419808476,2.42584500207809,0
1.45478276949808,-1.68459982610589,1.04123416499686,-4,0
1.24111239651325,-0.919912445001828,0.880125379030377,-4,0
0.736523456466316,-1.994022051604,0.0117090287525271,2.14241672599989,0
1.8553776563949,-0.222613159616803,2.04300066880782,-4,0
0.610083626362246,1.82970036130157,-0.00468788371795685,0.226749873110687,0
0.734984567224963,-1.46581646276939,0.00847442474722372,1.96179750223309,0
1.08202133820264,-2.57184247165144,-0.168695744561102,2.3964067718851,0
0.557828290848817,-1.2894326918492,0.084404914141614,1.98136074259811,0
1.70271503397506,1.06822756254225,2.81034104530385,-4,0
1.70791425471179,-0.826478140647551,-0.35130970674068,1.60648349426945,0
1.58320098879619,1.33273989044654,2.56837665898121,-4,0
1.75934021555821,0.711904475267715,-0.433026771139652,1.44972397480249,0
1.4717879788945,1.59101172332825,-0.219622498940238,1.21835610520134,0
2.12171860548013,1.00270744738446,-0.63880387845742,1.08958701212794,0
1.75247641641814,-1.58210465746786,-0.303594521008611,1.81705208687982,0
1.02674126537227,-2.68818245951069,-0.122109410062522,2.01478158001413,0
1.61173375450934,1.00917241085823,1.75780037502481,-4,0
2.80674270251003,-1.91242708975014,1.94279610299679,-4,0
1.13814587655888,-1.17364237651554,1.12422204887447,-4,0
1.71313063518559,-0.280982578580615,1.56792382552229,-4,0
1.59594333386815,0.429532289859384,-0.336832271995699,1.43926517359387,0
0.616674561884641,1.22906662134572,0.118490290026831,1.58882774193377,0
2.24749967858584,-4,1.37436104750975,-4,0
1.33845488106938,1.08264064786686,1.94122478836469,-4,0
1.47018342319546,-0.506075368963807,1.49938529126465,-4,0
0.596805260069493,-0.845272925005877,0.0341384338162444,1.84561944300365,0
0.964778597925237,-2.25452366322614,0.531257495402726,-4,0
1.41094231651723,1.50309371673229,2.20633590370575,-4,0
0.537215072453337,0.95962101839758,0.121622969509909,0.986169149003726,0
1.24288707382111,1.19433463043321,3.39954787488893,-4,0
1.98329149468892,-0.277787619504743,1.87845867774283,-4,0
1.7345155182492,1.28844210267777,2.65228847837478,-4,0
1.72935029202112,-3.34890798704904,0.918778400956382,-4,0
1.14177979526511,0.504271113882692,2.46854985451462,-4,0
0.792498147916903,1.9442499924116,-0.0904620241111219,0.337939780307201,0
1.94318886464963,1.4365315041496,-0.428684608692736,0.851789721854671,0
0.791475418164326,-2.43065447039004,-0.038048363446313,2.29042479359185,0
1.62146566944045,0.950215868251868,1.27292198568095,-4,0
0.881261790864886,-2.8205144691132,-0.111621772299216,2.46465588300743,0
0.636600723071814,-0.0889286765981363,0.0715053525154144,1.52991611316271,0
0.521414629679355,-1.67196480423035,0.0910658652201055,1.91069938430907,0
0.539782365846039,-0.489480972981579,0.0975921203785124,1.99862896514115,0
0.58990411029061,0.474795974961102,0.109379206892761,1.63733614041827,0
0.454945745132656,-1.81576299750549,0.0816702901988551,2.41620808308954,0
1.50886150384532,1.22981178455216,2.35296022979271,-4,0
1.62109894211771,1.73902310788796,4,-1.512087443613,0
1.60228989526974,0.177595022063126,-0.289797136758739,1.38259427570653,0
1.18948395801232,-3.29975501095145,-0.149667936649872,2.15765131724134,0
1.72820552115772,-2.41242650234483,-0.291248057996473,2.01042256168377,0
1.66797324621496,-0.992520178597128,3.33834618000225,-4,0
0.653037158873902,-0.535399220268624,0.0357167887885199,1.82308092616673,0
1.01369101250706,-2.03169925911126,-0.137778402287247,2.00694506120442,0
1.81495037320371,0.0929588022091514,-0.303647484316739,1.14021965873103,0
0.807267540194395,2.1154779775493,-0.0474015909663235,0.417791135521681,0
1.55119192512128,0.0990657533046578,1.92661627519388,-4,0
1.74208378285325,-0.0485246693427299,1.87678625965124,-4,0
3.08941995109729,-3.76596869656625,-0.549356380183512,1.48781007584359,0
0.685520760639205,0.559282562595967,0.0301548175468602,1.19451134283813,0
1.77093410090552,-0.856166623040571,1.25061692701739,-4,0
0.765529234707026,1.92025750970297,0.073355130851386,1.04687786181717,0
0.714490950401199,-1.83200427669297,0.0119268583756525,2.19896447414666,0
0.619856437895133,-1.09262997115081,0.00626239402021868,1.89961156734822,0
1.0276771622208,-3.35257746673436,-0.149536317891087,2.46801585813039,0
1.66482872406983,0.741112875687207,-0.352674237488605,1.26222309448132,0
1.80034492988313,-1.22066632032484,1.75613986850644,-4,0
0.973687397410334,0.592648172079578,0.452664626051578,-4,0
1.66395626564423,-0.129251361037184,2.87832728184121,-4,0
0.682887157210475,-1.23036611418086,0.00423464836127592,1.94587636445363,0
0.681792320779888,-1.36915616824377,0.0177036595546716,2.10772946899876,0
0.623542822581831,-1.7885960721937,0.0361389701083177,2.08889161777205,0
1.46346523636162,0.610396896513303,1.33728478287759,-4,0
1.42383897212345,-2.62445048886794,-0.247216621232824,2.08129617723974,0
0.693748808697053,-2.9775829410492,-0.0700872034378913,2.33059670949894,0
1.77113312522715,0.282813573991924,-0.383544208667786,1.60739267814903,0
2.19252323381549,-0.958330035845055,-0.431385175624997,1.16972273039802,0
1.72740967456324,-0.643016872693783,2.42323745462427,-4,0
1.78158978954105,-0.000629146700440417,-0.387058420119839,1.25081246208145,0
1.88993343456093,1.16527363662568,-0.357056217871922,1.09485425487328,0
0.62504100870332,-0.366610989333815,0.035798507387623,1.72451382047811,0
1.50360153846645,-0.135679144347074,-0.267135471413158,1.81451297907442,0
1.73054054328045,-0.952664929702825,-0.300179431540185,1.71580723794589,0
1.98540403611495,-2.4945930364548,1.03230184693958,-4,0
1.49152253634174,0.690582755778147,4,-0.865171225384901,0
0.525243340969495,-0.949188231563774,0.162065818529936,2.50630889722595,0
1.51980327516089,-3.84731832733158,1.08831464550589,-4,0
1.29797032329846,0.250762632909114,4,-4,0
1.43596463610587,-0.547477074227067,1.13750117977543,-4,0
1.1713371727982,-1.73332796986285,0.757673573018205,-4,0
0.803674007790969,-2.48725923651307,-0.0278570015491714,2.31451228564327,0
1.02151028735767,-2.94655692551609,-0.113358419948728,2.32393423272335,0
0.726321043778541,-0.482982390511625,0.00780789142055756,1.83939663014918,0
2.59959627202781,-1.95259012283925,1.78200478854817,-4,0
1.54895591515944,1.43724066452345,-0.264929543073749,1.06126485289447,0
1.37581034296796,-1.26431932210682,1.01857831328364,-4,0
1.54657800891499,0.281338063156314,-0.262799622131541,1.30187977520502,0
1.79881043264006,1.34477260566992,-0.333498796383647,1.07893276807397,0
1.15135385342978,-1.52458098626096,0.537246708605802,-4,0
1.69666935235741,1.03044943277078,-0.372052671714866,1.28761263386409,0
1.53237924372961,-0.335427432625284,1.64733955407854,-4,0
0.749640886746383,-1.19100552118503,-0.0193733482349668,1.97241849066673,0
1.19840681236373,-3.19431734661322,-0.194306929592299,2.422558769145,0
0.772141632025726,1.97677641251022,-0.0545104065218078,0.165170546652143,0
0.717451529415834,-0.465340429910319,0.0164533947892819,1.82411502147607,0
1.74314868965348,0.398866164920756,-0.400380979442707,1.25262695777933,0
1.75991900872633,-0.418808112418033,-0.256816795561421,1.14607775665584,0
2.03889236376891,-1.01936354279627,-0.38418648153538,1.37248768782108,0
1.27824975513943,0.971722384348736,4,-1.27843861664391,0
1.0720476374779,-0.960837856065758,0.39149332059025,-4,0
0.80284031042519,1.93998732221291,-0.0830907826684247,0.160112947062187,0
0.856632578251689,-4,-0.0702862472687412,1.82405852386559,0
0.705914026536465,-1.04925720203279,-0.00439009486499406,1.87372079556153,0
1.22196416899157,1.40832506513413,1.61449282227091,-4,0
1.38257557684316,-4,0.843418513072132,-4,0
0.707491710683201,-0.968149080755699,-0.0350416772677871,1.78821259826974,0
1.30803117008695,1.14458073260918,1.94908287186748,-4,0
0.651317487880117,-3.02658939202365,-0.0264633342206735,2.24261362531503,0
1.45236235563689,0.335168807908967,1.04425372861887,-4,0
0.493939610059995,-0.464934432878259,0.10703741007827,1.72975009618056,0
2.55508081801998,-1.1340396772943,1.94994142294107,-4,0
1.23558568787011,-2.0196720703867,0.637928261752668,-4,0
0.913025242909925,-3.3164296733432,-0.106121292539659,2.58858342572592,0
1.0784395732247,-1.9155127981775,0.839210178940444,-4,0
1.58803080431762,0.43056153432274,-0.280554911259491,1.48801939459323,0
0.636977267424212,-2.73212656869431,-0.00704132166260258,2.5315665494231,0
1.30455151679619,-1.95766750598517,-0.200309592749858,2.13699936394511,0
1.84815552597771,-0.538130138386204,2.01993959092877,-4,0
1.4449490202863,1.33170485006575,1.75619195188561,-4,0
0.645257523629581,1.09082678070942,0.101762527911749,1.49118817655641,0
0.978932497336768,-1.63523193081526,-0.103999658744894,1.80076478311035,0
1.96603316283153,0.122201035668517,2.13211213603819,-4,0
2.08501192733181,0.233277381942031,4,-3.16866550864937,0
2.07392125799863,0.477623872061504,-0.503693166746282,1.00392585576499,0
1.71320860872712,0.817187663233315,1.45392441527758,-4,0
1.35710743855789,-0.663579598929053,0.933954669042784,-4,0
2.04987275571864,-0.199138097128695,-0.432262708760992,1.19431065563907,0
2.63988844141298,-1.65229676230169,-0.765539899869445,2.11409279237118,0
1.91174335697534,-3.49021851698461,1.32093017941731,-4,0
0.908888024171268,-4,-0.105073390923333,4,0
1.50234596878419,0.456474150651729,1.06825736405695,-4,0
2.49560795717893,-2.48072346964219,-0.390188077226226,1.29823103454774,0
1.40176378765261,1.11216239887814,1.53636568848969,-4,0
0.625849182660506,1.49891738553654,-0.0904691386414391,0.181667429444222,0
1.90714690783265,-0.825607466577593,-0.417139288792842,1.30578427413165,0
1.7129888021804,1.63550450953964,1.12221831519024,-4,0
1.70162769971497,-0.639126449078382,0.935260980166056,-4,0
1.74951874313617,-0.309932561594828,-0.365647778651381,1.39328555831158,0
1.82262589924663,0.215988261904147,-0.341056926969605,1.38308167772748,0
0.886212617226336,-2.38304667546812,-0.0708737846092242,2.52311940702707,0
1.29835872108142,-0.0970646416291869,1.24303105148309,-4,0
1.41821243942379,0.392547911589563,3.85369892272091,-4,0
2.03510718537879,0.213386648192145,2.54866160989928,-4,0
0.699844363349985,-0.849914583076737,0.00250287709643112,1.71748980941035,0
1.36101924964336,0.67870518434017,0.991569319954811,-4,0
1.80961456074626,0.712787752217036,-0.401890066366364,0.962237209586659,0
1.81245037494482,0.0829346028589752,2.09364674518267,-4,0
1.57149814774755,-0.0825092514999645,1.04296372765228,-4,0
1.45176196546161,0.965365088667463,2.10592124823073,-4,0
0.564903611794667,-1.13093695183264,0.0728067864427686,2.0275554969793,0
1.64126098212135,-1.25688491151222,1.79850604125111,-4,0
1.84232868142148,-0.929385847604836,-0.310653015143864,1.42050080022054,0
1.37367591701665,-4,-0.194854561868695,2.89264736371784,0
1.54731714129837,0.625670768796162,1.16396297504535,-4,0
1.52225976036793,-0.891537584133843,-0.182038667391004,1.66056565230072,0
0.699890559032838,-2.24736420501009,0.0198431360703961,1.8693686668434,0
1.44451034453657,0.269053465307277,-0.293251759166957,1.18390574718034,0
0.865814934411129,-2.49988813512508,-0.0642726337851688,2.50729824885433,0
1.62935380848165,1.16059464824812,-0.433516791804619,1.8067989283053,0
0.730119315615361,-3.4515581235079,-0.0607199997829648,2.74281742666579,0
1.46912951000455,-0.416891467469137,-0.203699163330394,1.37803731495558,0
1.9219217952088,-0.441389733095387,1.58483411342442,-4,0
1.81498692171658,0.707042060126813,-0.456864687152805,1.53543830859162,0
2.18403679476096,-0.648993890520441,-0.445626368087525,1.32359436101149,0
1.34794204802365,1.30087182590632,1.5489448368233,-4,0
1.684681876584,0.94760456154028,-0.357906371505484,1.13820639173258,0
1.93363342352976,-0.361769799167261,-0.317638161242802,1.74947900306097,0
0.841877461271184,-3.16806962334938,-0.0724023535006172,2.75034607262431,0
1.27660453311731,1.03852306635629,1.0622421531593,-4,0
1.7323065396569,0.673499105825744,1.40733422738662,-4,0
0.776559390888403,2.01675904490596,-0.00923001708502109,0.39548709774732,0
1.28020570639259,-0.247581072336915,0.343793445246758,-4,0
1.23967407511386,-3.1466911659604,0.526141764429133,-4,0
1.68087003515031,0.677626466338585,2.26291830006905,-4,0
1.0256660008323,-3.0506290381408,-0.074183044762986,2.44913896615375,0
1.64495550583538,1.00524672209504,-0.341143188401004,1.08452575567518,0
1.61472597235081,1.64592894431427,-0.42672027990905,1.55643546419405,0
1.99129034937864,-0.919921501159517,1.67113323423194,-4,0
1.5570995329038,0.217159958268668,1.45860508883214,-4,0
2.22120569579808,-1.30517267156365,-0.457203810139365,1.53566979541222,0
1.61569279851437,1.19748799606389,-0.208151931352537,1.33552497667934,0
1.61840681235425,-1.32161902761563,1.15546821638349,-4,0
1.85986170946838,0.441391716663694,-0.416227116589573,1.34425999098018,0
1.10412501060972,-1.83461712441166,-0.143032866382461,2.37410255891918,0
1.78902732186548,0.00517001640104451,-0.329701623081163,1.12183511900621,0
2.1154698280945,-1.58985744537039,-0.485948035814729,1.99729186756033,0
1.87324349039405,-0.0964331687826247,-0.293964075607911,1.20662195829218,0
1.59138432838113,1.3907201930998,3.52540600368478,-4,0
0.632630039093398,-1.38440324122331,0.0329359540559215,2.10036515613644,0
1.43023178293351,0.719083873438474,1.58448082919139,-4,0
1.6207307050134,-3.42157539284004,-0.390810613238062,2.74982301155144,0
1.29073782393257,-0.225927653300744,0.634211836019409,-4,0
1.4797217004344,1.01392509823299,1.63027177436878,-4,0
1.76016878843195,0.976045999284289,-0.413075920270742,1.3273265952667,0
1.6936060272921,0.554898585678061,-0.318903294310036,1.09157298414324,0
1.56861571694058,-0.514420445405573,1.08088831017912,-4,0
0.722073333075535,-3.21665422789496,-0.00631997170533396,2.54550466436748,0
1.38702439059648,0.182013945238976,1.68992219144347,-4,0
0.523598159948858,0.709936885399677,0.0902434887759919,1.87826397254267,0
2.01336978396595,0.0900236926143103,-0.495226610764462,1.44854280363418,0
1.61230748356853,-0.355868792077376,1.59241369974282,-4,0
2.28547324308076,-0.979659634291413,-0.493094547984163,1.57419197141077,0
1.52062502732184,-0.212492477111388,-0.258229322395391,1.30795861398361,0
1.91979975085149,1.42482256799169,4,-3.96490169655166,0
0.709249580830405,-1.88248558928942,-0.0694619038740987,3.1691140365717,0
2.22119633368147,0.223139594116328,1.54499403548119,-4,0
1.96924096626731,-0.161558492112956,2.2380365477883,-4,0
1.03570082329192,-0.752523631714553,0.275873081541273,-4,0
1.51594566425797,1.72037265783421,4,-4,0
1.29082021147377,0.15656103684834,2.06772930347675,-4,0
0.727207103339485,2.08530374323077,0.0183531853018559,0.37384708632004,0
0.495354736670541,0.173910516369692,0.112253935002605,1.28920170033067,0
1.85261327351249,-0.277133854673324,-0.304700157414437,1.21625402885977,0
1.80944605318791,-0.162984607360397,-0.357333896281539,1.2279086929648,0
1.72296801134561,-0.186377627175045,1.24314132502184,-4,0
1.17940974542256,-1.84818439165423,0.484730049798035,-4,0
1.57972134171453,0.478898071591131,1.32358938874869,-4,0
0.564655737338928,-0.554935249098266,0.0767782782585739,1.67233409415823,0
2.03775095342905,-0.332720395271569,2.14550667495027,-4,0
1.79544095600463,-0.825122300865404,-0.380306336096967,1.73646595541687,0
1.68139589746811,1.73530540371019,1.89909651204941,-4,0
2.11343267567942,-0.391313993513587,-0.545146545427524,1.70691295468599,0
1.4048234927561,-2.14153864189286,-0.262200781592373,1.91285610351565,0
1.15967132272906,-1.70908988756373,0.672707827647286,-4,0
1.30093929141853,1.12287784456121,1.17706141623871,-4,0
0.744903178297768,-3.3528068730123,-0.0441850476316552,2.6206720985222,0
2.27020766822623,0.423360206219166,-0.509656534310569,1.03266920030125,0
1.86563955352047,-0.376652847965116,1.43892502870529,-4,0
0.69451599677057,-1.54415386487142,-0.0492235327481495,1.88761199630798,0
0.4860223457485,-0.213638304786407,0.114423085800012,1.97549909368181,0
1.43515208127121,0.953387318719542,4,-4,0
1.4999456414168,0.611921850576115,-0.349368663013656,1.03515590416934,0
1.09579470020946,-0.448734375949653,0.51166980693135,-4,0
2.14294182400762,0.120003923342943,2.18836864715978,-4,0
1.62452480849911,0.70475509346461,0.802246609189224,-4,0
1.79093894598745,-1.73085496481011,0.958809742719369,-4,0
1.52179317855036,-0.778313013082264,-0.228643757599739,1.36992514068769,0
1.05190537746691,-2.92603644060873,-0.169127291296552,2.35336915503212,0
1.52653429174351,1.25938773484085,1.98749699463699,-4,0
0.728761171444806,-1.07699103515601,-0.0191413872201415,1.83913543119005,0
1.47027643850599,0.664089550471275,1.63222700778357,-4,0
3.49329085511244,-1.3021068160609,3.32660075551358,-4,0
0.609700007619666,-1.57194980275789,0.0584511451725449,2.04485662997875,0
1.70099013441888,0.00693360614018384,1.19061087175501,-4,0
1.13572185232185,-0.0360343174850262,4,-4,0
0.861164358759301,-2.98233534137044,-0.0197354589575333,2.40782326005008,0
1.79362218410956,-3.26599297020186,-0.412091390847844,2.59291843917344,0
2.30691465689982,-1.23686760038672,-0.525614807366179,1.24540579483595,0
0.875004075142681,-2.21160482424547,-0.078970798485829,2.08562693832018,0
1.50203810950181,1.42593528296225,1.12908035442906,-4,0
0.293672702962243,0.135228058746816,0.171167391410985,1.19390211581649,0
1.16259956745418,2.15083139223317,3.45224358278771,-4,0
1.80932501804569,-4,1.02415920119288,-4,0
1.90176245758272,-1.36744218325103,1.27681072516407,-4,0
1.64232845052448,-1.31558470404684,-0.279596484684275,1.77762899573935,0
1.60994780565673,0.0740430302499714,-0.260953070821533,1.25602773952185,0
2.02633731750079,-0.0195423689880087,2.31996405646907,-4,0
1.40762869750292,1.11984998749481,0.809897643321486,-4,0
2.02293578869841,0.469075785893407,-0.486524617190627,1.22216672743727,0
1.84409017860671,0.83015427067678,-0.326405299561364,1.30984514513632,0
0.736405418135798,-0.759127339138144,-0.0142091905560577,1.70294169138272,0
0.731579637949478,2.02156985268441,0.00665395538632464,0.471507268860619,0
2.27627715459947,-0.754939564253079,-0.516761261087112,1.53969949304329,0
0.546963454406021,-0.375766920106435,0.0777283793437959,1.65345969191909,0
1.186637680741,-1.59362183647002,0.638063295627493,-4,0
0.633182000049743,-1.21524063298125,0.00252982557397649,1.96763863290202,0
1.79766530062053,1.23877636628741,-0.435833522493476,1.09891312090528,0
0.544834676899215,-1.24239390477876,0.0654973387806109,2.12442015903387,0
1.69955823290474,0.401265251777402,1.29453786775525,-4,0
0.595036180034983,-0.304598810897109,0.025326999377649,1.63819086569608,0
1.6733203191473,-2.77471944588427,1.56712497880571,-4,0
0.579735691065266,-2.03153032411558,0.0478345086982071,2.20059895343971,0
0.873355742949571,2.76305505883712,-0.166438537165383,-0.217833035047392,0
1.65133638761154,-0.971539100804544,1.23769611060956,-4,0
2.15210036765315,0.345626884651912,1.43023531297811,-4,0
1.49761464347867,-0.664671711889598,-0.249617626118373,1.48487919855096,0
0.601037345049068,0.656777830543201,0.0640150633096461,1.45820343203073,0
2.25859587912091,-0.541659569703109,1.18762542080542,-4,0
1.77150076642454,-1.12070634678942,-0.287519356332671,1.31276289921345,0
1.71681211554926,1.38109029441894,2.89902024183011,-4,0
1.59387473357289,0.440438403437734,1.5619833589585,-4,0
1.24772947203036,1.2764369784142,1.66111823326572,-4,0
1.87877056796835,-1.34635982631915,-0.385326608071534,1.68651860227327,0
0.736308176961172,-1.33566633713911,-0.0076577715776762,1.99238938487528,0
2.22481193712732,1.66102016915607,-0.46776092505457,1.17584046201469,0
1.03474499538661,-2.42116720763771,-0.161543194304698,2.15027621151128,0
1.4958633917264,1.01228447268862,2.4584280088575,-4,0
1.80225382821188,0.527414528209902,2.22535996092934,-4,0
0.710404631926306,-1.34113809833977,0.0191612816455508,1.9772213167067,0
1.2380844838826,-2.64243360042749,-0.228681525402576,2.61526382067076,0
1.21905530408209,-2.55478993159174,0.392128816651642,-4,0
1.70902536902271,-0.0780176036848498,-0.250351618120998,1.20865870886115,0
0.735460371031313,-1.24490975043798,-0.0326942410519425,1.97148750695124,0
0.842322127865912,-3.31955125767052,-0.0437663558961618,2.41726806777906,0
0.870222555752455,2.21972173215034,0.0203473340159155,0.495838019100735,0
0.610858504250387,-0.786792546236498,0.0301514215292571,1.69031257088101,0
1.55693567116745,0.464478427770554,1.76619819930179,-4,0
1.0654620271565,-1.30370673472708,0.524095023862212,-4,0
0.504265764588035,-0.0337228025048628,0.165195213116318,1.96323505827949,0
0.754567044436762,-0.345838534548075,-0.0295258146371631,1.61520989564198,0
0.712671211048114,-1.5378815057607,-0.0184498412244904,1.91688432971524,0
0.617293631465364,-0.993075939321321,0.0282426975244137,1.93997378768608,0
0.779592942178393,-1.49537436074848,-0.0173764443522526,2.00486546192178,0
1.73055931433164,-0.535179534514558,1.80194190751992,-4,0
0.720707551897357,-1.63471074957602,0.00482718120581652,1.91267038485969,0
1.93860577286035,-0.131383937371363,1.51520687017179,-4,0
1.5952360336424,1.08838084454561,-0.285464520678946,0.888428942062269,0
1.07070147325436,-1.55116658272363,0.737923557522012,-4,0
2.01571549394909,-0.818763450100461,2.56725113023566,-4,0
0.402458669783535,-0.485298293003255,0.156773065304586,1.85674838346804,0
0.780882410852173,-0.874093346597366,-0.0133257697054917,1.75835820423242,0
1.90321112393827,0.0324739682065354,3.80538354697414,-4,0
1.39194744307269,1.29888024093249,0.74141657554082,-4,0
0.783435685318827,-1.60545754165193,-0.0159221591662561,1.93709839131502,0
1.22254598055518,0.368117758026647,0.755537381863451,-4,0
1.84075921455241,-0.148260382693419,1.40914571067992,-4,0
1.72089264261182,0.449977359767165,2.14818129943795,-4,0
2.38802971308104,2.26668911085731,-2.15384439861135,0.732903352224641,0
1.4523480398469,0.800070535864237,1.15047570577868,-4,0
0.756940954414487,2.39010708597272,-0.0210024074698932,0.161393775590569,0
0.832025578355824,-3.11233732886557,-0.0689500978877684,2.51404710604345,0
1.46676042117188,-0.55365835972927,-0.219707620772165,1.24148532883137,0
1.25060152432106,-3.69006735029318,-0.184221817009801,2.02085433232236,0
0.659424762072087,-0.371743243796126,0.0608448207125449,1.61929235487846,0
0.554044785282443,-2.30614707467967,0.107338745475809,2.45303037414099,0
2.06847312567223,-0.333170169975325,-0.56263163481273,1.84267172771785,0
2.03806369488985,0.0308495053616264,3.56846371012474,-4,0
1.87295901323378,0.636129030751065,-0.449932531286753,1.25761729006565,0
1.53514963184502,-0.577395653693988,1.00824093188076,-4,0
1.40731749150908,1.43845798650249,1.04518240857975,-4,0
0.504471069233646,-0.127233189279244,0.106540868411008,1.65593275637434,0
1.60614049066162,-0.0314270616583345,1.31020206082487,-4,0
1.85322748171419,0.370487294469153,-0.326195823608545,1.2214516925724,0
1.4373339652043,0.0641895863211186,-0.258421103490193,1.54092023839977,0
2.36625370450566,-3.06656694382944,1.27389082339063,-4,0
1.27150633872069,1.65089764696868,3.39727576148963,-4,0
0.66628382984014,-1.30330636999283,0.0538845064068849,2.42969988671435,0
1.22565344000833,1.18096872881125,2.12715730283025,-4,0
0.798505180229616,-3.06615420077832,-0.0590971197882448,2.32118352976531,0
1.64421942262104,1.4400254537227,1.27273724605652,-4,0
1.6392416712815,1.40631689912581,-0.298502411215644,1.28897422724578,0
1.33433813160822,-0.626784019192942,1.30542719549959,-4,0
2.6074159353312,1.4693697806365,-1.13838893061275,1.69758692823792,0
0.659639260779394,-2.02977746634482,-0.00597976703781605,2.13733064237797,0
1.65310467692243,0.995753046236308,2.16931151903027,-4,0
0.632559301923926,-1.30888473003386,0.022607468661377,2.21946335922715,0
1.83365417372496,0.192726732142366,1.06078170559914,-4,0
1.52373390086145,-0.192851002407553,-0.326648091084712,1.62248682080061,0
1.81347901511525,-0.555871127785924,-0.327977098954784,1.55163451011194,0
1.95634167108472,-0.0914065163910468,-0.464430356124327,1.56913840840497,0
1.83431961458741,-0.204897400017951,-0.374459510398864,1.58285761398572,0
1.63295054390994,0.8251674338293,-0.287796856435838,1.13039713626984,0
1.6791271491886,-0.327277712226912,1.48333719433408,-4,0
1.62708248956438,1.01241175774562,-0.255981291672354,0.883249631651353,0
1.81162856006974,-0.408767882232694,-0.415136839924272,1.63484280378639,0
1.24482410433761,1.59548815228423,1.53304544488666,-4,0
1.01929323617804,-1.91128015724998,0.249221382521639,-4,0
0.93907767665806,-2.83040635755546,0.517895872353795,-4,0
0.776171761938137,-0.382493571317907,0.00272011459904138,1.7764999171599,0
1.5183921064731,0.787968430840613,4,-4,0
0.904315923907507,1.41246651114244,0.378712413561976,-4,0
1.44293834003706,1.16602802459002,3.10158894733559,-4,0
1.34044953384709,-0.495979039602595,0.69885622787067,-4,0
2.20618070676063,-0.0973294817553425,1.71597786173744,-4,0
1.25469717071943,-0.111395346804207,1.13985947318651,-4,0
1.12909418131476,-2.23769288682132,0.631967016741933,-4,0
1.95118772083802,-0.914404114547006,2.09047817588474,-4,0
1.70989173764658,0.220334982915916,1.70123701423912,-4,0
2.12242860528148,-0.846675744096855,-0.49643762160743,1.74435626887611,0
1.45639447005418,1.522669315265,4,-4,0
0.713309525020212,-2.05200816957524,-0.0286110174575413,2.01631805625214,0
1.67012960668731,-0.254813313853958,-0.306476105284132,1.45248434723901,0
0.754029598142673,2.07872885418283,0.0157363059118933,0.311634726216321,0
1.45105804780691,0.737451312702868,-0.221729964367675,1.38231508356005,0
1.83265076896183,-0.138001055469463,-0.428490015035737,1.44375367521167,0
0.733846775304038,-2.11520210035185,-0.0181115258898235,2.07258308439175,0
1.50003499999456,-0.362551168566226,-0.247527730394598,1.53331308174137,0
0.806735115627034,-2.26044022016196,-0.0403841923386162,2.14773356467543,0
0.763811120797637,1.91182051414308,-0.0282953693681292,0.44975701400306,0
1.60996323771411,0.602442149553122,-0.284347898812388,1.81381359841935,0
1.31636508034137,1.46431691289647,1.63009273142024,-4,0
1.60214333341958,-1.86605185925328,-0.281997186052067,1.53817070503652,0
1.4824061948518,0.758113590265391,1.95229612421777,-4,0
1.17751466674514,1.64914979570189,2.01946519967503,-4,0
1.00789352599035,-2.16101554013165,-0.10220701170858,2.03698556546104,0
1.63310505048893,1.80877762323802,-0.351854158588927,0.865569784674899,0
1.94602638306335,0.0125905174742734,1.44349562687773,-4,0
1.84860539171892,-1.45313922046468,2.3880658499988,-4,0
1.12423486774594,-2.55852202886746,-0.152304591099071,2.16823890053027,0
1.6091417012919,0.682654405240036,2.38073880712761,-4,0
3.06445320808315,-1.56627024004001,-0.492846263507984,0.886445330002987,0
2.33390689482,-2.22935630811843,-0.437788253095389,1.38048158261558,0
1.2784634836925,1.77741123126372,-0.217650191571679,2.06000051322779,0
0.482075397814999,-1.00289193922103,0.120792444121265,1.77446617417093,0
1.83867114613599,1.6062960897538,2.51443487486824,-4,0
1.81795552359786,0.374069277358436,-0.443895346713209,1.42802981586055,0
0.553785410638757,-0.16186633149947,0.119025973909572,1.80137201068676,0
0.660255938781644,-1.61705323480312,0.0608399555875794,2.06425949467379,0
0.474243532525667,0.478282577313564,0.11096393232028,1.39154443121819,0
0.644804316217583,-1.11100423906924,0.0653308633177203,1.95155386465849,0
2.03305846034796,-0.563152748343529,-0.456758974508217,1.47995866968752,0
1.46410582758592,1.3871010685569,1.91287274613645,-4,0
0.578471625008045,0.62769200728948,0.129411268061904,1.47508854189691,0
1.50490275723879,0.433584434846779,-0.241023731150239,1.41724317262698,0
2.15053303413438,-0.96069613091703,-0.37733044320927,1.20055618841014,0
1.59306204942033,2.05508767223023,-0.307608209401911,0.459690726470756,0
1.64119960233367,-2.42273933374543,0.771644252399422,-4,0
0.523035090551633,-0.505456573659511,0.0607500463666934,1.65339132069504,0
1.81735224163934,-0.618928945788165,-0.282663516897613,2.1423540513948,0
1.34079435169161,-0.682520337690064,0.921014822794184,-4,0
1.63722518760193,0.602779382721121,-0.294462070953676,1.24189614472156,0
2.26473523798898,-2.34301815068418,1.72516300239019,-4,0
1.05374342424887,-2.57538008852539,-0.162595151359353,2.62147733395871,0
2.49148812680134,-2.11940316274492,-0.206763940656041,0.571262330306078,0
1.40763256213717,0.00260441395480221,0.714202944055754,-4,0
1.99928751586012,-0.272560057584686,-0.45675737665275,1.33789017930636,0
1.21051338026081,-2.10595151629548,-0.221449515096283,2.05466250355433,0
0.566984631557015,0.0434266967264545,0.0796363085920672,1.47710370579288,0
1.95187205619195,0.197934563737952,-0.440846601828806,1.42388422306672,0
1.35237890753843,-0.52594643484971,1.17785182975216,-4,0
2.34432975667194,-1.12742385664892,-0.558206742484447,1.60172146777732,0
1.00973547918227,-1.04429999234202,0.715909739832469,-4,0
1.35445270034072,1.85564814524304,1.93123281715684,-4,0
0.524576887226709,-0.262918782514738,0.0801431172220418,1.60701189243346,0
1.65094351199912,1.30135303639099,-0.329690433737113,1.41567770455484,0
1.98507527080394,0.950699828011866,-0.352674488647865,0.959562300248116,0
1.28831383399319,1.01373744191462,1.1276726587316,-4,0
1.57185570814633,-0.425052449307681,1.43009646535548,-4,0
1.27643957953028,1.13010625247062,1.92288407405638,-4,0
2.07680111742122,-0.862830511238503,1.94968491156784,-4,0
1.5846148749182,0.369610817755443,3.88676054379342,-4,0
1.69051891442135,-2.18318436476401,1.51481320693581,-4,0
2.18386272522515,-0.230748869693556,-0.638524477233856,2.19177108398394,0
0.449309787186478,-3.00461398441679,0.065123549715515,2.70361769427182,0
0.889797325076863,2.39494028641282,-0.0300386468923941,0.322659692419084,0
1.94570778319201,-1.35280208452827,-0.419559754114244,1.66861970158272,0
0.52421258122971,-0.265315436355819,0.109756193201381,1.717336782246,0
1.73034929819698,0.87438935474074,1.93878086024702,-4,0
1.82591789480457,1.1490823215876,-0.442069492868667,1.06715948298133,0
1.3834824328623,-0.718134162094558,1.55120188352187,-4,0
0.679914592236826,-2.65307045189943,-0.0371984732556536,2.05748549489084,0
0.693598267065963,1.92211748587701,0.00479983434734579,0.436324005985181,0
0.811156112098485,-1.68839235199921,-0.0558579789554567,2.01038854147635,0
0.499234908412963,0.859142541693373,0.136294993510499,1.16834001776799,0
0.564226445792848,-0.232036578363958,0.0598487298769526,1.59848764930082,0
1.55378912290727,1.03655260375376,3.40415906411183,-4,0
0.631826745603763,-1.0087899353343,0.0381364257118129,1.92574232762289,0
2.23627409566089,-2.06065911197256,1.78140073163886,-4,0
0.602682170673492,-1.83106590058731,0.059275119294487,2.17853032477361,0
0.908339098038397,-1.43025909879423,-0.0906481733828633,1.77912334487613,0
1.82454031853905,-0.209342526545283,-0.524712396193378,1.75507863466417,0
1.60167024278333,0.0969746437132272,1.46066073699903,-4,0
1.91946746918104,0.477335627813647,-0.431974809413377,1.2338501603924,0
1.58750609906235,1.64233319709768,4,-4,0
0.917943856602307,-1.82177934894421,0.335002023827102,-4,0
0.385967832512805,-1.53109528036825,0.0960982253310484,2.13645582911738,0
1.644464619631,-3.31216186379006,0.827742069549588,-4,0
1.8963784852021,-1.19603634220961,-0.293699627869489,1.23806799641819,0
1.82214841906503,2.14723360006335,-0.554306029021908,0.931201406625784,0
1.81419237696784,1.36465338377831,1.5096311145325,-4,0
1.99323560008477,0.220327953322882,-0.67531851881172,2.43812511619862,0
0.800623736639603,-2.79945075948135,-0.0392379114700594,2.19950318991769,0
0.867244496565492,-4,-0.157253819294091,2.20959890483251,0
1.5591769325655,0.489595240495038,1.78886890083603,-4,0
1.60924823810201,-3.56078726049992,-0.340331749704472,2.07072201416502,0
2.07545630925876,-0.244371974434794,-0.461871897184448,1.62278021601238,0
0.685442643963695,-2.90963444304697,-0.00657319251051846,2.488762979809,0
1.73904858602128,0.19150009220543,-0.259085366805946,1.83944388951147,0
0.62131405637148,1.71906718026433,0.045659031172033,0.587473658896906,0
1.48765402966347,-0.513662852216043,-0.319239314246846,1.53274690872469,0
0.726929610218967,-1.44783483345352,0.0255095061388404,2.10927155787334,0
0.636339261161245,-1.41045293960968,0.0409948266107035,2.01159709235935,0
1.82330989746726,0.742447225965596,-0.391437037184994,1.54067676155782,0
0.678010979604704,-1.75775821928888,0.0026564520739915,2.17623828810141,0
1.44138962428041,1.20751504817118,-0.247806106711538,1.31857714974617,0
1.04939330070033,-0.96643503872119,0.282993046969625,-4,0
1.4236066033609,1.62926395938447,1.17653309405908,-4,0
1.77882990856123,0.659559262028778,4,-4,0
1.46502542547613,-0.64381402017418,0.938068134602369,-4,0
0.62037659141088,-0.482814206363877,0.0165379822558496,1.87094956070404,0
0.587402324612516,-0.681464352522164,0.0171497707438501,1.5308885198491,0
2.03059554215981,-2.18038640475987,1.26481942049425,-4,0
1.55255138681089,1.96221498229589,-0.392112640581488,1.1961764426636,0
0.702876645427798,-2.93317824947776,-0.00690949422495117,2.13041162314077,0
1.54058864062276,1.28899291657567,2.94370847150071,-4,0
0.592493369000545,-0.720410975946072,0.0508584744911663,1.67069064697824,0
1.50888166266336,0.120500554619655,1.52222166466103,-4,0
1.12711555116379,-0.687200661645496,0.729402370544498,-4,0
1.47531911175701,2.06932307110283,1.92556099652044,-4,0
1.22272007376297,-0.45001441667951,0.656843882623974,-4,0
0.667192741790161,-3.51800135181907,0.0470254286748273,2.93881581306498,0
0.637909654642813,-0.690989670999646,-0.032215933677442,1.83046778727623,0
3.0197598505163,1.02200304857129,-0.123382741012402,1.27597283162537,0
1.77911416686811,-0.372618222306532,1.40841973366473,-4,0
1.02246966135228,1.90687050516923,3.9988680373603,-4,0
1.45905450914775,1.24674100110612,3.59653914168546,-4,0
1.71343900785639,0.594427979593708,-0.413153602166475,1.31651889068292,0
2.55272561261352,-0.451499045216455,-0.600704429762026,1.42820457695722,0
0.679524343889743,-1.1470768486017,0.0265162907885524,1.98842087828605,0
1.63461557483352,0.793139029735992,-0.357990125828659,1.25266773490987,0
1.64217936053626,1.28630074024058,-0.315105120765337,0.590146547196411,0
2.30693754704572,0.0863879580863058,1.8850212538638,-4,0
1.9140575851637,-0.692069507371328,2.73623689950774,-4,0
1.6889279544441,1.28973598028238,-0.448686999644057,1.10963711167242,0
1.84346218047053,0.908197940130864,-0.320765571001114,1.09487305520284,0
1.73898226396454,0.830902998327083,1.69006270223026,-4,0
1.89788548975387,-2.09951940172323,-0.402511788137444,1.8098952168914,0
0.59607361759081,-1.0339594076508,0.06816123267334,2.087541603641,0
1.33342409227204,1.24012440241522,3.0903093127164,-4,0
1.65704709692938,0.174180697108207,-0.292363525498224,1.31366369302362,0
1.66104146746128,0.738533084558823,2.05181969544693,-4,0
2.21828263146553,-0.362102097446014,2.05204864096609,-4,0
0.630795399638472,-1.37830058727883,0.0291499088842243,1.96981479589175,0
0.971800277805395,-1.96501672061233,-0.0952061427383337,1.91975885173607,0
2.24308328876846,0.743132402848617,-0.545825281342347,1.452647080832,0
2.12255726935329,-0.133971372101468,-0.410551574264109,1.32097289991924,0
1.59649697271797,-1.20456483794301,-0.315331168359379,1.91942212043274,0
0.681928064955377,-2.43339466663201,0.0282758800505621,2.33218166446418,0
1.990307317685,2.23565195261299,-0.485454437263784,0.719488595747407,0
1.86075190145459,-2.58145758084703,1.58507148836217,-4,0
1.54072816229798,2.38758815770978,-0.384684774442619,0.67497428638449,0
1.40842528927847,1.50104260775325,-0.20980129910812,0.560016716624137,0
0.920291637201,1.98815887617274,-0.100926344128869,0.342185145048137,0
0.79261376472228,-1.92537180830976,-0.0436086670699157,1.88910963227804,0
1.78873883800229,-0.255823391626996,-0.325577780164381,1.53139918722411,0
2.29586187532243,1.20472038155891,-0.694059930145521,1.13687938116021,0
1.75468440231119,-1.57589578453301,-0.424460173429708,2.04172984808407,0
1.57537834399,1.88071950545492,-0.247201373238532,1.44407249719356,0
0.987835956102391,2.18583543618702,-0.120049348286648,0.440250387018718,0
1.38917843030768,0.0202827436914028,1.24936195572178,-4,0
1.79114029586048,-2.3280650657983,1.21880406490318,-4,0
1.52024606656444,0.871067256985043,3.97503696413782,-4,0
0.613707885475487,-1.04132822747302,0.0338838237653218,1.86165692229688,0
1.87486869286793,-1.57054671748571,-0.460600306999563,1.80070511877412,0
1.51453635178469,-0.949116546477876,1.00464291413163,-4,0
0.508895423606418,-1.1712436950389,0.0804145209628076,2.05250630807693,0
2.03227105360516,-3.60803603289832,1.23544992784791,-4,0
1.54281548620943,0.80617316886387,1.17626298985514,-4,0
1.75609809704521,0.777689986293907,-0.416829479279684,1.22873506392599,0
0.854357594075517,-2.3119177833202,-0.0403697945757023,2.48852732717682,0
2.28801833891348,-0.568346558229512,-0.594399557420637,1.7941677225821,0
1.43668026253208,1.40216188782623,3.06966492208851,-4,0
0.698637640102022,-1.55716024770051,-0.00572223217438221,2.22032473134242,0
0.802592758292042,2.31788763953272,0.00910262606198783,0.297457695309686,0
1.24553318932235,-3.94365014497401,-0.246018269749193,2.65168173037995,0
0.588330418379172,-1.20146963116089,0.0510675110069067,1.78811326874592,0
1.41734180828182,0.406891535786697,1.17662285803453,-4,0
1.31224628160417,1.18128695723711,1.44097096004557,-4,0
1.02333371177774,-1.37656403730508,0.536478183122165,-4,0
0.875986460403359,-2.36905369810887,-0.0919052136836639,2.48973442054649,0
0.832777454361631,2.17920642322786,-0.1061286864262,0.136424196723682,0
1.39273079688685,-0.782549506747856,2.08079513734655,-4,0
1.67438602278386,-0.718447594940449,-0.315550872751729,1.67080590758198,0
0.65726011002495,-0.88232583993051,-0.00319010855214909,1.70627430972256,0
1.37535893255118,-0.870412010944303,1.27859334694041,-4,0
0.728598156896769,-1.83180397182551,-0.0264877306976005,1.99501327140541,0
1.59774308570568,0.901670850425977,-0.30341300628233,1.14920376760352,0
