0.730866967884163,-1.15412897954915,-0.00723023171469732,1.85799044547957,0
0.594771176023274,-0.629744393118691,0.0743115998682511,1.74644111122723,0
0.545599685171118,-0.119735522665951,0.0850573559983117,1.45653763974327,0
1.12300196693406,-1.8610471457019,-0.149137599232921,2.12186959461767,0
-3296936.48107252,-469047.124440146,-0.0510944049639621,0.116193626386389,0
0.699953753613716,-1.11749474081361,-0.0146067029816362,1.88483783971642,0
0.616426617184672,-0.839431884507685,0.0519843950597802,1.8139738152286,0
0.903215058526788,-1.69397046952825,-0.107232073911771,1.89056195694324,0
0.652287283164012,-0.863031930886336,0.0416198766485723,1.82872600676316,0
0.893007032569981,-2.29612605784485,-0.10798847728372,2.19720398884215,0
0.738344989434488,-1.60727809717872,-0.028260445256285,2.09672953492355,0
0.826594236008216,-1.62041102612579,-0.0617188358345935,2.13656864903364,0
0.633354244273838,-0.399638394429017,0.0398366210510382,1.62601563233621,0
0.712518967393247,-1.42238341891866,-0.0267777612030335,2.04637362252186,0
0.636585879517568,-1.00437362906093,0.0145164346431959,1.87749486646553,0
0.592560219156882,-0.788432062330002,0.0533996958389158,1.87965737302697,0
0.71052072214419,2.14242934452697,-0.0638869664576904,0.213766846918702,0
0.695960638754705,-0.954752646853757,0.0277139358239672,1.93343332241524,0
0.580182616274287,-0.857721368782154,0.0629422185390803,1.847922153536,0
0.5482567280545,-0.619491168725584,0.0841982478154041,1.75515001041032,0
0.83970713452492,-1.90241146971621,-0.0708873862282304,2.24628739865173,0
0.562546643113868,-0.511152728679727,0.0669359144424067,1.69648149906147,0
0.581430007476663,0.0353040108944701,0.0768519231459448,1.52097074083878,0
0.788721825252122,-2.19046974068238,-0.0441191077102056,2.35157181624157,0
0.651645995749847,-0.525585452227757,0.0446888840444411,1.7469908261157,0
0.757720530112001,-1.30988809074842,-0.0286199991341019,1.91895954990894,0
0.564809710348205,-0.444524471233952,0.0787744825320638,1.69594673605901,0
0.680697809674731,-0.850743251235672,0.0317933068622003,1.83605646003371,0
1.44366455904422,-2.4011273354386,-0.320327118344495,1.80840440490844,0
0.546368316933852,-0.272949966022239,0.0827260248484575,1.68180911454093,0
1.02320616084652,-2.52858339904587,-0.133677705247692,2.36077809747351,0
0.58763496763199,-0.0991184777221546,0.0842980204572024,1.51616092662235,0
0.587202475536196,-0.350566956925091,0.0759192175144732,1.63749885558927,0
1.21361789275766,-2.00673885837654,-0.205034552989928,2.19170089678368,0
0.597469002342133,-0.312833041888347,0.0560131221238959,1.66644740814756,0
1.32441484411472,2.44957520481473,-0.227106387182071,1.08166647610879,0
0.729694964989088,-1.16368599393274,-0.00453000757863355,1.9724881310921,0
0.616562823655318,-0.975774679198627,0.0318324923221074,1.90392318251859,0
0.632002108307592,-0.381675568439118,0.0633080065745643,1.66044545836098,0
0.7076733084975,1.76293889131041,-0.0381800258120352,0.349774464819222,0
0.765437910654332,-1.23037144459727,-0.0313671437670216,1.886335130491,0
0.899111402600897,-2.12773882021769,-0.0963976520471324,2.19474783394708,0
0.69790039204968,-1.01020585456934,0.00864856131777628,1.86888340899082,0
0.690983152720284,-1.48271824311647,0.00568766633746826,2.15192028048332,0
1.36258523279749,3.123990863175,0.00546146742342668,0.266547028644051,0
0.955148119854205,-2.42215439469985,-0.115953998662831,2.45190392005503,0
0.866648334715522,-1.85750581354032,-0.0542399064442518,2.19173671491532,0
0.572591907472205,-0.320613389538411,0.0644892850612485,1.58050676423045,0
0.596073901931743,0.157430077332892,0.076508352546679,1.48153694261302,0
0.595067299694833,-0.372153060567237,0.0675790325289063,1.67662861234523,0
0.872968416169414,-1.52627670267253,-0.0837676234637118,2.01682572189332,0
1.18837576472258,-2.31783777053653,-0.206156305023106,2.15163365112021,0
0.874925490108969,-1.77534398545628,-0.0758976767441475,2.04704772558299,0
0.649708746012,-1.3479460921221,0.0353351373602572,1.99556018138125,0
0.514120489787846,-0.75613479946936,0.0883290013666799,1.8013994028808,0
0.755839723436156,-1.391385956538,-0.0645473562848245,2.13504615999383,0
0.806245228741854,-2.2952439710128,-0.0583216617976386,2.31654293939572,0
0.570736236276895,-0.845956500608291,0.0602272454731455,1.88208305938268,0
1.34606411572921,2.7351987721152,-0.0142710498405864,0.263822668809715,0
0.878604996912766,-1.59757580043455,-0.0623305477344671,2.10500202355663,0
0.917244029631357,-1.85464612596633,-0.121113309722368,2.01802082940956,0
0.84713408148396,-1.93753968624981,-0.0612807953052472,2.12857135799111,0
1.155156400859,-2.83192787947833,-0.225147997178479,2.03676220180019,0
0.596073727213877,0.163886526748675,0.0739875193395067,1.45965514826499,0
0.638732341637922,-0.801491999910596,0.0326191420861121,1.88190506631265,0
0.756554881333338,-1.49688482814074,-0.0261740238431562,2.01462116873098,0
0.664910192545299,-1.90715898694164,0.0218492919286952,2.26294623050642,0
0.540648279205105,-0.25626372878394,0.0672670380567433,1.57081341318998,0
0.541650159180367,0.27557676192058,0.0913853887568057,1.4212812296681,0
0.602691800355659,-0.481858286669055,0.0411446093617674,1.67079707576044,0
0.755203235726044,1.82483488569291,-0.0340124915928596,0.360294650439547,0
0.509733220862659,-0.0576422787384908,0.095003742389271,1.49636201369845,0
0.590877141574777,-0.294298096747929,0.0566335545052516,1.71507944858736,0
0.638838519140831,-1.36225703788188,0.0333293915406397,2.05361916961473,0
0.638805399762976,-0.977851464141657,0.0422547023483586,1.82209412789642,0
0.486468458985043,1.61287739506161,-0.0166614279127161,0.294146649774465,0
0.588864197495802,-0.370173582751747,0.0668415840395892,1.70184085868987,0
1.54532382445362,-1.12286208154175,-0.314614292297531,1.5541422688875,0
0.647163642016557,-1.61890431349485,0.0232356231364898,2.27427004612503,0
0.685258974138062,-1.65371613800356,-0.00463183928443203,1.99173545153932,0
0.792316069030026,-1.64118171892255,-0.0641291274435387,2.04490798416285,0
0.580889101115906,-0.418087597270957,0.0637502920169827,1.69274138999593,0
1.13646513774285,-2.40111361109138,-0.196539975775557,2.18286398342107,0
0.563043314848655,-0.37336993349919,0.0725813002752359,1.66510922832055,0
0.907347411557129,-2.22094070960138,-0.095614968671985,2.19216682410298,0
0.692125178123713,-0.763579547013828,0.0214691324318483,1.76085069907514,0
0.808795505333152,-1.89456421133672,-0.0370363415585644,2.2857337373654,0
1.44412099385788,2.44065753553955,-0.107632878508466,0.23450942231857,0
1.15613452894944,-2.52380572247537,-0.184078633386364,2.38556831853794,0
0.553407242221336,-0.519166721213557,0.0679839011833,1.79307239739334,0
0.575184849105812,0.0176926566850471,0.0934458482268718,1.60214489967072,0
0.594905594826935,-0.354664125184559,0.0687014548220798,1.68041432193188,0
0.646393821836201,-1.36242819993792,0.0333074311980624,2.12231632021485,0
0.942452124772776,-2.16149475706955,-0.11373379607721,2.10401629321995,0
0.584412277721559,-0.76705123225035,0.067277201320641,1.85837963365755,0
0.587462038263562,-0.44539583863467,0.0603678263003081,1.66212763326624,0
0.622903988243348,-2.071163274611,-0.00785018709058967,2.35010906159586,0
0.966804191741275,-1.78973618556851,-0.0955782887583928,2.13598962802837,0
0.814817721499311,2.40357539761106,-0.146569376226071,0.126165187858701,0
0.58516179814401,-0.187415216276107,0.072621699437559,1.62387987978421,0
0.653732222107084,-1.09423300187447,0.00890753370380635,1.90594740755356,0
0.631436463303715,0.584040651360632,0.0689535067299943,1.29118796301445,0
0.719404567003413,-1.1582385433926,0.0063623973750317,1.84599383285802,0
0.556399627915648,-0.806360144650449,0.0802413861434899,1.83390739206924,0
0.700979198584868,-1.33749827846076,0.0175325901427,2.15993928771232,0
0.695597444621512,-0.703196927143177,0.0113424843857074,1.80264276909638,0
0.630470980791899,-0.779196349835713,0.0459339894166077,1.85852273013847,0
1.2495088338581,-2.68797255829839,-0.235265786995556,2.18149938278938,0
0.568263485712709,-0.22338390090575,0.0771966958698984,1.53578317776166,0
1.57799233314606,-0.644057865794345,-0.298676113940076,1.38864029179637,0
0.567299377550934,0.376608749058031,0.110085055378527,1.43928945568025,0
0.580032044159919,-0.488437393864529,0.0645494110478831,1.71605093786223,0
0.576953868581161,-0.649875763173256,0.0677889248112423,1.68507419589827,0
0.56533566614043,-0.603408572332348,0.0799383432954708,1.79643994335792,0
0.756299319214575,-1.06008283363868,-0.0324491546891105,1.86018349595056,0
0.718549262758387,-0.741626723636797,-0.00783117585248832,1.80755210146314,0
1.06733140051612,-1.87580790079174,-0.14569785438156,1.99807662971994,0
1.07115473172734,2.34075814787209,-0.0521303653105829,0.330041758858396,0
0.563269649454063,-0.257886834661162,0.0812445250271078,1.53345056116307,0
0.870609196512338,-1.71902430305649,-0.0608810545116741,2.05711181090502,0
-5978070.93938567,-2106064.28607598,-0.0866141924217733,0.108904955074509,0
1.14123791778613,2.6623732991386,0.0111947107026013,0.329202820787256,0
0.630942825420889,-0.737192602782876,0.0459724474242978,1.82154867617645,0
0.665073364086186,-1.42060300991971,0.0155648112847652,2.00198472267416,0
0.776128995582006,1.95098766361908,-0.0360910437383618,0.353313186877966,0
0.862828011329131,-2.34810603904429,-0.071997974766541,2.28569486060055,0
0.532227522969273,-0.402333603199046,0.0946530433533766,1.7718794888477,0
0.567638397816359,-0.850791124631426,0.0759183170744958,1.83866839822314,0
0.634790536980279,-0.311664480953043,0.0579171515600886,1.7123140393976,0
0.585717500421242,0.35418720540569,0.0974159606186053,1.40995434105855,0
1.01380550125771,-2.55502854020688,-0.146707115612298,2.54030426498564,0
0.553846349295444,-0.355933377999448,0.0945563715622822,1.67754160919938,0
0.729620956034489,2.12559420704742,-0.106634707973612,0.124961519838585,0
1.78634494484793,-2.42021047257676,-0.39493294904324,1.95220159243672,0
1.67653989668481,-2.05316503187623,-0.349084693897428,1.66104016058891,0
0.649823125373068,-1.59522442311536,0.0264289286216258,2.16734278474479,0
0.891871664111032,-1.99186784313785,-0.08010139158999,2.12949788416563,0
0.630716346962106,-1.17702550432259,0.0222444663481911,1.99535362959414,0
0.61593838446888,-1.17355374437844,0.0467532176323935,1.96579463063295,0
0.557025059461652,-1.32046520410039,0.0646498949562616,2.04193454933723,0
0.684234340898869,-1.82056042206367,0.00834305594710065,2.14432044879352,0
0.588044795297336,-0.904639771266885,0.0495961978028059,1.91492577541788,0
1.07909465227065,-2.16064033408646,-0.131883334963991,2.22312537691482,0
1.18632316179879,-2.25668653246258,-0.200259850668143,2.09564321343246,0
0.556487990366606,-1.02420308150167,0.0361123303413231,1.79416445440328,0
0.550094606361948,-0.342150397884374,0.0774847841102901,1.6208468384794,0
0.740447259008445,-1.61630664152861,-0.0194013446817164,2.12886155958812,0
0.868985645547983,-1.30736703408892,-0.0685789707980738,2.02113172706412,0
0.560158874317256,0.126404540957375,0.0864348493797029,1.57310552924866,0
0.586221871130617,-1.04262140231713,0.0410298976490524,1.97267960797713,0
0.613605921142999,-0.973837866686296,0.0419121887161035,1.92803326262971,0
0.602801807638842,-0.613470604266619,0.0710359637248211,1.754599658412,0
1.44553369460863,3.21864802533893,0.0154383886191976,0.210177285927444,0
0.566357668676746,-0.939820387008362,0.0552505374474068,1.98337453273562,0
0.637769297185366,-0.705864157485041,0.0466340750016341,1.80090048511117,0
0.558300683039082,-0.380341436026676,0.0714292779848784,1.62041719523828,0
0.557816933802537,-0.30501098240043,0.0814310873369076,1.74051816098506,0
0.953116823566972,-1.90842306285345,-0.10630759538242,2.08353991875599,0
1.40088590206227,-1.64170146605046,-0.250924773169769,1.72317092074289,0
0.816507826804888,-2.36455799137638,-0.0471414831451614,2.38734703631144,0
0.563233298749686,-0.929436910343865,0.0663396954638096,1.82521322048749,0
1.25585839110377,-2.30946047035698,-0.226316285756581,2.14707956226887,0
0.718592517460353,-2.06199082202192,-0.0301205835581609,2.21577455276267,0
0.679314328292876,-1.10674335482373,0.0118444487494954,1.92687586956199,0
0.748424441483062,-1.42018734807952,-0.0279192733876831,1.99279998235439,0
1.36472278372854,2.57547625427834,-0.0582551678358935,0.282462449405545,0
0.558190808240248,-0.43939923366246,0.0838091753538689,1.75643926144195,0
0.595019682669878,-0.411518601092754,0.058727997845155,1.65380190256334,0
0.939148144150579,-1.98426046978888,-0.117260539979701,2.23681633156011,0
1.05879218285203,-2.40017177314936,-0.161541895137347,2.29298929912921,0
0.668705982695971,-1.12066953057676,0.0242153339342686,1.88067416188019,0
0.564415305380384,-1.10642909970112,0.055045982109605,1.9711311218283,0
0.873336205888543,-1.79809961342413,-0.0828191377607557,2.23813047553477,0
0.806796272871564,-1.90604934061555,-0.0807675332102716,2.08813688138636,0
0.632709277164656,-0.722767062338964,0.0423369185716203,1.85470517268449,0
1.22870209273112,-2.2276727945901,-0.202196847794746,2.07202882865057,0
0.856257709514802,-1.53024117818816,-0.0806525890873212,2.20517222079107,0
0.578071999097288,-0.352170170273831,0.0644382671012592,1.58270004629487,0
1.29787369615407,-1.80096343573275,-0.207923353941995,2.20518599140467,0
0.541356700561669,-0.691558222803895,0.0784089911966382,1.82002360778932,0
1.14005428974185,-2.92733180735576,-0.192203152401238,2.46883724720159,0
0.848736643963052,-1.65415016904294,-0.0469286888410006,2.09576020264376,0
1.32001985516152,2.87672247367365,0.0144794547808062,0.270731402444106,0
1.00797873032478,-1.91603014089973,-0.0949166746277167,2.02830801980164,0
0.866749033277146,-2.11905313783601,-0.0554478205574927,2.32775971012772,0
0.692931560166476,-1.82578434006303,0.00222421635351383,2.28351552232109,0
0.570574568099475,-0.186561184301561,0.090512902865522,1.59473189001745,0
0.962793244680295,-2.26576224259834,-0.11679215602332,2.42625249703168,0
0.984247087520576,-2.07699832168653,-0.0946509941335591,2.23543013455217,0
0.542234801723827,-0.21801797967798,0.0913650967324513,1.50252403588057,0
0.581228997510396,-0.542377830712815,0.0676176929255108,1.72945687692833,0
0.60230898023094,-0.525119735757239,0.0500782970360082,1.75892210201716,0
1.20010877178687,-1.74986002369654,-0.210923419430397,1.8934117219768,0
0.588145347865942,2.23687931781372,-0.113667534586955,-0.0084748392559626,0
0.630872591485601,-1.42279736832754,0.0103068941484326,2.03747467654387,0
0.548638491606789,0.100947954518482,0.080692556780479,1.40583887340002,0
0.70014312426243,-1.20932510961198,0.00745794979408511,2.00086986247829,0
0.530471809360596,-0.306285960914215,0.103068476371285,1.73374584352507,0
1.17141932927745,-2.17722052021606,-0.238019687252029,2.12649132379807,0
0.621106098919268,-1.66175165732674,0.0338963183661674,2.23635560887862,0
0.612599898034641,-1.0177252664207,0.0396633740412574,2.0344298750748,0
1.08705081121447,-2.3740965903908,-0.162593476309323,2.27685048777527,0
0.624753253457976,-0.662601814336714,0.0516920391830041,1.74835820889894,0
0.601573701381194,0.109685822824999,0.067545150166064,1.57660599985965,0
0.663748924145409,-0.347417581101155,0.0558330116142819,1.76706857414728,0
0.553504472004801,-0.345580945667085,0.0665538224090902,1.63370257203423,0
0.843063366764631,-1.87083787603552,-0.0539643088495767,2.2125027371809,0
1.1652931464969,-1.76930801031167,-0.173734035950908,2.02393688988592,0
1.26577419658113,-2.65551147510208,-0.222169638913245,2.53070644579777,0
0.605618400205527,-0.428712667624491,0.0746090690453221,1.6978889121492,0
1.19453174809758,-2.60310982214477,-0.225012755867577,2.37111252608863,0
1.31237434599058,-2.30331358654238,-0.233461424544202,2.13514689862172,0
0.691255156499928,-1.07807289125249,0.0188596899135347,1.99621546638801,0
0.569375764649989,-0.085423297403578,0.0888571260386549,1.67611644779059,0
1.42305641951631,-2.36981320378243,-0.22355971262682,2.15664689451464,0
1.04369977072616,-2.82837807514957,-0.154397641118781,2.46597413602428,0
1.26963936087273,3.11480533196953,0.107661662848614,0.297644222071461,0
0.811317808074448,-1.95392059749567,-0.0742163793636654,2.23236083636253,0
0.885995153990531,-1.91671191909739,-0.0787790620140092,2.27042147925029,0
0.824404518710065,-1.86431796770835,-0.0660216211392183,2.05721054451902,0
0.669661650339098,-1.40602965850279,0.000436765473346383,2.01021515530294,0
1.04634379442285,-2.12473470483378,-0.16462808197031,2.00416053671931,0
0.722272680479541,1.65888774921657,-0.014111296260237,0.413562032406911,0
0.664546698115331,-0.86038099519953,0.026974697268996,1.90734703260952,0
0.57796059093358,-0.434596916648932,0.0647286718622437,1.79382390020274,0
0.85368972840501,-1.98281778777335,-0.0669505306504838,2.09940272377336,0
0.957768918100634,-2.22290320341461,-0.110896224648243,2.22591578250125,0
0.698299540206829,1.73168309670154,-0.0131956886628226,0.418100886359937,0
1.01865677244189,-2.40361445339712,-0.156551092343933,2.35832918751989,0
0.697550677535097,-1.45334466898834,-0.00957417690306655,2.09483488353474,0
1.42266608906608,-2.3500462018876,-0.301212464710174,2.25255058844896,0
0.599163136085111,-1.1160432492944,0.0415508032579936,1.89683053262091,0
0.559294422626759,-0.12997013813971,0.0818760321566457,1.58837607448661,0
1.26169389233265,-1.51278982254069,-0.218220760809678,1.86450121291199,0
0.783988314212248,2.13136923273949,-0.0916168351842534,0.200791864599785,0
0.51983287389076,-0.532525963673219,0.0983743509509566,1.86192216805528,0
0.761473515900501,-1.26757680731945,-0.039317267411192,1.95969962241802,0
0.598070591365276,-0.256981839404401,0.0643023557473145,1.54351656692797,0
0.548810843742955,-0.497892800218146,0.0784444254054973,1.74081718589598,0
0.705155127848084,-1.17777214057687,-0.0021529584552654,1.97768314601871,0
1.04001966953797,-2.1812933900408,-0.132142288142552,2.23490491804275,0
0.563899537213994,-0.637690335761417,0.075689955990096,1.80033373727791,0
0.785198530254811,-1.6975074460464,-0.0271815884501155,2.11251935566468,0
0.743261381930871,-1.89874575406554,-0.0313314602915541,2.12727666634756,0
0.654325071385141,-1.20773262480304,0.00883269381315447,2.02227270676362,0
0.571149887689743,-0.135430728438568,0.0764495274151819,1.66926378660051,0
1.23015455074295,-1.82183342390744,-0.209032101074018,2.02494235738,0
0.781038563479473,-1.54728415776257,-0.026265487334621,2.04300292473866,0
0.567367528578897,-0.743539730970053,0.0551075634486477,1.68313861104176,0
0.622303596982449,-1.15839096590439,0.0348789734542958,1.95077290709253,0
0.611715436213545,-0.728374328166497,0.07294524163188,1.90306573276081,0
0.717548003048974,-0.996359020911936,-0.0148898852240589,1.86007267932462,0
0.643842353391433,-1.46986440632947,0.0475436268649006,2.11290032203351,0
0.816839247239356,-1.71756207986342,-0.0437251159219338,2.00766884244262,0
0.551727071357578,0.3661954175234,0.0991697647001322,1.47175457555099,0
1.39301609751613,-1.25353575880153,-0.228011550067096,1.8549961362157,0
0.637915778931113,-0.758566253273741,0.0411717716923069,1.7175029960568,0
0.600395395244872,-0.479604338391102,0.0573588556763757,1.82415361160055,0
1.02137903471676,2.37475958591783,-0.0360034365793707,0.299932556907568,0
0.647411876252411,-0.126854679265859,0.042376588218724,1.62535640061225,0
0.596955520755536,-0.87247009896124,0.065760648627415,1.91552156002004,0
1.33404735658712,-2.09651813510694,-0.235923710426727,1.95045342059057,0
0.810091015431379,-1.5269128614135,-0.022784738117783,2.11674050135307,0
1.03945496569404,-3.13754337408879,-0.162404290890007,2.70921335724704,0
0.528702477430226,-0.420669488271228,0.0873447716328915,1.60249570165408,0
0.622258870719456,-0.940337825862559,0.0428519602758941,1.89578840540101,0
0.624205616225736,-0.838482215835699,0.040809099745282,1.81902293858273,0
0.579570357857622,-0.499423928801369,0.0542312667412709,1.74404891944535,0
0.84321573456759,-1.88478826912666,-0.045570296616563,2.18353248674554,0
1.0472147705456,-2.61996916053612,-0.155413848636163,2.30619833165532,0
0.565543885915339,-1.0117243882439,0.0627646728852629,2.09086428955327,0
1.47590660324127,-2.22260139478522,-0.301722900562025,2.2483284170718,0
0.547929084616008,-0.698539801288366,0.0740102068208195,1.77448540693439,0
0.761776911297209,-2.09542494673642,-0.0364782732931819,2.32029664528721,0
0.567333795999378,0.129721100997683,0.110109091373261,1.65800945888446,0
0.597573655864834,-0.358082057868352,0.0330295948832122,1.61134228779153,0
0.766370116951454,-0.766175907525822,-0.0191398884121538,1.67115443590367,0
0.565644875346518,-0.244692392213134,0.102238681047246,1.68685947010829,0
0.706204441437441,-1.26327136249283,-0.0214425948475649,1.90081534601378,0
0.956774536976427,-2.44080774527668,-0.106583203986311,2.50419594295571,0
0.607287397729714,-1.42384193533526,0.0325297636200375,1.9999807293138,0
1.27805990562445,2.84333922936237,0.0220661012771344,0.338911225965993,0
0.61021081518223,-0.727736525199838,0.0716294520458285,1.74799777387334,0
0.620876185849286,-0.0665227578628843,0.0710263028351922,1.67166451906199,0
0.689100288116727,-1.0595734245549,0.00585411632050242,1.92942548817633,0
1.22324913566705,-1.82770705402663,-0.230687482528694,1.95007668520801,0
0.598912808960081,-0.636859846747692,0.0547833098009002,1.78625369542884,0
0.598664944749661,-0.405273301625175,0.0581196393868371,1.6466824349332,0
0.474942251301444,0.173675860129995,0.11904934234194,1.45144210235665,0
0.605572706950298,-0.455545472954678,0.0625687318243132,1.69974677466927,0
1.23082947399068,-3.34939252478109,-0.209810701502838,2.60209649751414,0
0.584095964265843,-1.19162729342682,0.0607076859580542,2.02140590455134,0
1.17963506829202,2.75116292949619,0.0154701067359453,0.331764379257448,0
1.30786646991213,2.79586690444338,-0.0172966287869063,0.351525911812214,0
0.745051533676769,1.99836571068098,-0.0510213080502241,0.270724838280006,0
0.627134925443073,-0.668393413236809,0.0283494805100145,1.8644987213199,0
0.562384739356223,-0.264334460453138,0.0754154410851356,1.63482939386055,0
1.85893732655556,-1.33523790870868,-0.395405105390131,1.51191987562255,0
1.23321573657489,-1.6474491691651,-0.185709818310785,1.96396596428488,0
0.721612954042504,-1.64091344747742,-0.0152033707337686,2.17706072068036,0
0.558828145130402,0.472491924643534,0.0974122775326682,1.30104019596165,0
1.14743749456207,-1.91771909577892,-0.17347661772038,2.12062641668393,0
1.0184944053812,-2.8491194814164,-0.138612557437751,2.60528825294926,0
0.805979544077479,-1.70214404420088,-0.0715601088713669,2.00332970116019,0
0.577408118504757,-0.16591248100555,0.0925386604726545,1.61300127340226,0
0.620359119783577,-0.706440378246184,0.0606028192242821,1.91683764270874,0
1.00356409551703,2.35182055194846,0.00304053522337484,0.368360655834931,0
0.573420879339782,0.0565266913486118,0.0861365433575035,1.53184746543929,0
0.684336594201891,-1.65833024873435,-0.00173430957329523,2.14676691553254,0
0.594398714541452,-0.261004652266203,0.0649794644511453,1.63051957920672,0
0.659164458403396,-1.1179298616068,0.0122149640022745,1.91042916573499,0
0.561016461714595,-0.338399728461097,0.0835289511131504,1.60798576161073,0
0.787194690440051,2.05853432572925,-0.0583759433577958,0.258388233481517,0
1.51463183802151,-1.47220421479665,-0.305234057109345,1.71144935637186,0
0.603953800790743,-0.954312532645751,0.0466273213740996,1.92005292647548,0
1.53744573616822,-2.32524948772646,-0.304349086309535,2.06026836912451,0
0.689516884421534,-1.06813037558788,0.0143959507064887,1.88203881258601,0
0.617112027155614,-0.538397752058775,0.0374056733538096,1.70253031052335,0
0.592800652241552,-0.253836606177499,0.062407492522183,1.57269964083929,0
1.33818969836641,-1.90986650492386,-0.241140011940022,2.00321428509146,0
0.753493279698131,-2.31481298116954,-0.0177793526061925,2.32942057965967,0
1.08252516110521,-2.55135437595797,-0.179258857344152,2.13262536710875,0
0.625826921978579,-0.47439298891751,0.0561783040795358,1.88360764115054,0
1.54320604078153,-0.876130730464023,-0.315367721968906,1.62109682452089,0
0.619589667803637,-0.293265193972921,0.0570765847336055,1.63878255395517,0
0.617321341540495,-0.656157770330386,0.0366363676934431,1.80921382547735,0
1.02971500188347,-2.02099331950158,-0.137464266618321,2.25644181495586,0
0.573975061415052,-0.256285882777365,0.0789953785019,1.69207626805484,0
0.564011720653235,-0.353199789489897,0.0802577909063036,1.7230400968291,0
0.904633493983566,-2.20813192428664,-0.0896331536072264,2.26100163975855,0
0.923824653591911,-2.45288621329609,-0.119688820189223,2.34223431807577,0
0.844877667203584,-1.4994733971273,-0.0498142751808095,2.13854021618625,0
1.21767096798896,-2.55592262324978,-0.177089602145956,2.28911697031413,0
0.620651385487142,-0.662044910855457,0.0353039789078981,1.75688905348923,0
1.04743055920555,-1.70638185689507,-0.156414556776222,1.93655137606388,0
0.568820937174818,-0.668169573663972,0.0604369055033181,1.75698583766073,0
0.539571531802383,-0.459804867619749,0.0934980844448489,1.7963294486437,0
0.977413667802825,-1.83724100298687,-0.114821698431878,1.95585014573384,0
0.945635476980543,-2.48707685338874,-0.12139238882588,2.61202252241152,0
0.716040154602101,-1.12737283698328,-0.016898183021242,2.03773384077355,0
0.521756327431973,0.224030711883059,0.0974187362130994,1.5741685231732,0
0.601599938099309,-0.980484266974023,0.0500302450926425,1.99987169406131,0
0.804128686875955,-2.10130222840046,-0.0364171681204115,2.25566756968298,0
0.602624113795883,-0.578012172945356,0.0472912347217208,1.77783261812732,0
0.627241319480527,0.30129181541182,0.0755465004611455,1.48830734355438,0
0.600726435814407,-0.217787528931296,0.0535260946072,1.51459174528006,0
1.55189068722863,-0.492013486941842,-0.304349768007106,1.44936194500261,0
0.682340575970602,-1.16359650545171,0.0100456772469025,2.0213846775827,0
0.61674787367516,-0.616936032904871,0.0367260431108196,1.86568412797362,0
0.645307259606775,-1.311299037962,0.0123297539649811,2.05958902864682,0
0.560009801096503,-0.768662717250258,0.0571943377654245,1.89742410443706,0
0.853968845656322,-2.11181138844405,-0.0902656321502804,2.17659399029902,0
0.569972130057113,-0.513643223656604,0.053395295308926,1.7846620235792,0
0.69509024705813,-1.36496242737261,-0.00592271916994627,2.03756780795785,0
0.817991916122579,-1.75117883794282,-0.0595495083812363,2.04805107409655,0
0.721263228363543,1.82229741496844,-0.0411679042088605,0.313605495003907,0
0.808294169609369,-1.53358868604821,-0.065924732573983,2.09335530646855,0
0.599415895942483,-0.015117272901649,0.0640258163712076,1.57922873434172,0
1.25788009105579,2.97550721354637,-0.0140272983340016,0.257355241166496,0
1.05909890131831,-2.70635749620659,-0.167220754889545,2.38861629962026,0
0.838086168737866,-2.04734482075033,-0.0681549815888407,2.2185420343378,0
0.818917200040481,-1.88250042479245,-0.0705718885306325,2.13240248420726,0
0.633724996125124,-0.788685792541671,0.0390245780729892,1.7876526574661,0
0.732753382464858,-1.424414027141,-0.018829235835695,1.94813140803305,0
0.503264185149978,-0.487181366877674,0.114711213715359,1.81040483158732,0
0.550558810876054,-0.457595491392546,0.0865671478509404,1.75914702046487,0
0.904942031070852,-1.96810839590831,-0.10550761383297,2.09572218025577,0
0.678266710957858,-1.34464434590946,0.0139527953104342,1.99765344740365,0
0.70360128097121,-1.24156635228645,0.0110038675074408,1.9901535737889,0
0.535595858157054,-0.217093957863005,0.0876938772212398,1.60523845684732,0
0.556492416671714,-0.0509459751134542,0.0805522370293095,1.61468051300003,0
0.711405181801991,-1.97511485922791,-0.0301468693511893,2.3015207610005,0
0.709233263314736,-1.9223571318751,-0.0265248288530371,2.23032655751742,0
0.61848469940395,-0.31706410248975,0.0613145015578866,1.75270692176752,0
1.03125608159418,-2.09632739200802,-0.129771453840093,2.11135218158207,0
0.520509113502926,-0.669228385857427,0.0839630197684591,1.84474797895495,0
0.960914658509556,-1.72318786718783,-0.0967420568025691,1.97088456748253,0
0.715584823117338,-0.699404727715856,0.0124251145583598,1.67660932239814,0
1.0419387851849,-1.62238318625915,-0.170644186352035,1.91026626649637,0
0.839184322113033,-1.70056541773485,-0.0542890387731563,2.0573953744005,0
0.679458024269478,-1.08524197141862,0.0253394488455797,1.87739720222323,0
0.599489436875942,-0.326334186756867,0.0446336442968875,1.54321149006641,0
0.778732563561316,-1.43347816041678,-0.0282647276290605,2.02244395909912,0
0.744897133178935,-2.08037783924799,-0.0275263172791146,2.38799576870517,0
1.21372487067844,-2.97636666005738,-0.220494223363385,2.47013681416516,0
0.806020959540224,-2.02260022609706,-0.0371221214668188,2.24750190253016,0
0.696874480521061,-1.75829906638249,-1.70700555364758e-06,2.21507198730361,0
0.945657109240381,-1.52839873380572,-0.0956843549148653,1.93975507742712,0
0.854665826997931,-1.61503894352037,-0.0816643768579347,2.018165988297,0
0.700217307331641,-1.09936971760805,-0.00389193012824838,1.82629712144883,0
0.928990648572561,-1.81093439943771,-0.109132641397098,2.01962503436013,0
0.952393178155855,-2.00275398394418,-0.118644375489845,2.14487331277261,0
1.65928701824058,-2.25850810032296,-0.36115463017374,2.19550255005034,0
1.10138521040608,-2.58835369723549,-0.175335693854243,2.20867601400762,0
0.573190866286544,0.701014008965168,0.0929226615945831,1.24635114324486,0
0.5935214674291,-0.812472321874071,0.0583736408867173,1.80992249320292,0
0.579133227398022,-0.04838908087722,0.0662537227053988,1.51657673155458,0
1.85977249684426,-0.176542232734324,-0.395031148076569,1.08264631259056,0
1.00992812316469,-1.64621926672162,-0.109285738153507,2.02158616439328,0
0.68266816639909,-1.61478532062851,0.00707516012175992,2.10995458865261,0
0.746713621720556,-1.00198961425676,-0.013107943794936,1.87447524930424,0
0.629019580775924,-1.33425200851341,0.0369993269485238,2.02503795102963,0
0.590097790488487,-0.230273480735084,0.0741404006027606,1.59604187065081,0
0.967799635921907,-1.93589705681945,-0.107034172847375,2.16910559252443,0
1.16458687407466,-2.33803454497502,-0.213173625435713,2.10576629204354,0
1.02223600012123,-2.24223558119188,-0.132616602365566,2.20559032348902,0
1.0579248257577,-2.66269934509229,-0.168828950111026,2.34706965896673,0
0.537722230839469,-0.541996729263893,0.0676373711268919,1.69283766646077,0
0.75922629654647,-1.92818897215459,-0.0277362246643952,2.2883640115102,0
0.555751247386689,-1.19064899082037,0.0472288242784242,1.88756544447239,0
1.08401616114624,2.51111118341392,0.002849432788963,0.380987276321859,0
0.607068354024736,-0.203803750213391,0.0659920047783122,1.72399857695206,0
0.632091797718172,-0.778890658054476,0.0471045329721736,1.83604155700557,0
0.777676954717167,1.94690970170183,0.10001023536007,0.877321420922744,0
0.746590521050125,-1.89605125068664,-0.0271791546543735,2.30588315576953,0
0.770261811256241,-1.77271322389153,-0.0210464751823742,2.25542945814799,0
1.17288649199591,-4.20465917705001,-0.208987431680709,3.1012201773218,0
0.780539980118856,-2.1965071629846,-0.0333984476931235,2.34628529226172,0
0.794931391066665,-1.35374190035068,-0.0133468231675802,2.04567841107684,0
0.889771975293781,-1.29670057772689,-0.0639732602567684,1.92567961349703,0
0.622923268056169,-1.01978996006313,0.0214750396967308,1.79582891472062,0
0.571002800519939,-0.37653627051497,0.069486355624557,1.57729420205931,0
0.61971552221426,-1.38484496285086,0.0205548686625791,2.08168112299688,0
0.771740182472929,-1.55973911406805,-0.0191793741313127,2.08465914758261,0
0.488763849401953,-0.562213917394277,0.100615441265874,1.79484778133344,0
0.547932286177043,-0.315540051908548,0.086564752604524,1.68551660117197,0
0.711852352896149,-1.5042757516321,-0.00449002426832862,2.04674861167193,0
1.20474541380199,-2.4621496885671,-0.178598423425659,2.22424189553334,0
0.944667534081031,2.44971000044545,0.0491421683075928,0.404669004619063,0
0.910760043780831,-2.05682686862273,-0.101302606718664,2.10267346611758,0
0.534197326128483,-0.387225000849351,0.0885064376811919,1.76324115015572,0
0.630263812074177,0.0716792161093261,0.0713510243634112,1.52425584060747,0
0.929732547234626,-2.03171394005174,-0.119061623432399,2.15551607517766,0
0.678763071337693,-1.3755292288752,0.0144499501602053,2.0335282733038,0
0.524076632474977,-0.259278600689519,0.0925769486531189,1.70889808148494,0
1.0929019006495,-1.92312785071707,-0.154701434833925,2.16874563123671,0
0.613692208554759,-0.80607807516516,0.0492865284266282,1.80424148918347,0
1.26178226969263,-1.52572458394251,-0.235789782414853,2.04960472265605,0
0.610004290416724,-0.575954004948646,0.05281410814352,1.82089185487879,0
0.872499051839008,-1.44359648892825,-0.0699159402864912,1.9942561604882,0
0.967231212666406,-2.14748292141793,-0.131056423776798,2.21914524701445,0
0.577347978584812,0.10990802673644,0.0963353122953865,1.59982427786543,0
1.11212616954588,-2.66640549893417,-0.168997451908627,2.30378259518569,0
0.644636451556297,-0.943214068118316,0.0333996632993966,1.86872025796477,0
1.12015708571655,-2.30810712396745,-0.16905047624484,2.13886283735994,0
0.685322983448698,-1.05327474450441,0.00518982029741443,1.87688492631362,0
0.422626459852712,0.228203274695096,-0.0052358578422974,0.335010418622798,0
0.574630323347634,-1.35712576789319,0.0446422283792308,2.0347199569932,0
0.692895381065644,-1.06147332483422,0.0160503999656332,1.90745993520714,0
0.710590564497606,-1.06637329420821,0.0101040587326792,1.82662294261887,0
0.826036299920398,-1.78162260847287,-0.0669228021657541,2.1806181116336,0
0.891920670922705,-1.61053125367531,-0.0806314087989707,2.01880795038459,0
0.626396572735671,-0.869119281914402,0.0393434766313066,1.85811051029092,0
0.563918006275727,0.267761164818731,0.0872371844531684,1.35545100752686,0
0.578272627080235,-0.518405644756682,0.0834707577970295,1.75998570039712,0
0.583635330485774,-0.641656676500677,0.0532955184014643,1.76811736600283,0
0.546184818100601,0.388763707478769,0.0981269275619001,1.38444113615648,0
0.621894073549669,-0.502145434037726,0.0726113984634084,1.75500456103522,0
0.549699621193676,0.074811415149502,0.0737355520337146,1.36704284410838,0
1.56321358367939,-0.718584264289923,-0.318181222883195,1.4431136798967,0
0.656510914205027,-1.05335141236341,0.0262196970128969,1.86643082159459,0
0.986756964329638,-2.88141664815927,-0.16401929681536,2.31253032207747,0
0.546815989924394,-0.275277935230706,0.0928602888466203,1.64875391926447,0
0.49786502941547,-0.223334438261231,0.101568676148379,1.69648914456936,0
0.727063249553423,-1.49330096471645,-0.0114268179652652,2.08632425165683,0
0.563544577981798,-0.741503696136954,0.0769692964972773,1.75342614383014,0
0.536545698759866,-0.184291275190205,0.101056450069819,1.71720937576515,0
1.0330441377767,-2.21141663123855,-0.160051945803815,2.17201534899785,0
0.567758992798828,-0.408448812983577,0.0639023689349748,1.79017247916162,0
0.569246746766764,0.365835241612856,0.0959495399453889,1.53265612607122,0
0.632046424857456,-1.04341841554099,0.0161283162671597,1.97758617867609,0
0.693092028811432,-1.38014528613214,-0.00755536767591269,2.03611744611469,0
0.54591575638416,0.0154186736199461,0.101496799688536,1.58589649906608,0
1.31974071447316,-1.49546334237308,-0.222885898013955,1.99802218651523,0
0.658594515388742,-1.16301178901301,0.0175760317818115,1.9764682233993,0
0.62070088831505,-0.608783325141763,0.0496809901612426,1.77955133311207,0
0.837406343145312,-2.02018456620989,-0.067543375682274,2.29125734614261,0
0.53515042938898,-0.073063514709975,0.100198468897903,1.68607443282611,0
0.753569135829657,1.86919433778254,-0.0608806086574312,0.28275542775418,0
0.619043367879618,-0.766767586621232,0.0413558980359217,1.7865731775626,0
0.938852523841005,-1.9970455638708,-0.123820126745913,2.12462543898661,0
0.612799313469127,-0.618392596825833,0.0613418923460539,1.8267842466863,0
0.938739385473616,-2.25943185328106,-0.13049185186196,2.23069692447075,0
0.595067967884275,-0.532471962566351,0.0697845905714439,1.77004500814924,0
0.567912296526079,0.517860416488308,0.0890547436976443,1.23856074255524,0
0.555137365641288,-0.475474829927122,0.0698406050637755,1.7353235169803,0
1.16022952195687,-2.20848741020425,-0.208038134618445,2.22308387434078,0
0.55818154375048,-1.23868544910016,0.0797426401685512,2.01877439386798,0
1.46526339779864,-2.89900646480022,-0.302407325458565,2.44618638368023,0
0.930890736565001,-1.98430285591589,-0.0955618383198036,2.10547470442719,0
0.89336805723408,-2.00571572429448,-0.0867702351663956,2.24492948432347,0
0.887771128580716,-2.21094891579346,-0.101854382540443,2.30690817593857,0
1.64624732422764,-1.68464363852976,-0.328456434858028,1.952188962756,0
0.796646492285124,-1.48414440888934,-0.0307333006962042,2.0136190146605,0
0.534758607233813,-0.318726387650357,0.0694369607931652,1.58673223644529,0
0.766075608018288,1.95427907338825,-0.069474181595394,0.275917457352783,0
0.577478118693638,-0.885059043331046,0.0584683871125246,1.87556324869764,0
0.968456687269094,-1.86488088445202,-0.105328330461461,2.11587511992262,0
1.48207480972388,-1.68175117102027,-0.287873161943968,1.78267972008808,0
0.625200496598212,-1.31205068010513,0.0555914350176474,2.03586467088845,0
1.30040718654841,-2.12735945597061,-0.224810477390832,2.04801192122101,0
0.646707713030743,-0.838278522682147,0.056682156510869,1.92480514383621,0
0.625483568155232,-1.30490211603823,0.0432142660965067,1.97755921568882,0
0.805978314187423,-1.01864276964133,-0.0260848243301888,1.83416165790072,0
0.660139570520917,-1.08600257140914,0.0254538954579653,1.89816490688986,0
0.517986313023591,-0.470850944618922,0.0961206925396567,1.73926638869782,0
0.654029553771916,-1.71422188854508,0.0098665124087824,2.11243574137112,0
0.752883212208103,-1.6646008451158,-0.0154513360728269,2.23622183103313,0
0.955378551437534,-2.72490073773908,-0.111102064980801,2.53771148100987,0
0.739726555156016,-1.20201675011535,-0.0213269012831042,1.97194779529333,0
1.20879500900465,2.23663453045783,-0.0864082338459707,0.313506002750075,0
1.06196235840444,-2.08987765845997,-0.144677412501189,2.03691622416327,0
1.18662003229702,-2.64790185352199,-0.194274513626671,2.33353087728113,0
0.815747575306178,-1.86325195077082,-0.0500947290721916,2.25077964977623,0
1.41728790042307,-2.24663014336469,-0.28681426170302,2.02737363510303,0
0.670010364318622,-0.870071589515861,-2.77769744513687e-06,1.84367732592936,0
1.1438267484896,-2.103755864159,-0.163362946913841,2.15325339840896,0
0.994605479278358,-2.54983550236709,-0.141398497138588,2.30269143157114,0
0.968972416461154,-1.82665378868945,-0.10796261328817,2.08922477882711,0
0.626020435608768,-1.31971259501488,0.0324367483413974,1.96432479611787,0
1.47311505544044,-2.1915910339504,-0.310195237219529,1.91940717638669,0
1.00260824279249,-2.50952453689705,-0.140621907195583,2.47964250871672,0
0.608955545411856,-0.611141100109753,0.0607771955028776,1.76988342385294,0
0.847076040717549,-1.90875270361407,-0.0776587433666284,2.05294861704933,0
0.623992805707021,-0.455267409078386,0.0391051304306965,1.71432277612488,0
0.712865096467117,-1.39598493012588,0.00454916946391266,1.95701280322397,0
0.688167860440814,1.75929547393673,-0.0592812844029087,0.282093986596619,0
0.581657781580344,-0.688080128488652,0.0554817839327949,1.81400145677159,0
0.623184202001326,-0.34156789062684,0.0415088992788032,1.69355491099945,0
1.60854000960514,-1.90536015947613,-0.30108264397591,1.95412275860048,0
0.620832610708291,-0.398507498954316,0.0504620802367463,1.64852395580333,0
0.662729741625503,-0.650868474898601,0.031590403633039,1.8159853690298,0
0.610421979885899,-0.651904892662139,0.0450043982279964,1.77076263489918,0
0.570241317520374,-0.679299010920406,0.0612324555700464,1.83194205250894,0
0.57446850946419,-0.605480853363887,0.0730833882317716,1.88305352662378,0
1.20867456901351,2.45772789945213,0.00117697154662009,0.315313426397874,0
1.35878523343125,2.41755407126383,-0.0586863995060191,0.35544645987699,0
0.775623620404402,-1.87640740055666,-0.059460017943255,2.0299375683904,0
0.880344387618654,-1.50587893334873,-0.100375560789273,1.98180082597619,0
0.70128580421948,-1.18655622555399,-0.0133891832429293,2.05991394615237,0
0.791990244208487,-1.9584723958921,-0.0203653972041495,2.28353872436718,0
0.608668525770749,-1.26493042835658,0.0402075331904714,2.11311181875805,0
1.24231584922977,-2.55621148899867,-0.241709806013563,2.28673155300893,0
1.04535795967931,-1.79615535437826,-0.153958029848281,1.99002583017354,0
1.34068366089696,-2.72307874949466,-0.255742048364073,2.10696575228363,0
0.711862743552293,-1.51391670259978,-0.0192667847246886,1.96213174117776,0
0.608709638529004,-0.799153975429295,0.045162237902109,1.82434022187007,0
0.497558104707486,0.0654619167791995,0.12552237405455,1.54961374874734,0
0.599016071835725,-0.4225230447201,0.0662358731013642,1.68697755200042,0
0.839232275069229,-1.83946115845876,-0.0631046513542177,2.12856713158175,0
1.34574849570696,2.94730119376115,0.0247153736301076,0.278262768164091,0
0.600607679420833,-0.342217348362622,0.0605734701965701,1.60434239411201,0
0.783097820691151,-1.27223710655525,-0.0266368399471098,2.04341783601053,0
1.11491448377443,-2.02427301351649,-0.186221742141004,2.21155293570216,0
0.641332444125178,-0.997310032221476,0.0422399485981055,1.92987281435846,0
1.38183711074517,3.28271726763692,0.0234376128773078,0.304306471849131,0
0.575926449103801,-0.44656368469072,0.0678157771399069,1.67875627102019,0
0.950917152721463,-2.32099715533218,-0.103375090113821,2.18662893605922,0
0.891110181331348,-2.005212481107,-0.103702762974776,2.20521132855794,0
0.756644227316688,-1.86178799127199,-0.0387152439608391,2.1524818611151,0
0.579344437564774,-0.611167698633649,0.0684251265344006,1.78829521837838,0
0.595817605523932,-0.517714541292144,0.0696669463155864,1.71204172380261,0
0.656682663832148,-0.866129585397516,0.0260866852980625,1.90465722794777,0
0.477388814348296,-0.727860140426991,0.104294567649445,1.84801958158738,0
0.910215532760328,-2.21988246278347,-0.0979457969837864,2.28352209767616,0
0.560352238796663,0.103830072167395,0.0975917881162502,1.58145478015109,0
0.664853507075612,-0.985400412397254,0.0392655305267472,1.90907713561934,0
0.590270304571622,-1.18091746160053,0.0266678143629435,1.94802720818866,0
0.610322557959804,-0.422384475986809,0.0556230463497141,1.73467645101178,0
0.657811210593023,-0.66182042797663,0.00830669329797447,1.73974129508851,0
0.586145023603935,0.162319141076324,0.0749065077910989,1.5590666585344,0
0.729746339502384,-1.50238173801155,-0.0240664930465084,2.11845832994043,0
0.546511586696154,-0.436525016649573,0.0934800714940024,1.76468846364315,0
1.10064008556462,-2.22299092583937,-0.163468197401026,2.10640123406735,0
0.524319001235478,-0.0999155502967481,0.10539940606467,1.6257394949414,0
0.629416583192761,-1.02468958608776,0.0238892584282534,1.8754586458805,0
-2646070.64895572,-1011162.66943344,-0.0430570879886265,0.200917531643334,0
0.649501363499901,-1.21620258585798,0.0248725414294191,1.97124603099745,0
1.10667668322429,-1.9642955956948,-0.175069180751949,2.03045597918829,0
0.713502305295193,-1.57468358246201,-0.0141487592042325,2.11260316101361,0
0.60809230402042,-0.443730579748097,0.0531155471852255,1.73600456344249,0
1.19660315818738,2.85214947873901,0.0209382493054313,0.280169644009782,0
0.654121519511318,-0.990457769779998,0.0209261477031332,1.80338764544083,0
0.715976653324389,-1.61994967232073,0.0150525989040599,2.15674931227567,0
1.00332066849544,-2.15431179797504,-0.118709733847739,2.23713940909747,0
0.624712292474678,-0.868094105912109,0.0573360004202107,1.80860431497701,0
1.44378631053088,-1.22674362277971,-0.249717935888838,1.76475053091269,0
0.610775502396044,-1.36555247354119,0.0256425310099992,1.99145468886243,0
0.670607281309447,-0.701119547904921,0.012336007840873,1.72677188846604,0
0.547365661487198,-0.227474046213024,0.0819415603328227,1.60786638590807,0
1.24362418035958,-1.71698957419134,-0.204708768609804,1.93577934171079,0
0.818064575750927,-1.73545676068682,-0.0299348054046688,2.1950524428645,0
0.596476204617878,-0.73610017930839,0.0410635914242497,1.71962475999079,0
0.690786891282141,-0.842829192098444,0.0220048571797896,1.86914665037328,0
0.556990620120499,0.0076961532552358,0.0940959048723061,1.49466101844499,0
0.839944395435504,-2.00127152526736,-0.0625427448782699,2.15667772194689,0
0.517138612970785,-0.323914332533075,0.071053540564955,1.60711814949964,0
1.25325341199021,-2.25001164596637,-0.249852299643596,1.96097498241951,0
1.01654073688324,-1.93255848821325,-0.141234694133374,2.12479229844801,0
0.542910558246818,-0.617612938426302,0.0688793848708907,1.67555238670605,0
0.713561553837902,2.05334956325466,-0.0273481069494306,0.31523287702263,0
0.751729213088972,-2.02533939815618,-0.0354229995477708,2.25429302996825,0
0.563096836371101,-0.151351399510515,0.0863690933234303,1.54034442735241,0
1.12186879567814,-2.3633291890686,-0.174319925835819,2.15510474178847,0
0.705337897999098,1.68311823685012,-0.0160656585679143,0.414366066775337,0
0.706232787586707,2.04354592734165,-0.0379735761677758,0.269617994819448,0
0.687400198953531,-0.676803093044097,-0.00912014566624602,1.71713976757519,0
0.601309324928408,0.0414361811971664,0.0584456661187863,1.4626267376404,0
0.668303507049076,1.73046278800772,-0.0136474487726154,0.363766021444006,0
0.586173604192033,-0.113335215472456,0.0636696040698503,1.57967016459557,0
0.730344884881227,1.9776691585999,-0.0254770008866458,0.282051910352992,0
0.551172735294318,-0.656744414754007,0.0537628735632742,1.79703181510718,0
0.671511772059144,-0.87370560921795,0.0446849805430553,1.98776699080415,0
0.888524533490356,-2.81195248001883,-0.0753985680335561,2.41341949057468,0
0.551477404118706,0.164057366678153,0.0931400897315753,1.4148389115255,0
0.763691859132806,-1.88941838458848,-0.0362389947441355,2.13932359310231,0
0.886659486357525,-2.17548117423922,-0.104818208076295,2.40556914899152,0
0.579812985769942,-0.584066753974273,0.078439081355116,1.73076169884141,0
1.13428914577317,-2.69371299422104,-0.192681396040653,2.39473446871032,0
0.65153012393066,-0.674292998938925,0.0297301109662322,1.85194614551859,0
0.600334395729973,-1.15198562260722,0.066495628627054,1.87403442445623,0
0.635189199578187,-1.1580748598655,0.0331560210186502,1.95391046869484,0
0.926095451084362,-2.11301685151666,-0.0997675525475333,2.13996781994945,0
0.812719619685979,-1.64902649900597,-0.0524657971949508,2.07049484329991,0
1.17159661675604,-2.07162993156381,-0.183083015588873,2.04483777711285,0
0.575938086225221,0.205365725051542,0.0896426995516443,1.45792623895387,0
0.824904984238301,-1.57922373053237,-0.0331984204011266,2.09237250384201,0
1.30793734032803,2.52869061605104,-0.027949569630547,0.337583213609388,0
1.48412050229107,-2.17349204050154,-0.328450167107172,1.98473701842715,0
0.598828796084749,-0.892952319618313,0.0547778426044656,1.91707347443173,0
1.12865230994386,-2.55938423086034,-0.179190266657486,2.29378184554891,0
0.607004303910259,-0.312839705822987,0.0658192223758188,1.8020334889987,0
1.00506699683554,-1.78792306771621,-0.127947480640491,2.06336116943076,0
0.659620935595734,-1.00933368911814,0.0176813389666022,1.88373590909119,0
0.790657343381864,-1.69959300669692,-0.0649618072722014,2.04789370815973,0
0.851193407652417,-1.88102307382115,-0.101451262697963,2.05403312047531,0
0.643432070347737,-0.60336603145002,0.065702644763574,1.81447178948022,0
0.613405807205878,-0.626596024578215,0.0553225302752259,1.8332213596295,0
1.15032398651484,2.7199008112068,0.0193991947776195,0.367467042847999,0
0.562300092360934,-0.328944871454452,0.0610658160418103,1.65224445948096,0
0.592586809601836,-0.629011333568825,0.0390476978317659,1.86938893360456,0
0.632105830970244,-1.31239733928998,0.0190611087854338,2.11241530492142,0
0.838268008403935,-2.00489170301428,-0.0445780217479527,2.35583259514203,0
0.873420265084302,-1.64873462399668,-0.0665222490693999,2.1742277398906,0
0.610158048249773,-0.712165250237714,0.052123032325761,1.85267931275408,0
0.889594509510228,-1.79576957360605,-0.0765358217166242,2.27453170129954,0
1.1562683485547,-3.7920899080008,-0.218378755242419,2.60895399326828,0
0.58093026085525,-0.799652400464983,0.0649897215013707,1.85697628502114,0
0.772190624174293,-1.07737378674651,-0.0164251996533158,1.87431991991807,0
0.36690568031897,1.75636256182821,-0.0397534980898458,0.150088446708221,0
1.08382217592789,-2.9160338702437,-0.205662320593244,2.41244962029667,0
0.708145946636487,1.72359866113863,-0.0322765756958223,0.415243867900489,0
0.618398959757981,-1.20934911356416,0.0471029947242361,2.02523402973748,0
0.749963377965041,-1.67909796885198,-0.013035911965167,2.05339001934481,0
0.635519311781542,-1.27196543124301,0.0308039939132899,1.90335217699255,0
1.08413357720409,-2.6729188820495,-0.140381772076286,2.24717995846446,0
0.595591829856003,-0.999833558534457,0.031891004555899,1.97575075265418,0
1.07988272410061,-2.58511384050469,-0.187053806394109,2.40041756576465,0
0.721080189221007,-1.22596561224124,-0.0105533718317524,1.97778687821698,0
0.535205929575361,-0.728854184373131,0.0609699109287526,1.7954173624251,0
0.734960734120737,-1.37871982303352,-0.0188182679615576,2.02066411068496,0
1.28044930903135,-1.61785088468013,-0.207254392867726,1.93803802438246,0
1.30939031800655,-1.36408041286453,-0.23784325802284,1.65341447541463,0
0.734781255286801,-1.42618713677187,-0.0404919049359514,2.20767495699929,0
0.594321954587786,-0.230687291151242,0.0611781095816578,1.55373622106715,0
0.708973815446096,-1.02756378452964,0.0081142742530527,1.96905109082398,0
1.56053422715444,-1.0924176186213,-0.315478501628611,1.52089654655047,0
0.819928405660442,-2.70965138626253,-0.102309568619317,2.47285914116619,0
0.563663770276959,-1.05542613124499,0.0588373123145833,1.89835066083809,0
0.541572117372118,-0.132717262240237,0.0916397311296435,1.60559789928892,0
0.604507833248397,-0.799025665813668,0.0497343535861727,1.87866015944898,0
0.60328822763777,-0.22975139845309,0.0468757775846144,1.57269517765358,0
1.25577604615423,-2.58802410610586,-0.237562331443975,2.39894190757626,0
0.981347872908789,-2.41466815539894,-0.150327130390175,2.24899385239865,0
0.84565345545305,-1.53874406409016,-0.0501295755678543,2.12166778741433,0
0.67302253661545,-0.690744568427081,0.00147762659374993,1.82713374832358,0
0.561039465879047,-0.358852919416357,0.0777188456014514,1.69236097379834,0
0.833178378102924,-1.85627121796764,-0.0485950633531791,2.23768048256037,0
0.675957361221175,-1.24624261559952,-0.00424048590900429,1.95128080428753,0
0.540704457366661,-0.863201260163033,0.0969742680034477,1.91412464048057,0
0.585656429176997,-0.800382690836213,0.0651512093263394,1.81791629803802,0
0.534041421612974,-0.201889031082285,0.105438161835469,1.57867613878588,0
0.797460646823491,-1.4714128604464,-0.0329752655477265,1.94184454019009,0
0.672604504315491,-0.638724872984465,0.0253084858190513,1.81368136298576,0
0.841100998860542,-2.01449817138294,-0.0677876871858152,2.37942498104718,0
0.979361676712293,-2.1782976066116,-0.111748227592465,2.18463029321682,0
0.578380209116586,-0.178935353015572,0.0650624241828072,1.64465841890611,0
0.691459430257868,-0.830062102157336,0.0190693197484026,1.79795800910688,0
0.642227201604585,-0.668621260189302,0.0412291606660466,1.7722632798059,0
0.673625237908265,-1.3332660799415,0.0221258870049449,1.9858701753269,0
0.614564841897306,-0.906079899364291,0.0245582224909534,1.93993864891199,0
0.578596011885266,-0.421563303221341,0.0709999748978275,1.63355617966989,0
1.31593582954822,-2.36394046864801,-0.239570934774367,2.11256049667721,0
0.907339972695552,-1.78408353216101,-0.120030258526869,1.99710802452442,0
1.43342118459133,-2.67790077368315,-0.271801692166836,2.39172801549241,0
1.02206574345126,-2.16906840016102,-0.13197141097288,2.21079448005301,0
0.755026849974181,-1.03125164070493,0.00477232982140911,1.90597242749445,0
0.569433971648559,0.206783461597774,0.112002375008366,1.6395487893355,0
0.504206709743686,-0.112178811648087,0.115633606850573,1.57951644175101,0
1.29231367281663,-1.02310850458333,-0.213291945587222,1.85713746132894,0
0.776127308838498,-1.46600529861161,-0.0260553867176183,1.95984197238222,0
0.824324163578104,-2.24482093367696,-0.0384776776893961,2.39088565778468,0
0.573214924464003,-1.07170032073959,0.0428715175459527,1.96263381640095,0
0.504198738295321,-0.238919008793745,0.10090084311726,1.6544471562272,0
0.820386424499556,-1.63082173580882,-0.0407567496126721,2.19311100381605,0
0.663561243223492,-0.580728026312646,0.0412309907093255,1.79508865202764,0
0.664818420359792,-1.20788358347123,0.0132841685127901,1.90265657159867,0
1.25806949647429,2.73326198093406,-0.017271890321395,0.255049683124468,0
1.22999369654515,-1.49964919575127,-0.208871668846297,1.80889593800736,0
0.684445537899237,1.71404552967317,-0.0312647742358356,0.32189680804676,0
0.473251030951095,0.311672991165295,-0.0194628550550378,0.300961060760285,0
0.952289130835261,-2.13165147656075,-0.118967443200183,2.21949093589046,0
0.92235728357344,-1.97582529128646,-0.0804412731362503,2.27820039081378,0
0.578952973292856,0.513067234983249,0.0842136720728716,1.30796077745171,0
0.965664592542863,-1.99199632104121,-0.110099020426434,2.14883682187744,0
1.34079564963606,-1.26052959734677,-0.239030886176884,1.83259634646013,0
0.649565680834739,-1.13501467095383,0.0305050746883546,1.91476291282598,0
0.536706488717407,-0.367444306310833,0.0821037577049898,1.69908050640484,0
0.582359122014291,-0.118017430305245,0.0735341992719624,1.47993573865746,0
1.4565521084474,2.44003529691459,-0.121409162108589,0.235432108409232,0
0.597874961278954,-0.629998233342685,0.0536248114187087,1.73571502287357,0
0.550868814797246,-0.101429194396924,0.086753060031896,1.55645401113664,0
0.629386571479045,-0.29260505901932,0.0491269116488672,1.72954052952599,0
0.631130399664061,-0.981424897738851,0.0357300419506306,1.88808589451818,0
0.823808077278089,-1.9315900104184,-0.0722953954354426,2.18453459438294,0
0.557184480731704,-0.844762311272516,0.0508297986191836,1.87504467322291,0
0.750906846691124,-1.54062449984005,-0.0261624995991226,2.05971100490829,0
0.622407379099079,-0.576107192856148,0.0660201974260634,1.81493842109033,0
0.574408639413985,-0.397682765080721,0.0548853111467894,1.62220167814318,0
0.561908111087431,-0.148118238021218,0.0809270078993459,1.6069259929933,0
0.646259706422963,-0.450685539340863,0.0405077729833161,1.71167480360974,0
1.12864331475118,-2.4602221129287,-0.183780510168112,2.20554063958513,0
0.599955931005253,-1.08304862144613,0.0597777314806449,1.93104772556723,0
0.66474340203341,-0.987309018560315,0.0185324135411998,1.96664359191118,0
-8276942.65374545,-2283822.54220047,-0.0595657174469559,0.153704940310758,0
0.694091958782711,1.6797365110206,-0.0373762933962649,0.295185177405625,0
1.17928806224626,-2.21371033647142,-0.189998751035986,2.15596964513205,0
1.20217291948681,-2.01614887647301,-0.169259679822689,2.22241924577514,0
0.613000854620533,0.391637558304373,0.0753346338160185,1.3867078673433,0
0.619606396178306,-1.25343757854628,0.0307743088411775,2.02673100132345,0
0.598738647052494,-0.614515647057671,0.0531446126685989,1.75838098886074,0
1.76347688221333,-1.04575569378482,-0.39854578592848,1.74863500124901,0
0.587657778177901,0.328082218648867,0.0865833540800689,1.46829184810567,0
0.617836630527361,0.108988400498401,0.0516619999088268,1.51714423846848,0
0.791351154224526,-2.20162616562582,-0.0245918458223612,2.42482942928606,0
1.89023688661124,-2.74344803955659,-0.453049026220342,1.92196614908471,0
0.523079802729002,-0.636455615926874,0.0867176756474057,1.83360666604341,0
0.727350654906342,-0.706093743844427,0.00724045128654828,1.69663270915422,0
1.01038160869244,-2.28768300947237,-0.119745492025309,2.21422757172766,0
0.717334690347875,-1.32981031677555,-0.0168239953673466,2.00480541096267,0
0.683575372414761,-0.787529308831632,0.00559282379804427,1.82980208893292,0
0.557394215248898,-0.158071457662133,0.0722445610517734,1.62226297209547,0
0.682158474793968,-1.23880833669959,0.00839050676468339,1.89062567299188,0
0.694050841521588,-1.36555130110535,-0.015468548053166,1.9546561285944,0
0.591505059039015,-0.89848339151197,0.0508265354065171,1.92496045712997,0
0.752176106775596,-1.7778106673992,-0.0295849481756057,2.21199360032952,0
0.722481218826863,-1.42547891802008,-0.0121875684832345,2.29160400032455,0
0.542608210753581,-0.17390882245422,0.0889443225401498,1.6374446932802,0
0.768089489633202,-1.67577852499158,-0.0255326793545799,2.22302426140796,0
0.640005089882403,-0.207542429702143,0.0550125792971223,1.52989670771833,0
0.751107499753441,-2.2170821598564,-0.0154632384231686,2.50521621174669,0
0.763541561697078,-1.46922196746521,-0.0362378298076524,2.11731970940713,0
0.839586650839729,-1.73936114212507,-0.0496742552751825,2.11573386733904,0
0.587620578093365,0.11866472047304,0.0824315799286179,1.48460047800285,0
1.38952930674202,2.74799538090717,-0.0306985494278012,0.21465348553564,0
1.36900961598963,-2.78786739609653,-0.254116627206085,2.46099103246867,0
0.596070258328602,0.14911661569141,0.066050087222709,1.49484578920313,0
1.28492953927484,-2.79532799352245,-0.224952631527101,2.29224031988193,0
0.580073213183341,-0.405904037781964,0.0945776604632441,1.72034141765357,0
0.973053885889081,-1.83015593354863,-0.121374901354936,2.11692891346377,0
0.620763399234439,-0.60733510505196,0.0363787518331071,1.74638493281718,0
0.576293942856793,-0.200542864251452,0.0778337050666717,1.78452617591931,0
0.556374582175114,-0.630521198625792,0.0766070509482775,1.85910106467012,0
0.903388285482072,-2.41766782029155,-0.0984544209909835,2.41947166130962,0
0.570674722706515,0.49270355291529,0.0954393154547476,1.27246119495399,0
0.600607989862015,-0.318477192401851,0.0666545961923978,1.59547566174678,0
0.591626130427211,-1.55285042690132,0.0363275101293115,2.15894838462554,0
0.801968429632309,-2.06956298312616,-0.0835506307166361,2.08754304300259,0
0.629825712024537,-0.435643192349954,0.0459840189531123,1.66390350396174,0
0.667576853907652,-0.622227438590089,0.0250938930542386,1.7144939869675,0
0.857626929875954,-1.72621345021501,-0.0721061414847495,2.08795305462635,0
0.629297183173649,-0.697642288534071,0.0372650029389311,1.78883651339093,0
0.75426331423552,2.05142949560291,-0.105981599612301,0.189902174455866,0
0.556421904381189,-0.727895001388313,0.0649018714346447,1.82860888302835,0
0.781316608442929,-1.60494502670004,-0.028190762941807,2.1570274396229,0
0.997478440145591,2.33300872640484,0.0198662846661188,0.439385146410079,0
0.602568040887566,-1.21425927733975,0.0385598576558133,1.98343525386514,0
0.55639581931907,-0.597724717751472,0.0793931626334477,1.70567639655807,0
0.592495670495519,-0.399383575381943,0.0550814963064262,1.61765132354731,0
0.546407301558634,-1.34165760815026,0.0531859086288558,2.02545986680783,0
0.710450509862253,-1.66993281344982,-0.0322459148306962,2.03486380582863,0
0.748021373206295,-1.14982998966824,-0.0263234868395713,1.82572597082488,0
0.85401757341582,-2.01145047583913,-0.05904954334917,2.34051219055415,0
0.691660627934799,2.2175065692293,-0.079912589587282,0.135803733271856,0
0.569623164141458,-0.396556080099481,0.0893769807686536,1.79246969703412,0
0.574810887505721,-0.925246279166759,0.0532387821971194,1.97038416259785,0
0.794169461775479,-1.72133748630336,-0.0425902111784204,2.03867115293714,0
0.590897441532892,-1.23619721402665,0.0446238894935307,1.96091639676336,0
1.28092193901276,-2.20502120257797,-0.256198396589495,2.08349031071096,0
0.654863647072066,-0.577007803975278,0.0470298695507785,1.70001516799726,0
0.80660736092371,-1.34223519312583,-0.0273878934832175,1.95495497293483,0
0.668984284756881,1.72743903408624,-0.0324146710520762,0.358522754160634,0
1.00002142870862,-2.29912289634252,-0.140624091047403,2.28470881127428,0
0.520975281869682,-0.0116607767749679,0.0985914654339854,1.58318735458904,0
0.665717830987564,2.2151440313023,-0.0834049945035969,0.197075079039687,0
0.519768365947984,-0.731951001776362,0.0905676789031221,1.81872196958301,0
0.555268382058094,-1.25506147626155,0.0495669276658011,1.98424265244424,0
0.849128962125328,-1.27494342820772,-0.0594159274703806,1.90386559782948,0
1.17421739423156,-2.10015369834226,-0.177265514546077,2.16613135975679,0
0.583898576676811,0.0955156468133074,0.0734000072721973,1.45877417080813,0
0.791092820479503,-1.6118815755391,-0.0425190198230883,2.06859800157291,0
0.571228623101874,-0.210859126326091,0.067708951422799,1.56499526268323,0
0.646510194097307,-0.767343535276276,0.0207865235480248,1.75033280618764,0
0.606503363478563,-0.822024410301548,0.0703021565004422,1.85321865213148,0
0.644274143015346,-0.71214386990375,0.0514691087123677,1.87101916279271,0
0.55124634946102,-0.286728308983078,0.0820759520162337,1.6388171728599,0
0.924340257553933,2.09754852343177,-0.0864668866484756,0.308326478635588,0
1.04221577164312,-1.5587749400496,-0.153196904642082,2.00186769109753,0
1.18246968105497,-2.15191380661765,-0.198954323727389,2.1928170536708,0
0.722682701003175,-1.46044522097293,-0.0290701244818552,2.05014166906197,0
0.598974392181041,-0.551249273766378,0.0553798360066858,1.63841845106607,0
0.579586737105802,0.144012858998497,0.0866253475391939,1.56577106671158,0
0.670438065304611,-1.59912001637507,0.00678916476367522,2.33750602547626,0
0.58946156077011,-0.841003988895514,0.0640895869664348,1.89177625632103,0
0.64934388530917,-0.979438203137562,0.0314201734827819,2.00300826252463,0
1.10322131895413,-1.52661555838128,-0.157591134058668,2.04669006021315,0
0.923244108097822,-1.87887575283929,-0.098654614484639,2.10327348321749,0
1.26363288694038,-1.5460623264494,-0.242667837427543,1.91704158522517,0
1.36894659108584,-2.09474483596336,-0.258014835506042,1.93551107979748,0
0.736509407468696,-1.24120454288808,-0.00667027065233996,1.97447924372364,0
0.577145826352319,-0.392207015146313,0.0680877613923351,1.6907159519278,0
0.62939716424394,-1.11268797518831,0.021160995814123,1.94099904379337,0
0.595406294151101,-0.727310092567667,0.0361195236996916,1.78619305861098,0
0.531091785357438,0.00658056945489995,0.0852560932063514,1.47593940187459,0
0.641667374330611,-1.03686593617592,0.0425327111905674,1.8969582796312,0
0.815897913056548,-1.5361002757532,-0.0475087701589063,2.04637251307424,0
0.672431033759623,-0.224580617508865,0.0407233583131854,1.69116178380056,0
0.724766843544761,-1.39303347672473,0.0134564086969917,1.97818063703922,0
1.07621515847293,-2.40699090960424,-0.173014358384809,2.27807036823114,0
0.987170891018975,-2.22487940685202,-0.124523564121227,2.43196311536074,0
1.38249882643593,-2.12248082066985,-0.27161080724448,2.00465988926467,0
0.542477230650579,-0.340656056428192,0.0809416295854718,1.86913117926491,0
1.16284000207373,2.60881692297776,0.0385318164927664,0.387202476808595,0
1.32296355721479,-3.02328919131889,-0.247407245476091,2.3415347134723,0
0.963377252116913,-1.56211614635253,-0.113928913321839,2.06739235386825,0
0.759866989151693,-1.97997223251495,-0.0344833422594186,2.21073873137471,0
0.805233452824458,-2.32781250549153,-0.0406827998487494,2.35936325482157,0
0.698574530184802,-0.981204802219418,0.0068790970734299,1.79289313957279,0
0.629226877115352,-0.766897563939808,0.0385351629560058,1.76970920514386,0
0.505200958272897,-0.533448640966186,0.0913950341119136,1.85760839625845,0
0.582861122282548,-0.277706317557883,0.0769705745398175,1.59412131313006,0
0.910359435388697,-1.83856475801516,-0.102176899165684,2.12743922426282,0
0.518697967098023,0.0263069782695452,0.108699388166639,1.67627948770193,0
0.710880398371766,-1.6352462712744,-0.0263205251384685,2.10129308979693,0
0.636776497480245,-0.36709685101191,0.0677668879270893,1.70906883495733,0
0.929777010186521,-2.08536415484456,-0.0916711339092675,2.17732042343875,0
0.882046310914271,-1.73162694673117,-0.0967154958210409,1.9660068781219,0
0.811935207219908,-1.5540010368304,-0.0445948885460504,2.07526601479124,0
0.581079041520635,-0.107315720645358,0.0930475056930619,1.70184288162845,0
0.579491158660684,-0.490001982447336,0.056277470140956,1.68716023111571,0
0.501299902975395,0.182249808783666,0.110779882091989,1.54719010493451,0
0.969337192317077,-2.02144508108693,-0.131274883143899,2.15034708731419,0
0.613622616235052,-0.297746892613203,0.0536426229341054,1.71969591811037,0
0.602571880273127,0.334611651712924,0.0819857391868937,1.42589809874282,0
0.50046604542148,-0.261612550994517,0.0966433643047863,1.56370262513372,0
1.23971332889345,-2.32775200784777,-0.215326064486733,2.38724264148671,0
0.642822566201531,-1.30279137445902,-0.00620293356593016,1.99609636874325,0
0.972490405895011,-1.19189894630044,-0.0870906930304904,1.91145320198189,0
1.55475455306753,-1.90971274775042,-0.304107284689712,2.04017983369471,0
0.667405855391522,1.98765722671127,-0.06850750421798,0.191662763469595,0
0.625126521431573,-0.00678576636239988,0.0659203059464901,1.72082776228699,0
0.640482732638527,-1.15269535521523,0.00433844212472728,2.06752112800344,0
0.591063287605967,-0.83609500990828,0.0679220488752508,1.87262036414972,0
1.32109013748468,2.47438362564086,-0.139131165922575,0.215557989357986,0
0.59794421271059,-0.0837240825320708,0.0835706676254115,1.59519792472326,0
0.555844727811801,-0.436018476908162,0.0793865654637717,1.67911720064806,0
0.705927525599004,-1.08353893032304,0.0193839213337721,1.83709897653099,0
1.03852587316164,-2.16995388156569,-0.122479390992982,2.16853428918942,0
0.782842313664318,-1.28194025534687,-0.0613482023802707,2.06516477342659,0
0.539549965646365,-0.419830866342532,0.0777146763154752,1.76049306305549,0
1.40480461633848,-2.31795309968311,-0.283964258925332,1.81651358460498,0
0.624672539811556,-1.19380465469954,0.0257349887990111,1.96923795366333,0
0.604373465142473,-0.303759994046201,0.0485325655842721,1.62784608037849,0
0.663205703444232,-0.85184594271028,-0.00678981850419715,1.7246920853951,0
0.77254046930657,2.02704945033178,-0.024979019049462,0.278000586260831,0
1.01713363519722,-2.15550081413247,-0.121305845223777,2.26752937345708,0
0.738431207131081,-1.53639298812357,-0.0248205701679581,2.1374567721427,0
0.710664107568224,-1.77080968798946,0.00398775061782653,2.24272634508385,0
0.580215515879203,-0.506899400508575,0.075953760314689,1.80874421899875,0
1.31239821759706,-2.33619486797009,-0.233901181095612,2.41501656877455,0
0.571739335975529,-0.775448752476998,0.0575986592970381,1.7845196239828,0
0.541978994253143,-0.245198165329752,0.0841628365503687,1.58248568289777,0
0.609350253661349,-0.43022172624488,0.0763565508361032,1.73590154105363,0
0.664198215149659,-1.35451643718854,-0.00114384569524038,1.92074606602217,0
0.894176733827509,-2.25522593626634,-0.0901819209805236,2.26774495404715,0
0.562164973556959,-0.33290512360239,0.0904925464480085,1.59354780185371,0
0.564704127687161,-0.069023792263851,0.0756036680654926,1.67024387727648,0
0.667885063914812,-0.642037514533573,0.0203482928207927,1.80710974386459,0
0.749607593249882,2.0301009586215,-0.0640866226556251,0.226042152940363,0
0.654678683101738,-1.09132967017242,0.0257330414878825,1.86490525268005,0
0.747161840065102,1.79774419253153,-0.0460154860537379,0.350719985757562,0
0.491817671273251,-0.714040994090374,0.0989391407924003,1.87052362654534,0
0.592680532870416,-0.0910740338212794,0.0767009116738932,1.54689919989146,0
0.598142139684533,-0.614984436695677,0.0791701005161087,1.7621769888053,0
0.600055211758693,-0.203219657381319,0.0648291767234377,1.68985808912076,0
0.737421142336579,-2.3428741733313,-0.042569552454143,2.29306204390631,0
0.671339355312507,1.83203681755086,-0.0274781914144827,0.250253889728233,0
0.692877677079812,-1.1546782707914,-0.000643039270661289,1.93444053761634,0
0.59415530636533,-0.728620899939622,0.0384181688474349,1.81309528070883,0
0.60819974639025,0.211983321860284,0.0877559661897936,1.46900706470152,0
0.730787516930772,-0.88223980806642,-0.00827226011833425,1.90504864008575,0
0.662327191903062,-1.32077943435012,0.00482453550694806,1.97590291798178,0
0.609628243194645,-1.26736370590826,0.0399420140199794,1.92780640907437,0
1.22158556071605,2.31412294918547,-0.0593169999665857,0.368789693780906,0
0.80323625585268,1.73835037362734,-0.0539200987616297,0.321250051396339,0
0.975535950828424,-1.99152074350425,-0.102572859150778,2.28197496719067,0
0.676966227522648,1.7713153449136,-0.0263121485306676,0.315786503632814,0
0.799533706594052,2.22978185460217,-0.128329334487399,0.132375679967105,0
0.857157560426619,-1.93189509856131,-0.053070615660783,2.10933458675482,0
0.567573647747466,-0.451015626473862,0.0826550993825319,1.70661147702886,0
0.588572727177301,0.7126663430061,0.100830432146742,1.24875229542132,0
0.606286875552684,-0.692596061569398,0.0556805825517094,1.80399764213021,0
0.547173125067506,0.198409245535512,0.100862777006398,1.46808003288346,0
0.578742693720118,-0.0837052366012095,0.0685297212391276,1.5635577274062,0
0.701395588043989,-0.811915556028483,-0.00319307043845926,1.88407489577188,0
1.73144890594656,0.023577113118552,-0.329804104947154,1.32015083509178,0
0.640703236062716,-0.873121070602318,0.0220729338951282,1.82485747287325,0
0.61468289372628,0.0551902082118707,0.06607808258071,1.50208846967425,0
1.40421600113297,-1.28892217132778,-0.242658344863002,1.65251642491267,0
0.537171133425675,-0.0634910724767675,0.0914283121550264,1.54507275594472,0
0.728362237542468,-1.16227677321874,-0.00828908200310909,1.90872497175097,0
0.546041816687075,-0.195904823675309,0.0703182746751893,1.53353945299285,0
1.64665622596495,-1.00346581812663,-0.322895303102895,1.19892414502663,0
1.16593688066959,2.98823915246734,0.0562717718056206,0.296649593903811,0
0.823409449532323,-1.42574192307567,-0.0497329446212707,1.9436093249052,0
1.13864929052079,-3.28300934769939,-0.235052741175136,2.4159890713988,0
0.675505250503568,-0.651374685187719,0.029683888556847,1.80662601274332,0
0.569445029495496,-0.511283740544308,0.0658932807936693,1.72150488687767,0
0.622227416263708,-1.32605630532762,0.0167330749910648,1.92000032047814,0
0.801977487173758,-1.57051133149597,-0.043791235844426,2.24176691566156,0
0.630556337433407,-0.244501737661456,0.0412983512120779,1.58948309031258,0
0.583285589134836,-0.309295266581998,0.0673972223503806,1.60664337367242,0
0.539117203607404,-0.119315636619497,0.0852379800969807,1.54774948323063,0
1.16024589433205,-2.85755609715819,-0.200604807108141,2.30675481466334,0
0.702089032169142,1.7006622936979,-0.00876517488627078,0.392446844785213,0
0.658670577988764,-1.48237788495955,-0.00922966103840019,2.2581629774115,0
1.06697915176154,-2.06907196682343,-0.150370410078643,2.12534886811851,0
0.564095364587023,-0.535394292711875,0.0767522851194208,1.79256113072556,0
0.628462467278069,-1.02309264820317,0.0453984990125623,1.93941516068763,0
0.670253211449658,-0.30365015355929,0.0306569376818719,1.6051998399021,0
0.539030898811049,-0.0920218456005769,0.0956813885555044,1.56975405682844,0
0.906210906455351,-1.34323740677316,-0.0696212731252444,1.93174573732284,0
0.487815912847431,-0.314326909087591,0.125001437407967,1.79315691148713,0
1.17829480771086,2.27765276803393,-0.0931608888646759,0.324279614212282,0
0.529513995654301,-0.0386150423607637,0.109463921546953,1.66041754733854,0
0.784974233818173,-1.41904386932901,-0.0360423497086473,1.97909347228966,0
0.607483516507133,-0.251118287222155,0.0595024812055994,1.63613968549524,0
0.655187844640839,-0.58657920200867,0.027632842684511,1.73836228660621,0
0.897509858691962,-1.70414649381773,-0.101212896949667,1.999280369551,0
0.580282357123377,-0.74273081051938,0.058285314464788,1.79157354101361,0
1.14829311134962,-2.81220569713389,-0.184629114229068,2.38183892349649,0
0.577515234605169,-0.560989981417978,0.0666376103501232,1.73893004796467,0
0.649865806350303,-0.871310941393673,0.0310438995298511,1.81378365658679,0
0.678887338732159,-1.30827253689102,-0.00543212249667274,1.93797428473723,0
0.578873932963872,-0.811046264247927,0.070989183965472,1.99067199595379,0
2.01063464222016,-0.246038969927511,-0.426224461135513,1.20823945274075,0
1.58411158349595,-1.48762906799076,-0.318399180417245,1.70839293219028,0
0.710080199193196,2.19840392450802,-0.111483489672568,0.082856708007908,0
1.58786464919165,-1.92708573581163,-0.326893381264229,1.94774350314307,0
1.28412423464346,2.32203228844597,-0.0223524203084532,0.366397817399081,0
0.688932823671193,-2.21796447836543,-0.00455698122076925,2.4303889347008,0
0.597698731512234,-0.361525819034847,0.0714497466534171,1.6967357869544,0
0.554992427849843,-0.129900642219505,0.113081338487458,1.70397087067049,0
0.577485647236941,-0.850303729352898,0.0421398895401592,1.82479652613315,0
1.19776321257015,-1.53713450420321,-0.139225429593144,1.97281683058332,0
1.34890090365697,-1.92546504511446,-0.233526504423751,2.13174982956827,0
1.4153900841115,2.98238210449021,-0.00270084033508754,0.287915602160784,0
0.611580769297925,-1.62682483888973,0.0163300528776146,2.15950563463211,0
1.0343649459089,2.27146171767268,-0.0411842627161571,0.347249297635312,0
1.48784179603336,-2.03229494196546,-0.328142536114434,1.87109099673394,0
0.557770411728122,-0.455484698826421,0.0924347694307648,1.67642162799096,0
0.540456526054634,-0.951459954240149,0.0722530672855968,1.94325848781923,0
0.868023795080131,-1.92182000043081,-0.054470315777213,2.18134660868357,0
0.674440862630994,-0.523675782291865,0.0138960332613813,1.6923685458402,0
0.618725982237295,-0.951524040681255,0.0434146768028959,1.85182615914475,0
0.562895962710134,-0.520628950601771,0.0613792811038474,1.67731633271644,0
1.00491739825146,-2.03351967316266,-0.1185121384178,2.08197485299763,0
0.741883501643791,-1.49365536576315,-0.0180538078121268,2.09983630084739,0
0.778639394974398,-1.8633237189225,-0.040087591475688,2.11355758017078,0
0.850843506715353,-2.21117201254971,-0.0683960594880632,2.33010036821682,0
0.93623454438763,-1.29088246159838,-0.103131244691956,1.91296755570851,0
0.676389180258028,-1.0949150649139,0.0214631505831065,1.94916407667388,0
0.592032354995985,-0.522584517357783,0.0415343145335246,1.7715880737413,0
0.59357826007079,-0.171608760735824,0.0833464991040654,1.7096272119312,0
0.568621523201503,-0.274813042489727,0.0724698355258599,1.69179514494713,0
0.568556850960618,-0.351439565732388,0.0613505083549281,1.70013464425646,0
0.629905028728011,-0.538510706367656,0.0536770299863374,1.75959202000142,0
0.629061702109163,-0.955189525358738,0.0253138668271825,1.92145594055401,0
0.962259791029819,-2.36048232951043,-0.133005466700568,2.42357781029488,0
0.666079180875107,-1.47727157508618,-0.00577202688393838,2.10047346635708,0
