1.50473603265709,0.564719996566983,-0.374524157695026,1.78215957180938,0
1.52070150777578,-1.47370668382735,-0.254050317650268,1.51539307283038,0
0.298118354005412,-0.207890262197232,0.170793730660975,1.38887012663074,0
1.46009266465305,0.819355421145984,-0.310662859495536,1.36731946493951,0
1.59338809995481,0.298953589853327,-0.371621809168936,1.64682062525129,0
1.58633912156314,0.986138778020081,-0.352732474918607,1.3574923878421,0
0.56490139221745,-1.25471182511808,0.0585661068722662,1.89488103782809,0
0.550508121927974,-1.32498813826165,0.0767937057217618,2.04986757133285,0
1.64264685293636,-6.52571772593613,-0.352546891074174,3.79623096581851,0
0.536581698541472,1.01200983231582,0.0113758073423911,0.565544970060869,0
1.02381040906301,1.89928278833898,-0.0226929771529281,0.540409355296445,0
0.832925314396468,-2.52797472072993,-0.058188107304074,2.37261673737137,0
1.80408676499349,0.369229970857679,-0.350140086470446,1.12781804385432,0
1.616217666082,0.231321696367983,-0.352258991015684,1.44636519282802,0
2.03534449824764,0.0841418585268867,-0.438234554102672,1.29564953142716,0
0.696438538836509,-1.19963298186555,-0.021238476434098,1.96471975323283,0
0.622788596726167,-1.59105610346629,0.0153929133048667,2.00624163297914,0
0.793062050529689,-0.993433506344552,-0.0559760071314234,1.8065823197256,0
0.434897554317326,0.0649240782231664,0.104184651266831,1.28774224300246,0
2.43192915447885,-2.92133389360371,-0.673173202887167,2.4364588468733,0
0.753988524409777,-2.41088258149886,-0.00400639372310512,2.45877484684354,0
1.80800971278189,-5.44752207883531,-0.364184006889946,2.59803091207662,0
0.562360335192572,-0.0530648394432779,0.112158676592413,1.67832709841467,0
0.641143761503923,-0.602960887231578,0.0715873641397664,1.93427091193209,0
0.684569225662326,-0.940003681687423,0.037935467027836,1.74974075717141,0
1.47362163879276,-1.06968520330598,-0.268536011524872,1.16343060684489,0
0.736196757239086,-1.80326675588076,0.0145052484328685,2.26016957265374,0
1.73850781027395,-2.26572988893059,11990585.0752972,-34496574.3206771,0
0.574705444124743,1.51787729978273,-0.00042593129036055,0.358064193771579,0
0.514702392770581,0.475940982664748,0.11464777598623,1.54816458428996,0
0.851489997722704,-2.44932897511847,-0.0438357120328408,2.47064989402477,0
0.693257982082053,1.83565878362888,0.00275786528580922,0.320981428865843,0
1.76435181990358,-1.07964533471573,-0.359921370970733,1.81940943199301,0
0.576515572178156,-0.415110913415809,0.0747269100964011,1.69277552624127,0
0.452748015694373,-1.53513952944717,0.0573193755668685,2.14925946148006,0
0.474726164347053,0.0542810834431109,0.11305922938234,1.6279498568412,0
1.19953463166785,-3.54315788895899,-0.165489480847965,2.52354980998159,0
1.44219086083684,1.13806316639612,-0.207313283113843,0.77056133061793,0
0.655408223361442,1.54036736886163,0.0136186259590403,0.538104968795536,0
0.507108312926228,-0.384318834785779,0.101776346777523,2.05162680598671,0
1.23161832462199,-0.798796514493416,-0.22855282769582,1.73891067760272,0
1.05245871564608,-1.24152420965724,-0.143399068702565,1.79276683430973,0
1.75782001113577,-0.585103759753893,-0.292213861883248,1.63804064773153,0
1.54051591210825,-1.23625643920265,-0.34111204055137,1.75257093043185,0
0.509080832740834,0.566751065842483,0.0876811549243896,1.11220477445552,0
1.82969363888392,-0.223349112169458,-0.360824145425366,1.33778630587844,0
0.596640860388869,-1.59002934597495,0.0751008208041119,2.39948796527518,0
0.829389425751845,-1.9583369855813,-0.0336733339794542,2.19746472131462,0
1.52533482371029,-0.686924356975138,-0.252311344735697,1.19158002394727,0
0.675920027750692,-1.50998885038082,0.0373766397534019,2.303448066895,0
0.412222084673912,-1.76357542578641,0.111609927599583,2.40987484602108,0
1.00562524774159,-2.77924993453906,-0.139755210065391,2.71640719713304,0
0.564774633336885,-1.14666188241703,0.0727561987441314,1.99859448244662,0
0.744836789733845,1.72256571084665,-0.0355241937916267,0.318941917438376,0
1.93619583619115,-0.0781377248998095,-0.396826546541076,1.29725394844622,0
1.60445539378994,1.85832556329972,-0.324992296324026,1.28729855443003,0
0.662668025921301,2.25061958248085,-0.0582833920178415,0.131572254603535,0
0.62579876562773,1.65470679604908,0.0144607523297618,0.520067221017774,0
0.63034446736611,-2.23998292732084,0.038012978670817,2.69685655354733,0
1.5486724096972,1.00953850104814,-0.342447684803806,1.11697058017235,0
0.775592772744054,-0.992994909677021,-0.0306342932538393,1.74854582263155,0
0.89975684041267,2.81345144299551,-0.0792494725671627,0.0574583353006022,0
0.616485436948256,-0.131734707391378,0.0677749111794045,1.56959350776342,0
2.0131861437271,-0.609087991514441,-0.304387588958519,1.35030065644193,0
1.0787053671031,-2.25224092472247,-0.143285476453273,2.16296904441234,0
0.670185115419232,-2.71698974340294,0.053300343842928,2.04450676232222,0
0.543661073669151,1.19748242229134,0.0885358518167964,0.855089800542735,0
0.549859190377716,-0.556192877076021,0.0274691958135139,1.69851487486583,0
0.473159084555496,0.000114012449564726,0.112514274968793,1.51319528649123,0
0.872216433010902,-1.54087263007452,-0.0680280235231975,2.08444409973979,0
1.5191358068502,-2.16088978691833,-0.258248179441472,1.9942861465517,0
1.66206202987878,0.732204724843505,-0.207490930474666,1.01030949177598,0
0.497438722948248,-0.237073443270444,0.0773967454001468,1.54604291493138,0
0.489682610489579,-1.16096548180425,0.0691280942790092,2.06853385446352,0
0.817923510744154,-1.61644658905546,-0.0424044529228487,1.9126005624599,0
0.568539390943166,-0.37780063762063,0.0921688114392389,1.52347087469911,0
1.88829178103602,2.84838006200288,-0.747478057392112,2.60043270339751,1
0.870148244880634,-2.71777420257042,-0.0870071555562498,2.49085706555403,0
0.574795579866047,-0.207825099275521,0.0848116189423487,1.53137100847808,0
1.42150103981079,-0.814108265063358,-0.245361918364662,1.60300150756883,0
0.83686458573425,2.35355220040752,-0.0413026016707196,0.267950532787513,0
1.73658490080961,1.73094880755161,-0.317773707618138,1.40888677606971,0
0.763889321510338,-2.7566687478424,-0.0695766723683678,2.38785631671979,0
1.53530286692843,0.640159301696928,-0.377822416445346,1.18850547563655,0
0.652352931573662,-1.29226193577781,0.0133043250388412,1.87099030176775,0
0.71320942277934,-1.87950156026247,-0.0191838130559969,1.96090488678855,0
0.546682665626305,-0.200832805324907,0.0653484734595817,1.70771037308427,0
0.822663117540911,-1.26513846788419,-0.10306623325715,2.15019980625208,0
0.473570619679797,0.744647219039605,0.136052239991108,1.28603720045357,0
0.443910258537815,-0.519979218443942,0.14129210474486,1.70236880934723,0
0.800010987868749,-3.35821647684468,-0.0575508120830016,2.25803316711631,0
0.40150573602971,0.516629218644873,0.200061410890691,1.34488791917072,0
0.953256958939922,-2.39135936348567,-0.117825775361948,2.40526195000734,0
0.594061780648462,-1.11791899167037,0.0597492119857225,2.09862603697912,0
0.752436927629309,-1.16615673921071,-0.0483255032522198,1.76443505677189,0
1.95210545877531,-2.7251384171726,-0.505432262922992,2.94974323296851,0
0.836665304233012,-2.07269724815899,-0.0553576817754291,2.13370126413796,0
0.75265691017865,-2.21652439175634,-0.0146131670089307,2.1385175496145,0
1.81270815762421,-0.5376377031176,-0.366936760140861,1.56947470122264,0
0.564474418245334,0.529401498328454,0.119610737484122,1.32245936618857,0
0.603084862680054,-0.314226984144616,0.0342154747397388,1.73737954449028,0
0.675292349889727,-2.12458207699219,-0.0223969354460884,2.04981695396397,0
1.14138970616718,-4.33320035374176,-0.166078508467552,2.58843134769551,0
0.674605900062054,-1.78935195487656,-0.000585187356331394,2.22637030273757,0
0.666817006096521,-0.786670749251092,0.0358622289497546,1.92327399353088,0
0.764737092214868,2.12362359773871,-0.0413663849704214,0.162300999171078,0
0.597965121178485,0.851840133108177,0.12068671922788,1.35931226557754,0
0.490940397579201,0.649762698110519,0.110587268785559,1.12719236043641,0
1.59980009268004,0.860415429705884,-0.309810578705566,1.36481380722335,0
0.603432171353785,0.826611415222405,0.106745499365276,1.356532198623,0
0.737691470264497,-1.63894292786408,-0.039206762560932,2.24639107487858,0
0.769899441291892,-2.99840771417369,-0.0390775412249236,2.76811833572391,0
0.532161033501065,-0.0773432138713282,0.0731914175609423,1.78196551698189,0
0.50600109969022,0.460729041042354,0.153196308183542,1.63431762237363,0
1.62233575846139,0.506258833572946,-0.271218211791523,1.09793838188695,0
0.835732712240197,-2.83942358458846,-0.0829960106784488,2.94588819522143,0
0.493286112244584,0.301404671510118,0.14719844204068,1.38171278835551,0
1.69274358686956,0.795272435360168,-0.30170356773537,1.16726818821459,0
0.570819483460522,1.49001938703345,0.117406610415732,0.958378801031928,0
0.612870148490962,-1.61672035525798,0.0326135717939594,1.97979910684751,0
0.61313019273718,-0.81658886513427,0.0298112748338225,1.70722171719938,0
0.73077743548446,-1.76758468536936,-0.0192648472531046,2.20049145369812,0
1.62555525898505,0.358816887488261,-0.384816415885356,1.62068554939362,0
0.582491491683349,-0.774250048164247,0.0474917371609351,1.91645709663924,0
1.07392316072284,-0.77477866720332,-0.121163974700561,1.62341268125058,0
1.50552916773226,0.101693164550677,-0.247239667038813,1.25125465749984,0
0.804550385010435,-2.44148815300973,0.0603936435228572,2.25386948438435,0
1.49198722199082,-0.389561662353124,-0.2272770319323,1.64438895166862,0
0.716741999187904,2.10819191658767,0.0914325958891648,0.973514189244399,0
0.728696547999395,-2.26521290644914,0.0254343124976729,2.2441830913941,0
1.58035295671461,-1.97815623788339,-0.292195653407718,1.66516048614629,0
0.507958524569782,0.00637827570775584,0.109705832630107,1.63783091673193,0
1.66793162248481,0.817547476589103,-0.316928614271277,1.02133808030876,0
1.53641791297697,-0.307111410028069,-0.275335079489571,1.6042392241358,0
0.595765820367784,0.391996135711285,0.0809604612498796,1.62240038496683,0
1.25037562409482,-3.76796679753883,-0.221686544700242,2.69821973955084,0
1.8847159862833,-1.57603509082139,-0.465639795270499,1.88882305873377,0
0.699849990097689,1.85040069015126,-0.0116627644157882,0.30584531472895,0
0.491238483819437,-0.46205470046823,0.0931494389440046,1.79666317888943,0
1.82233667534714,0.389250450990606,-0.307606810811025,1.10025987038251,0
0.652157104368665,-0.378028915744003,0.0340625934247869,1.46691704381195,0
1.48411898951727,-3.25043640196338,1002606.32019013,-5654264.9441725,0
0.794862105355345,-2.5076616973325,-0.00538974141336516,1.95884299168349,0
0.696365636754221,1.50957610329198,-0.0412047217458261,0.419898163185956,0
0.881873086218496,-2.11168400583172,-0.102835283833126,2.41930521025553,0
0.539585162209261,1.7732876217847,0.0473069637993189,0.523062159590598,0
0.658845975390644,-1.02494047840379,0.0286532995205066,2.02925987080804,0
0.499416737092833,-1.01832633342179,0.0857407740065722,1.7665016255966,0
0.875879528587136,-2.84018918316969,-0.0657869672589284,2.18967863269631,0
0.607911225393512,-2.06589840962785,0.0336028559369231,2.49338769213988,0
1.70236148403504,1.03802467214705,-0.371960148965623,0.986223649027532,0
1.79382399706595,0.616037225391673,-0.458389531051835,1.4036077130382,0
1.93483472877369,-0.724219227778257,-0.424451141999806,1.76488565202166,0
0.754404585023346,1.54224451634748,-0.00981630338583765,0.505722368659812,0
0.719066543028934,-1.73056325726439,-0.0113408650621879,2.01886577246066,0
0.837400950653629,1.75726363538928,0.0409300585371933,0.627333512716245,0
0.918833085296965,-1.68804169295364,-0.0744256780229594,1.80774616990679,0
1.1025880725385,-3.03907287154467,-0.190239056328275,2.28327476291251,0
1.85104567700392,0.341438125421634,-0.358939139141019,1.49240654649142,0
0.694259559792954,-1.08358861820469,0.0048871001608579,1.84787668192844,0
0.85273069715913,-1.24503899707289,-0.0658327828267135,2.01445715746832,0
0.489655938762945,-0.50278791122805,0.0494509879436907,1.58317722942124,0
0.646209099843264,1.39163223086546,0.164989666712672,1.28235842123617,0
0.524696935310212,-0.584974472814273,0.0701954460127501,1.55348373728201,0
1.77019417880247,0.440411300473264,-0.405700486461413,1.19486778607621,0
0.613162590689414,1.31936530163584,0.116697708262615,1.06282970729808,0
0.745746560578961,-1.4774006826459,-0.00559924002092226,1.73845877675409,0
0.584573588614506,-2.04511943736509,0.0210923123883111,2.24570008241408,0
1.69901543017546,-0.782653171859148,-0.29467342757843,1.32982981748029,0
0.693156088546925,-1.57685745961776,0.00381590228435853,2.15046690170918,0
0.712080025017717,-0.751188373617003,-0.00705422938138884,1.77712306741249,0
2.09532761007259,-0.70043418300515,-0.446386434010757,1.55769542804007,0
1.75549454567194,-0.714893339587864,-0.398146584903776,1.56944911079256,0
0.759496708530248,-1.45863525143274,-0.0331570802543602,1.83799590915729,0
0.665328472917152,-0.488750417147021,0.0136953244714725,1.45175134699239,0
1.90849636697604,-1.37017762256284,-0.354844024977038,1.66240368899762,0
1.44503983584402,0.676286615572687,-0.362343962526135,1.80245560358306,0
1.16693441236614,-3.60955547751822,-0.263709426808866,2.53511588063287,0
0.722887198383964,2.14645227238277,0.0187074358167544,0.358096707519043,0
0.572987767425693,0.770303235810411,0.105994451378765,1.17715442201971,0
0.926789543486456,-2.25589927342584,-0.0448731456070292,2.42337619272296,0
0.65025684764271,-2.0685953077028,-0.00188752272688317,2.07781350213781,0
0.759045301418044,-2.90256320722726,-0.0611918547010648,2.47035246137289,0
0.55602224609328,-0.295814921071549,0.0987819811453802,1.68151647559282,0
1.72681814778177,-1.22554794349389,-0.330138973514175,1.47107162443158,0
1.46537977198669,0.43137558713966,-0.212355428288995,1.32802351099926,0
1.95528548314515,-0.292169654638212,-0.402872868731638,1.25299061272611,0
0.702545332042826,1.94100039021089,0.00558871091311603,0.317980493065823,0
0.569656103979367,0.868059351562247,0.133119379865357,1.13377076151101,0
1.56168096399898,-3.81946157810711,-0.286852048208449,2.60090962957032,0
0.621485895362868,-0.945349585012172,0.0317194929515187,1.84267931818216,0
0.869403256713651,-1.99364432361352,-0.0722207459340247,2.0947484602912,0
1.18335802796607,-2.72795466870031,-0.184868815401683,2.30409298958407,0
1.05431243316223,-1.98415986985383,-0.161889731555651,2.24115696743672,0
0.605160742875513,-1.66363029808133,0.0340578427022263,2.02324477167879,0
0.681669948808178,-1.63658479737036,0.00306225972512636,1.86851488748054,0
0.612192993937756,-1.71612218619987,0.0655274904018787,2.15806100478335,0
0.742407827955396,-1.97711843805346,-0.0123510337956013,2.08979192674446,0
1.8562607049226,0.199192550161762,-0.444537990096101,1.35262891963218,0
1.62720138258642,0.177252706994266,-0.272562539532481,1.38617463738171,0
0.495101457836551,-0.298160149391426,0.120137591703389,1.71782941986661,0
0.797623457048306,2.34847537486957,-0.0036658148370991,0.29551618138439,0
0.593076593607114,-0.757700163320738,0.0603501807557665,1.9312830767236,0
0.676538486128113,1.66433456613719,0.00647813572367226,0.335745738049289,0
1.66281956244672,0.0934386429186166,-0.381378863470563,1.51841975348849,0
2.03964555423884,-2.6056237831323,-0.371299170307458,1.92954295593967,0
0.51791546094076,-0.367036049159198,0.133187795108261,1.62403383431033,0
0.56701042838171,0.479539001596606,0.0930722876566412,1.26018398891131,0
0.642300083652325,2.28079820136021,-0.0229591863331798,0.0019434952815357,0
0.819554918184255,-1.95563221291982,-0.0646698866719685,2.26268008296559,0
0.714946566882882,-2.59397233726586,-0.00236281388683328,2.27340796468914,0
1.73943793726032,-0.443813053206505,-0.360041190144856,1.59686191497958,0
0.647620633766691,-1.49285191827848,0.0467293021401957,2.22116188933899,0
0.932153285591525,-2.12275173145218,-0.120357320380266,2.16983719410328,0
0.624734022427198,-1.75088594641365,-0.0158271781578248,2.10217243458598,0
0.696673521326582,1.33973596213803,0.0127711127822596,0.57999065128298,0
1.07094557895986,-4.1527936622358,-0.202134819535552,3.09206143790834,0
0.500935774440707,-0.55990850447242,0.0981643301316007,1.92023675054855,0
0.56885913755818,-0.313805010294368,0.0824715186852931,1.82324499887452,0
0.738433188565509,2.35971773945591,-0.0315991118479358,0.159110443246134,0
0.582169752340555,-0.993139342869444,0.0486109688467954,1.88180432315046,0
0.897360574536407,-3.0899033164755,-0.0641802960207455,2.14813770546471,0
1.86680323785839,-0.937331235253789,-0.39720413103153,1.74420649130306,0
1.68789672229454,-2.62269159638562,-0.288167256306299,2.29716540220345,0
0.732261826691464,-1.36734074782625,-0.0518777172304946,1.99060955841448,0
0.748917137712891,1.93130904341976,-0.0227349362359623,0.379548365071089,0
1.63487542702468,-0.601622859527245,-0.262636945100907,1.30427372680645,0
1.52977636896393,0.393731958226751,-0.328850572674331,1.46919849898139,0
0.537589703797418,1.45670116100128,0.0267648645658413,0.388136868392465,0
0.696466108334869,1.63257291171102,0.0455100934802907,0.68068049220776,0
1.0179365670637,-3.28882759634798,-0.102805346347745,2.73907437016185,0
0.560292106530045,0.815527153029796,0.150143087056399,1.18773331636855,0
0.67044731330595,1.32341066840394,-0.0103556896873186,0.3961518701088,0
1.10651906470908,-3.74125526010102,-0.198408850350259,3.5104365443878,0
1.24913250603856,-4.98454366563808,-0.179446502596175,2.41547323810842,0
1.79158088623776,-2.85369166351612,-0.312072702223441,1.74425698769519,0
0.713658924412272,-1.73095041399382,-0.0412018062079428,2.39379037648235,0
0.695578288586819,-1.50160777659338,-0.00584212710896395,1.82269294594089,0
0.652227173761135,0.28060390929034,0.0965182472274178,1.63722702094223,0
0.474276416709663,0.421026323793072,0.105726143223286,1.47036196271922,0
0.754208539261133,1.96637559714855,-0.0546835929851382,0.172536609323031,0
1.71328989567765,0.31900220329681,-0.28888344604867,1.11948248521485,0
1.51979675154562,1.2892499438921,-0.228101821620946,1.08407991267383,0
1.56745040852841,0.501617449134173,-0.273655014361906,1.64048683372794,0
0.673447245286024,1.96081437602743,-0.0280391592573922,0.225341082352486,0
0.712880288255509,1.60118069892307,-0.072357711073393,0.236899233023329,0
1.92770122697547,-0.351993122364184,-0.331963596103455,1.13189573155135,0
0.558049846014041,-1.04923982478274,0.053441583102066,2.09866290062906,0
1.0015854576096,-2.23640456836262,-0.202446841900341,1.98866703883868,0
0.840465836705529,-3.02231415434844,-0.088258458752784,2.27433415887949,0
0.605163527568423,-0.692460745533348,0.0770575529631897,1.87809954195752,0
0.46645018045506,-0.505326934914296,0.127710903683446,1.85001956676185,0
1.55551483436272,1.7878403250475,-0.267959594272062,1.20412252802733,0
0.659766463408066,-1.43766537505054,0.0117247239384801,1.96573864818091,0
0.407063872572641,0.255425849464345,0.142055416716163,1.31492762591029,0
0.662980794435822,2.05587811026156,-0.012709801254877,0.263782867650815,0
0.838971754091911,-1.79322785081781,-0.0234901739914686,2.07279471985936,0
1.10680197441893,-2.86223353419246,-0.144633314639454,2.6805731185053,0
0.618049027499167,1.30156196311828,0.105357882973878,1.30747701638934,0
0.940668254692935,-2.54527125418254,-0.121610615354443,2.45836132724283,0
1.98322356784829,-0.179929363945668,-0.388338134463798,1.26470455221637,0
0.65715628167816,2.15668732499562,0.0247435827801345,0.361469423783818,0
0.634652435307781,1.90168843781605,-0.00477652997802528,0.286113896441829,0
0.668456633627941,-0.77278329560516,-0.00898567765081083,1.79830970406624,0
0.952323658367528,-2.22883052720704,-0.164204180226722,2.52257662297425,0
1.08895070285021,-2.71499975002844,-0.135532062310492,2.27130377071441,0
1.61563715086617,0.126532806213322,-0.260214621510254,1.40385343654362,0
0.581268521151644,1.09578185622145,0.0824184397282887,0.827513358125552,0
2.15084147499293,-2.91555211190622,-0.525783035567569,2.34704509542333,0
0.915042807608175,-4.17709433700757,-0.0789622949236367,2.85107202749786,0
1.76812287740276,-0.967715019844578,-0.41234820616119,1.61825099236584,0
0.726433479973403,-1.4898920630234,0.00625191405640385,2.15785829046973,0
0.610203069644724,-0.0317442764933058,0.0728445621540719,1.63398511151131,0
0.675100725768711,-1.2134277353277,0.0230523992184299,1.84069753050107,0
0.704462165980858,-1.07315302319205,0.0538922662246356,2.00385644084646,0
0.352187920687594,-0.723124996989194,0.137571235048356,1.83697795683408,0
0.667687936381433,-0.542033609649761,-0.0147869534528434,1.84479126133115,0
0.581826604329037,0.935935707216736,0.128291415107815,1.18856990069064,0
0.751846385502437,-1.58336820121618,-0.00755415183816503,2.00924878317297,0
0.568637538300355,0.294827964461876,0.082073975055692,1.49752428387376,0
0.747936807409766,-3.00005981614705,-0.0345912222434821,2.73202165267149,0
0.661797700053965,1.63495135945415,-0.00301420794371987,0.448499638219029,0
0.641546673124744,-0.560756755830623,0.0491849307688519,2.21807266545272,0
1.53916095026137,-0.351137261697051,-0.236407013051478,1.54379217610609,0
0.693366737122826,-1.05396323336112,0.00208132659127643,2.01947226493178,0
0.953340363779632,-3.11450123109483,-0.0974293803749364,2.50035877453427,0
0.566524096478593,-1.60712426280522,0.0890559579247382,2.08654641012703,0
1.6979550131941,-3.10641152105516,-0.36690271792794,1.90736665886837,0
0.613426197208969,0.371864953296846,0.0817764474875262,1.42938955590296,0
1.6707103481111,-0.580669322906978,-0.387987080014617,1.51714744459159,0
0.61136081930195,-1.65121601898445,0.0560879127040964,1.98736669372066,0
0.591064585446862,-1.53073494999797,0.0609439118341948,2.18460300678102,0
0.521264514499213,1.27829290776221,0.162869442694885,0.909185038540434,0
1.21433847466772,-4.74560338753882,-0.172564464781617,2.963311776662,0
0.738133964061997,-1.51388165910814,-0.0148437621804464,2.04621630887555,0
0.528653392132661,0.535213639576207,0.113167707290537,1.44588536751265,0
0.644769954536845,1.87191840037753,0.0630452175400647,0.478570466695411,0
0.573522879942162,1.4962783716572,0.185123162128146,1.17207945153663,0
1.81559791916513,0.683540132908639,-0.340275246806211,1.28135529254737,0
0.450131073616592,-0.99888887298288,0.11194546742912,1.70892384891869,0
0.670090747806093,-0.93522687125861,-0.00185399848248699,1.87489160911374,0
0.397419696303229,0.295791978206494,0.144669401801885,1.4479942827326,0
0.601296482605109,0.508351139570027,0.0971474394408131,1.56292819186032,0
0.700539498272912,-1.41440502687067,0.0219333938622255,2.05950196380864,0
0.844297769121336,1.98720804816386,-0.114867473168065,0.170401880541365,0
0.469348133516532,-0.0600014359815356,0.113826995769456,1.49952830557385,0
0.729372555311127,-1.06833839316174,0.0126430114629225,1.81868073241608,0
1.72877439883464,-0.163122271127082,-0.356389087153116,1.48914683428021,0
1.12764707332739,-2.264304569384,-0.144653840212563,2.02845244049019,0
0.805995559782519,-3.72192480416512,-0.128197993431202,2.86387879006463,0
0.767046503371488,-1.87501266087548,-0.046102241344614,2.16889073748922,0
1.6204189420524,-0.0414544510374432,-0.327124680934953,1.29248480700815,0
0.579340217207213,-1.80004851847602,0.087824950674304,2.53273519819166,0
0.672716688562713,-0.476889208261137,0.0403833445095618,1.79290246376764,0
0.886384827514183,-3.83803100601532,-0.126099828811418,2.84529873461756,0
0.817271501720998,-3.01460066967647,-0.0486663396071254,2.71533876737652,0
0.739456535872352,-2.04335807009584,-0.000633640630480369,2.12145677797755,0
0.721403053278089,-1.28737603169996,-0.0100334754046893,1.93609718937947,0
0.691577434164178,1.00704264108576,0.0969543004008471,1.50511871500382,0
0.709921460947663,-1.03790139653892,-0.00937303557297013,1.95302367153662,0
1.79008564466885,1.59290517287388,-0.396106184614374,0.774359253598899,0
0.558012896338816,0.857677444133862,0.121424032978881,1.16280580312113,0
0.907002466912928,-1.56391713364868,-0.0874238770912925,1.99103969783091,0
1.66806786522979,0.896943523776871,-0.347245214504622,1.10746436656624,0
0.572711763236775,1.58935194430261,0.0151333759188257,0.509123677568189,0
1.75290851103629,-0.16650232209111,-0.351626644295728,1.52148885275911,0
0.551452684602329,-1.17656277743769,0.0645962952876635,1.89992341315484,0
0.900777478602892,-2.21541364116942,-0.0966802269577974,2.28545006334171,0
1.65522107487104,1.37619315423713,-0.369230556632398,0.870179584435091,0
1.47247793645804,-0.0459320733490309,-0.25319395877456,1.66396945249442,0
0.685471182358209,-1.02735224625685,0.0119983018247845,1.81037734933723,0
0.573016835356338,-1.94869466337189,0.0401827443682012,2.26512121030998,0
0.891679841420984,-3.13416777881063,-0.109851747325536,2.92973092729182,0
1.67912740021747,0.216736294683002,-0.415274738693348,1.44749355024037,0
0.406383754451314,-0.264139581097017,0.196660605969981,1.65761932447756,0
0.604847222967395,0.320593263563135,0.0458195535427272,1.59227843512591,0
0.692809809571013,1.88704383584981,-0.0257760768996955,0.333481668991956,0
0.554848674766624,0.569633849155941,0.152691139336721,1.24689871395206,0
0.681473938465283,-1.50284750087936,-0.00928448578316861,1.99466113180593,0
0.526751086721242,0.579266525333174,0.122859498071929,1.33336968904235,0
0.539360706326508,0.291315412856337,0.0836529914574999,1.38773021406898,0
1.54510574903081,1.82529060099249,-0.334397846233934,1.19067540402381,0
1.37364549426723,1.22443595966196,-0.302434578504668,0.981544323678129,0
1.84165912153786,-5.56907552276723,-0.43670447291137,3.59344895686555,0
0.520712926589474,-0.374613280050647,0.0981134652482938,1.59336108585689,0
0.721037932125213,-0.952920300133023,0.00457490008561154,1.80098776267551,0
0.50606012667918,0.72487618506995,0.132875465248363,1.20778845913209,0
0.497187411711142,-1.45793861587468,0.0903381885499182,2.33538199782761,0
1.52318476150271,0.311174232497028,-0.294162114849196,1.30101215989751,0
0.675402973846849,2.03281152917386,0.270206778455581,0.813434452270394,0
0.561513602701189,1.27737972419392,0.187271396220753,1.2383502801811,0
0.861118287160294,-2.49006288050633,-0.0557793416723681,2.24801113118562,0
1.01973336936689,-1.5505069801295,-0.0922468622035607,2.26589362232848,0
1.49886921194572,-1.14491581923705,-0.224107425700603,1.45855145302871,0
0.578883109692554,-0.776491061970836,0.0371012046093229,2.22455656851398,0
0.580124729011393,0.422743822514791,0.0492330717694168,1.45859161921185,0
0.633975808312648,-0.90384862737187,0.00575149455916092,1.7994460050628,0
1.7606451238962,-0.972132428893277,-0.347029159209084,1.88627420871071,0
0.646742089612654,-3.39315861506887,0.0173825190812992,2.80912754475125,0
0.855130069468967,-1.48334654590012,-0.0243842456717495,1.85915292566249,0
0.6361693678196,-0.719044014970527,0.0235163538267034,1.7915637596193,0
0.74010765191829,-2.02728751392522,-0.0327315530208205,2.05913360552949,0
0.674399277957923,-2.32900951303116,0.0230190641454607,2.27257937740149,0
0.635942063928577,-0.986546210146643,0.0496449212251585,1.80532428884137,0
0.622008405776048,-0.900728076554971,0.0257905327949716,1.78625331111964,0
0.669059277783866,-3.1621648423312,0.00626058582738312,2.37536240128129,0
0.675238882237975,-1.19609252509738,0.0311984911636093,1.81481907885217,0
0.840586558432167,-1.50722019479091,-0.075130391614493,1.90019716802055,0
0.779311213256862,-2.59758448225663,-0.0501692441544198,2.38367476944582,0
0.719665379996155,1.6363942949517,-0.0244067167038498,0.279135054916886,0
1.72617132521466,-0.598721989729594,-0.423511931817472,1.94031345386345,0
2.28933525168815,-3.99490261170784,-0.453189597828326,2.35100251988473,0
0.742401864572774,-3.45775914481995,-0.048067593818728,2.19730759932652,0
1.88693030512186,-0.31101731972759,-0.444592490498319,1.62430815256405,0
0.948916867627423,-1.86921742136098,-0.0694543720448628,2.08769026659318,0
0.436904902958057,0.00927156130472587,0.0842376626542537,1.36956806263137,0
0.471487209898703,0.491758224466347,0.0888446832583277,1.23248427448116,0
0.810474940536594,1.88184571541846,-0.0447529687625184,0.195095570539831,0
0.705860945059516,-1.97915413106653,0.00327075235623879,2.47235888522985,0
0.772077403023275,-2.49303587239239,-0.0679234486189521,2.30867933355038,0
0.648740206838775,-0.402904539749756,0.0114027127632876,1.73393215386713,0
2.10443021308319,-1.20776968002693,-0.449103243323724,1.62254817562801,0
0.487986783934072,-1.36689729516452,0.108770195539227,1.9205092493367,0
0.71464519881958,-2.11392605900165,-0.00498935735135947,2.23985243324809,0
0.57878570757696,-2.83485760206423,0.0416265735819452,2.48139798899047,0
0.589134485546941,-1.34181071316809,0.0388955690657778,1.94258006359707,0
1.46224331100902,-1.02588712853981,-0.234019320068278,1.64754248934472,0
0.38683909591495,-0.320785415686528,0.183434588357394,2.0031208455227,0
0.595954352109702,-0.519272961511729,0.0509391411473828,1.62402342566719,0
1.58751611430382,0.00663260922533144,-0.276414235474154,1.32285974503022,0
1.70923255643002,1.12094880693024,-0.329222364842415,1.01354980867856,0
1.92751828962877,0.719809686874816,-0.398919053689004,1.12049982229886,0
0.607322488680357,1.32344613329149,0.0880609391928577,1.2424574698107,0
2.96562208682394,-4.68879287032473,-0.789171969837472,2.84490579490678,0
0.529079983349822,-0.401633454281637,0.0870371389446173,1.71677957252226,0
0.904821715171973,-3.71176619957779,-0.124896587435228,2.88018403836679,0
0.482111723885691,-1.65170149398376,0.0157320343122434,1.94600039802266,0
0.481249700202703,0.535646624212464,0.128195625988335,1.28851017538733,0
2.23261467888898,-1.63400525835373,-0.392430529465225,1.56455832856771,0
0.880380450448741,2.16273173671887,-0.0742786170282687,0.235711725787734,0
0.614478622956953,-1.11624838503467,0.0381873807167876,1.74599079367085,0
1.67950771484085,2.12654133797994,-0.289979774743297,0.640627089556664,0
1.0371856326481,-3.36671851048264,-0.14849326348189,2.40996389938905,0
2.0688091959577,-2.0193871772801,-0.440132048622668,1.99837292758007,0
1.30300912062494,-2.82084777078255,-0.289921416265599,2.3542551571994,0
0.564154313696631,-0.460607703570559,0.0292967741143859,1.66938241708253,0
1.38202213934503,-3.83812687479345,-0.291640631075888,2.69762463060125,0
0.666030785245334,2.14250484596973,0.0107675896802499,0.257218856786709,0
1.5257881564971,1.14049275200808,-0.208363091598963,0.849806982721183,0
1.52366599396776,0.824986857908983,-0.303670602781778,1.21777222889989,0
0.729226769025246,1.62232552843096,0.0325140888256242,0.529298472403934,0
0.651514707543443,-0.719190707746703,0.0654548686534386,2.0212225851137,0
0.492285430198033,0.105877383357505,0.104423464971626,1.40771122481868,0
0.52352648553857,-1.89886670029049,0.084540355035006,2.21514206769686,0
0.532181450180199,1.23062572252339,0.127569457511323,1.05598378135411,0
0.584916667722441,1.11262676456404,0.0572827593130964,0.741198893206797,0
0.805086644482894,-3.8827208529019,-0.0337008751410178,2.56979965961873,0
0.937070404491466,-2.24723889750513,-0.135578206543728,2.18347829256293,0
1.26530823375745,-2.69169242988487,-0.22449107271863,2.46240665980144,0
1.67507343999513,-2.3251662094748,-0.359455987526963,2.27143440122118,0
0.495873360314376,0.231375128326588,0.0692347512981017,1.33205209009174,0
0.842787524685439,-2.97791275102282,-0.0320975773016455,2.25146877714733,0
1.53784738554247,-2.61438955532076,495442.337529249,-2425349.07369645,0
1.69649397685984,0.617939582771271,-0.283513665598292,1.31364135344926,0
0.691408210841659,0.0566916219912844,0.0338446709911048,1.81518690318038,0
0.64688324436742,1.58085758828877,0.0239998391168223,0.382141768625491,0
0.717063210183156,-0.999657630084932,-0.00789690401318222,1.5800592580763,0
0.703849918435683,-1.89979287454212,-0.0119779946033199,2.22997423401388,0
0.662671414166403,-1.62740623110738,-0.00774977687410851,2.0179163288004,0
0.768048234755603,-1.24665601407015,-0.0271278603647947,1.79368458571534,0
0.631906206841957,1.85350477601409,0.00486114248468687,0.362711016829319,0
1.65442030643669,-1.72461937090246,-0.326881161854326,2.18076415001068,0
1.52817208958952,0.412994829265508,-0.302953850311818,1.73777008856782,0
1.18377582805374,-5.55643810406607,-0.186795219973731,3.66963888037567,0
0.66172501766472,1.71902747945556,-0.0109792010913331,0.468511960631631,0
1.20445010573853,-2.73433266594573,-0.199190856855483,2.40643042628278,0
1.65094448869941,-0.16255434035705,-0.442079695873922,1.55904331558572,0
0.73635783125042,-1.99345808332917,0.0118147148548067,2.14194923378851,0
0.606715478946199,-0.578322222948574,0.0690384245482966,1.88557354381071,0
0.610032207650321,1.82964058867942,-0.00468783752473745,0.226718480275352,0
0.73499856034697,-1.46666968168536,0.008467486034173,1.96208217439927,0
1.08219040464408,-2.57161700326827,-0.168739721866885,2.39675205234619,0
0.557821608147369,-1.28999315776211,0.0843594374286712,1.98117518572211,0
1.73961560912691,0.539515642601889,-0.40017290883454,1.2426138031969,0
1.70773085880115,-0.826445380192281,-0.351407919236886,1.60652565298341,0
0.661126188450494,-1.52285374650611,-0.00910106465684012,2.1028098325217,0
0.558735347850803,-0.333519938986486,0.122593652672856,1.88964749980241,0
1.47201742054287,1.59149186734023,-0.21959010881611,1.21799776943972,0
0.413571309566385,-0.423562562618874,0.129644458310766,1.61265019090979,0
1.75230394215581,-1.58101127796887,-0.303535801807994,1.81701806012241,0
1.02646798039825,-2.68879281901588,-0.121991025021345,2.01502273058379,0
0.834970655412671,-1.77199132879892,-0.0197899338437167,2.00243244558716,0
1.28838276865374,-4.40178635540604,-0.204609263790363,2.64477763374799,0
1.01021439989665,-1.70475952905538,-0.110841239313167,2.03758234616169,0
0.566982067608768,0.829451969911612,0.115175791991445,1.26135340342316,0
1.59587672568289,0.430404257124255,-0.336881426551595,1.4380244506836,0
0.70156252017863,1.73014429431746,-0.0125469707852243,0.384858737957283,0
1.7840728026814,-5.84051135440306,-0.473746176027112,3.50662942325786,0
0.56484986743235,-0.132552405817595,0.0790981545945307,1.46386406664623,0
0.871591490905658,-1.70180390451599,-0.0588743560195201,2.06776133942755,0
0.596742204971758,-0.844840485443425,0.0341889942768491,1.84547513477536,0
0.599447138284489,-2.13266533561669,0.0201438210477863,2.29939578668052,0
0.513938793381897,0.108164062244144,0.0587852103221044,1.67175687159688,0
0.537253570134848,0.959569164764868,0.121618249813501,0.986146368222488,0
0.594928170872645,-0.0795177853989853,0.0584307799998423,1.55064537163399,0
2.19073435256165,-1.4974220336663,-0.410963125708467,1.8044149105842,0
0.456889604153802,0.322655294028863,0.114335081972459,1.4572681599883,0
0.593018419986031,-0.505368436484128,0.0638587191110667,1.56283340629301,0
0.719135350675341,-0.674687701051262,-0.0128411341455147,1.67853179690604,0
0.559900905378054,-1.44538922509403,0.0313811540354662,1.9893602120232,0
1.94347933829194,1.43616422242152,-0.428582844099014,0.851877891710778,0
1.77064512843321,-1.23577251646099,-0.28875022263031,1.48842758588382,0
0.753181199844873,-2.43636040124122,-0.0458324002983825,2.61758853635931,0
0.881140195545945,-2.81965620313512,-0.111587704098725,2.46519639817622,0
0.636574059589336,-0.0888933169927328,0.0714772510988985,1.53001452444931,0
0.521456776090362,-1.67158215027821,0.0910486463727599,1.91081205237898,0
0.539731581074099,-0.489564037867454,0.0975780315312134,1.99870352021364,0
0.809609677272555,-3.01084684588104,-0.0440310402790278,2.6479584346118,0
0.454965524241766,-1.81596203641176,0.0817036354625717,2.41621814942082,0
1.72169092017867,0.484037170773178,-0.395400375918857,1.24123146864526,0
0.642804955552853,-1.09694567668928,0.0277121361155666,1.98865325478701,0
1.60207763937606,0.17765299474851,-0.289783119936385,1.38279195546687,0
1.18949920543939,-3.29872891040292,-0.149505807837259,2.15764708975385,0
1.72828274218241,-2.40927667900754,-0.291247700385767,2.01074689115103,0
0.740220282384998,-2.3063435928352,-0.00982868567227221,2.3319908062413,0
0.652767844090227,-0.53368779555834,0.0357848048269468,1.82286977846091,0
1.01330910577429,-2.02996660942901,-0.137661945887385,2.00710455658156,0
1.81520081812774,0.0919636942237587,-0.303587973188916,1.13985167662585,0
0.704764412021631,-1.89563504722263,0.0234117274924175,2.52308622120301,0
1.7598213867366,-0.479095776720787,-0.470578922907817,1.68458536899536,0
0.534955737363774,-0.497660564168741,0.0923414086543511,1.60808429471072,0
0.57625034882988,1.76135575705994,-0.000321967769209021,0.357216817388732,0
0.819490805516768,1.75910109611302,-0.0291230298682783,0.655290403483827,0
1.81248904810576,-1.12233906254924,109979.087019582,-404627.232809684,0
0.765499082218914,1.92023151493736,0.0733624351380187,1.04697090331051,0
0.714640326445125,-1.83410217046615,0.0117581931844613,2.19890543045319,0
0.61996023144888,-1.09290521702353,0.00623444419708727,1.89966297363295,0
1.02848194071537,-3.35492723826032,-0.149845062907241,2.46800072202686,0
1.66451385172956,0.741338012843672,-0.352635718789837,1.26185719666409,0
0.677407569251284,-2.28217636228318,-0.0204517184781175,2.34801567783586,0
0.671844236286671,-0.152553342783872,0.0253974037242257,1.56911276534549,0
1.1726737790485,-2.2600027601575,-0.170040238252565,2.24041529522546,0
0.682769357213578,-1.23041577862574,0.00425308279088828,1.94571516038323,0
0.681524368356858,-1.3680072988429,0.0178399620673984,2.1077183310274,0
0.623518938195299,-1.7885649701191,0.0361849117806163,2.08887064820221,0
1.0672881498304,-2.78810802601947,-0.16090705072108,2.247550270881,0
1.42395284521562,-2.62444833274696,-0.247200197086388,2.08153629219917,0
0.642410183311616,1.63601669522253,-0.0128242980702152,0.301599983602938,0
0.706438044731695,1.67000373844094,0.153742733391795,0.987642222358807,0
0.858147255436449,-2.71386823373299,-0.06257804832141,2.29621754116245,0
0.727028084151153,-1.49690112213601,-0.0216781809252836,2.10351910356334,0
1.78177119113904,-0.00189575625471749,-0.387176406375775,1.25047563459832,0
0.599367850785178,-2.393160626683,0.0417742453006016,2.37483020109808,0
0.62513180514394,-0.36667017389855,0.0357823755406465,1.72474686337475,0
1.50357086442001,-0.134120953920372,-0.267023991637737,1.81345618155571,0
0.74495254146179,-2.27047458123826,-0.0163233293669407,2.31275744989888,0
0.778971415101083,-2.17316327762994,-0.0293019343033121,1.98063386975127,0
0.704156803932294,-1.72039968939793,0.0290433040663233,1.89690604788856,0
0.525278399207373,-0.948797100435025,0.162096526340189,2.50630498905411,0
1.08394540541269,-3.67445293984292,-0.165388367524452,2.66564631671707,0
0.581028541403863,-0.440540505251862,0.0594484547737733,1.80730514686266,0
0.810794707757388,-1.85727485124849,-0.0654635262751898,2.15584323778854,0
0.843937158005271,-2.09023497196684,-0.045031167550189,2.26822607302676,0
0.803802304803439,-2.48779351367481,-0.0278189011218459,2.31453393442971,0
1.02155718671987,-2.94625232851495,-0.113359206224434,2.32393756091687,0
0.726220009460973,-0.483030681626958,0.00782316782441081,1.83935731725845,0
0.724406262172114,-2.09269419344405,-0.0270782652321201,2.33524329158096,0
1.54892146933839,1.43735620179428,-0.264915655305925,1.06125729978291,0
0.752586207990402,-1.40972202963309,-0.0318740360769356,2.00983056629199,0
1.54658308725993,0.281200646847314,-0.262727237969952,1.30168483216322,0
1.79886489034537,1.34496716136873,-0.333460478294087,1.07899021869429,0
0.824203060025585,-1.95888694269255,-0.031335561499337,2.05502417263683,0
1.69676304805857,1.03047618918106,-0.372099288316834,1.28767822939412,0
1.65238474452724,-0.876547974094763,-0.327904573678761,1.60872847674271,0
0.749412239919554,-1.19086524794845,-0.0192673069679723,1.97207082263506,0
1.19830949273524,-3.19238294094283,-0.19443726709631,2.42240650650259,0
0.772079984660304,1.97685784384464,-0.0545644862229078,0.16507399668883,0
0.717517029402978,-0.465841226711177,0.0164199180061789,1.82432085475518,0
0.563587565153407,-0.390807968112064,0.0472117606301449,1.57722564162492,0
0.703684473189266,1.73238579562016,-0.0303490091565979,0.423900343549642,0
0.612519173160693,-2.75856314549556,0.0439868428514348,2.65916579063627,0
0.770485063828122,-1.17989367234244,-0.0359400939544763,1.77101757307335,0
0.875839766731207,-1.68117444634936,-0.0634455586352864,2.13029870963492,0
0.802797030934887,1.94042011739275,-0.0830233060284954,0.160180063740086,0
0.861301259774578,-4.06107552915928,-0.0717341812162018,1.82153745671734,0
0.705916023542312,-1.04875119742058,-0.004372728984042,1.87344151911233,0
1.29610917984821,0.9193062743859,-0.243050045241633,1.4052114634318,0
0.724195171273212,-2.27306731450063,-0.0214673952638841,2.324701612693,0
0.707169422418815,-0.966828556009572,-0.034786521841837,1.78818403285113,0
1.52041441317307,0.0895112746474014,-0.289475085291226,1.4349365368331,0
0.513134812255302,-0.0656425800166038,0.143321307066007,1.5082854685151,0
0.810552608939246,-1.12711471914747,-0.0662251185515473,1.81427932903585,0
0.493932054573178,-0.46516076989241,0.107031027334491,1.72972294418858,0
1.17491443713144,-5.69356583547613,-0.178373827177939,3.31903123154729,0
1.09255649061212,-2.55482935452473,-0.147056773937055,2.18502721131769,0
0.913149280198263,-3.31748006851346,-0.106122655773568,2.58847850763644,0
0.830889035843148,-2.02268482636382,-0.0702948406103254,2.10368970434407,0
1.58786808249022,0.430522123065696,-0.280507064493475,1.48771692616483,0
0.636809817980682,-2.73044900906146,-0.00692809543831732,2.53104477943096,0
1.30434214043285,-1.95763288515599,-0.200300122671483,2.13716579825948,0
1.99217167558074,-1.57654966882461,-0.409404038372827,1.8882739909716,0
0.660598784382793,-0.365499963839988,0.0532599286335581,1.56993062088679,0
0.722118309546846,1.72811045426145,-0.0327128013913879,0.439666635921644,0
0.978963768412249,-1.63471079442094,-0.103939767335101,1.80081759344135,0
0.475881889372755,0.861574494871997,0.134371251880579,1.16844155254555,0
0.477842695152414,0.0500095274691577,0.122162641260688,1.46358391278065,0
0.623369131877797,-2.42796572134658,0.0447662838186162,2.51160502817349,0
1.60474328277747,0.49692232848966,-0.291586888808983,1.15902458798886,0
1.26429048514759,-1.91419460103392,-0.195895963479102,2.07452757948823,0
2.04970024368569,-0.198330798035097,-0.432300745962207,1.19408690971968,0
0.587209348513699,1.86139448821892,0.148084361864924,0.984053788664953,0
0.672808701633901,1.67776221765155,0.124266500542561,0.910554397719837,0
3.27815647024581,-8.44135189106482,-1.06424718635324,4.72064783567919,0
1.75775341968368,-1.13303699180393,-0.369583190392681,1.86542461829867,0
0.493151059312565,0.417264223594553,0.121359742978875,1.52065652456994,0
1.49331961286104,0.345750508454163,-0.218024662701433,1.49352657122088,0
0.625990627890149,1.49915547640556,-0.09049191658645,0.18163783580772,0
0.500608543019117,0.350662381386307,0.11117412426565,1.18520723143221,0
0.727920037169668,-2.48961232404694,-0.0140524329572768,2.2635488519418,0
0.542998294662914,0.57617257834274,0.11725667935582,1.63475825463884,0
1.7493312079887,-0.310436651053555,-0.365633626673379,1.39328064709121,0
1.82253568790075,0.215736767403456,-0.341170272881993,1.38294489204949,0
0.886358143955717,-2.38379788466573,-0.0708987458802774,2.52302416095424,0
1.45243692556051,-0.874854022235005,-0.244186220020879,1.70042673974385,0
0.701600043861631,-1.32117044547472,0.000560211487445945,2.07500641499827,0
0.462756726179109,0.671329482419291,0.110856841446149,1.29347247467024,0
0.699859107989025,-0.849821405058758,0.00253819382642025,1.71766096765547,0
0.631807851875842,-0.491419703972336,0.0664370181197338,1.90111866515574,0
1.80968801606075,0.712632769602447,-0.401759736194889,0.961857904038876,0
0.454961645793446,-0.0620878654447976,0.105885667910527,1.3942671030746,0
0.548704877747219,0.763918435938245,0.114446071066824,1.31237019002176,0
1.77291336628642,-0.106818512970014,-0.326672470460428,1.24127110863479,0
0.564826068200987,-1.13106546129951,0.0727742735384012,2.02751796984309,0
0.925956552796842,-2.02093403100827,-0.069696912290775,2.05992073747736,0
1.84257621777627,-0.928991102732766,-0.310672489755157,1.42031424907016,0
0.663966142378752,1.54910550325708,0.0959282500111141,0.776635673009351,0
0.583923355266086,-0.0880826034824355,0.0687388976058916,1.62100144229997,0
1.52237057354104,-0.891252441107851,-0.182116612815198,1.66066961821881,0
0.699949585110269,-2.24727636083374,0.0198703484606218,1.86940573887097,0
1.44449643674804,0.269204701297642,-0.293276538225103,1.1840842332799,0
0.865694736658045,-2.49749936717727,-0.0641741518642768,2.50738254614254,0
0.548584348908233,0.699674486152184,0.100144670551312,1.47924233727098,0
0.669429705419357,1.69429245606924,-0.0162103821016615,0.342158580640447,0
1.46896967222327,-0.417529782584435,-0.203646291599341,1.37847161427108,0
0.639729646930004,2.31565856501172,0.0272212992861186,0.363471334939567,0
1.32770965023949,-2.6007774795633,-0.243833548538731,2.33583342075617,0
2.18415677780804,-0.649045820833727,-0.445716573427928,1.32376248108732,0
0.609237228917219,-0.381252768174461,0.0208744869002173,1.74362370713934,0
1.68466551919565,0.947605344944034,-0.357942983149067,1.1380184698191,0
1.93340348821676,-0.362625081995838,-0.317666908221932,1.74923952329023,0
0.841280742256915,-3.1654933400076,-0.0722520836941778,2.74946053092677,0
1.43378593840259,-0.294099421612207,-0.309640739005333,1.78896089523733,0
1.86556899375689,-0.844782231984473,-0.332491534359048,1.73053057379325,0
0.845610795618055,-1.70578319351678,-0.0146786895450771,2.13063386508913,0
0.828379304047944,-1.50048204665952,-0.0372765617312917,2.28815202510872,0
0.723062838727711,-2.51721153550021,-0.0238959423066662,2.46302323166405,0
1.83406896388958,-0.581022642889467,-0.396316499976827,1.4441452354562,0
1.02550671896304,-3.05057193271393,-0.0741035668681531,2.44869215692726,0
1.64483008619744,1.00542553748558,-0.341019030437139,1.08479215120579,0
0.738453544253482,-1.6373127964939,0.0156144788891263,2.84697608935705,0
0.627354897725547,1.56914427571553,0.053225623611007,0.515549518180307,0
0.556982187669511,0.699131947405495,0.0840053081794867,0.811686932618155,0
0.654701810160685,1.53526825423328,0.122660546760737,0.824000077552086,0
1.61562409194634,1.19674388215104,-0.208178932078087,1.33557287119112,0
2.04096880377645,-2.25487628556215,-0.370608664113446,1.95076613309623,0
0.571501446177958,1.11246621376983,0.127181593520631,1.52867408972346,0
1.10424233345154,-1.83488401625253,-0.143133267078074,2.3742475764375,0
0.808526407218914,-1.62604381491965,-0.0517472105731713,1.76597908876456,0
0.722657639070273,1.75704069873001,-0.00256528911066377,0.386448205398403,0
0.625387760123694,1.22149447806254,0.0206155015799115,0.691025143540623,0
0.58538848651307,-0.586879947387666,0.0754865389707301,1.64998424124797,0
0.632684648498588,-1.38352491244361,0.0329584762234017,2.10068442287233,0
0.571780520318307,0.318389866072556,0.0794661778739845,1.1530241958984,0
0.523222871913635,-1.04327213708128,0.102164243146453,2.12782018700721,0
0.924451916003286,-1.66234192503784,-0.0698717145532989,1.9997502406929,0
0.73964673817129,1.97971015137418,-0.0368170849889848,0.343491252128561,0
1.7601341298942,0.975684504715237,-0.413218777740409,1.32742912047088,0
1.69336259999672,0.554888450522974,-0.318938790587332,1.09163495589629,0
0.936280854473465,-2.17212180443114,-0.121411038599185,2.30212716974644,0
0.722094658466072,-3.21661276792398,-0.00629193727586313,2.54515197892128,0
0.631470756840112,-0.326074085252467,0.0515594669883003,1.61343628578029,0
0.523650350443363,0.709135898247697,0.0902602646330798,1.87828636340949,0
2.01368028621204,0.0886853288950837,-0.495228825192685,1.44851062198777,0
1.77673705011844,-1.33946853190657,-0.304093113773012,1.71737171152779,0
0.385296617311022,-0.918142025159614,0.128765319157698,1.87392191127274,0
0.601985566701538,0.423828630572646,0.10828513970176,1.44086511582514,0
0.490882042289829,-0.587889425329955,0.0798872021859168,1.6760600394712,0
0.580460378862431,1.9147749680227,0.0245109781426129,0.399025363831824,0
0.852461570762737,-2.78051425281696,-0.0443970487557969,2.2109529597697,0
0.523799457524856,0.659331374127205,0.120133272405702,1.19664021049501,0
0.743225987495647,-1.40506073337568,-0.00515341448627137,2.0574133308692,0
0.504638468321856,-0.26792474687731,0.0748312065193391,1.64420745465549,0
1.48326352867432,-0.639596514505692,-0.294522124051993,1.73122677752252,0
2.26217604309594,-6.00650555957608,-0.364245129771049,2.51022589283015,0
1.51911311292615,1.29753134341549,-0.370140172443359,0.696667050349002,0
0.499123271985165,-0.453609146862113,0.099754275142789,1.65675980003566,0
1.80944255349581,-0.162780621470052,-0.357295060810013,1.22787916784088,0
0.510043973363048,0.0657306982567355,0.123767964896201,1.45125356301842,0
0.988642165238989,-2.54348618727978,-0.105560661085513,2.52543634554171,0
1.61294960989731,0.600521099100266,-0.413278033530836,1.44718310325377,0
0.564551104990107,-0.554535378910494,0.0768077702743829,1.67203623236059,0
0.661713183690882,1.74970284487946,0.034774355097953,0.304092965023293,0
0.783897853890288,-2.22049655905142,-0.0314301703997598,2.31873463214214,0
0.506083414134916,0.631785967566973,0.106161685725571,1.45547203253979,0
0.487502835963807,0.492554898657724,0.116453578800987,1.2325937573359,0
0.72059210769986,1.35850083447968,-0.0330838360027547,0.373741529222265,0
0.902386790638917,-2.09471299422943,-0.081694654212699,2.28618794721728,0
0.941074347531261,-2.01520811889474,-0.08712830644143,2.05556935244032,0
0.745046339449272,-3.35262287726146,-0.0442155071598311,2.62066426769803,0
2.27010417710738,0.422956409228561,-0.509700708807867,1.03277960912415,0
2.19423567923258,-3.8612504709689,-0.484988792648819,2.44344241119461,0
0.694530756053035,-1.54478321892378,-0.0492481982312787,1.88761851833594,0
0.486051247871527,-0.213075233493551,0.11446969757278,1.97537228193183,0
0.571158368926176,-0.909924623398678,0.0628890080385198,1.89692059500105,0
1.49964032804066,0.611828682435446,-0.349328653079176,1.03525162518083,0
0.765630814433499,-1.02899802876967,0.000432235634596719,1.81813568186223,0
0.474069213764556,0.671558422806635,0.129615668054128,1.39801506724873,0
0.677623765991486,-1.30968495743714,0.0270597262890087,2.06243827718576,0
0.729065964025057,1.83473779642879,0.102301608587952,0.681434515646051,0
1.52159635618136,-0.779043165766105,-0.228656781924246,1.36996086843271,0
1.05231534157929,-2.92468222385319,-0.169111200020163,2.35371616114846,0
0.531498661340457,-0.0250427877778694,0.0855843035965133,1.38613364418606,0
0.728719343847596,-1.0768314514097,-0.0191098445936485,1.83921820681609,0
1.52062985759906,0.250565095175308,-0.296036587769581,1.46714514741947,0
0.478658564519934,-0.0608639507031627,0.113812029881817,1.46362718042327,0
0.60971644618945,-1.57212178026095,0.0584507497381644,2.04477982763083,0
0.656843796289481,1.90839458121818,-0.0198647527778177,0.396808938641955,0
0.644226717871278,-0.769198710198331,0.041134515698008,1.84990592123583,0
0.861193630555044,-2.98193437277817,-0.0197398101198451,2.40764245109506,0
1.79347265864896,-3.26455397988886,-0.412032827853403,2.59288927433313,0
0.469235853784147,-0.855665231710326,0.0823307810225311,1.96203779249606,0
0.595441682952566,1.08291827879729,0.124329475983372,1.12747537432598,0
0.628088968841543,-1.33941114839426,0.0269235765385959,2.14367276692412,0
0.293760732235527,0.135045281250382,0.171184675203029,1.19408326964605,0
0.759284209097124,-1.37360451409805,-0.0334768650828912,2.06978222472579,0
0.502636081897968,0.53231329768235,0.133240398906811,1.3172498423604,0
0.633060635208483,1.55722099880925,0.00348592883779517,0.434407551055553,0
1.64246544347508,-1.31538179644099,-0.279611696979525,1.77766372194688,0
1.60986629912398,0.0735681534941356,-0.260972697920592,1.25617154956956,0
1.08158481561338,-2.57328346679744,-0.168082766578747,2.33102917558122,0
1.00136935671549,-3.97374156219247,-0.165993086605161,2.59642781723204,0
2.02287247691566,0.469444798981995,-0.486462445579009,1.22209369141674,0
0.770122750603015,2.05876069943976,-0.0453453701622745,0.30153018703245,0
0.736533622441805,-0.759695861922571,-0.0142477455669491,1.70307889140702,0
0.43141897241501,-0.261499871746904,0.100401216227231,1.31588679584087,0
0.500189900794693,0.407369696253247,0.145400336318203,1.63465915461655,0
0.546973591773938,-0.375723103084616,0.0777440891967113,1.65338821926857,0
0.531232156336687,0.185824254975181,0.0982906450714864,1.4308347384359,0
0.63311586621613,-1.21540892625045,0.00247836731671634,1.9682286004806,0
1.79741647407064,1.23900556512542,-0.435688722610248,1.09885000041781,0
0.803837335701505,2.03127450749885,-0.0781493490465079,0.28008696612799,0
0.591571310840447,0.99188547405474,0.0999685119042172,1.07946521729681,0
0.595058309623042,-0.304560941685032,0.0253205405529622,1.63804552466951,0
0.814292843502537,-2.87089164768112,-0.0698538896148862,2.50906574678082,0
0.579769623012031,-2.03071643317908,0.0478148541142007,2.20116776827803,0
1.42638904508297,0.245220791634863,-0.321374688280063,-0.288952500550822,0
0.777622070980548,-2.44650267618892,-0.0688232241547812,2.39115487897696,0
1.45424433809481,-4.31817199232342,-0.271696782590983,2.68073202293086,0
1.49774957314848,-0.664674565762302,-0.249621505298312,1.48450496483713,0
0.703697264101882,1.61511106188301,-0.00737187433590121,0.524179616309519,0
0.655623756137558,1.92567244227431,0.0233075239582287,0.329228204381359,0
1.77168303873012,-1.12156264872794,-0.287480836211683,1.31287431817678,0
0.473387836349858,0.625061480005944,0.133060422423976,1.43549324595794,0
1.83925135665582,-0.664192891321583,-0.456538116547312,1.64592969581627,0
1.38751663259321,0.832239314822884,-0.273725700033991,1.20616266314667,0
0.568852839585195,0.189983822059138,0.101779808590653,1.32861337320976,0
0.736345350999686,-1.33549722302833,-0.0076343443946431,1.99231267280279,0
0.798153102937091,2.20708646588126,0.000589877742033088,0.341923150384973,0
1.03514860006547,-2.42231076916017,-0.161641882635988,2.15065453697189,0
0.525016975794322,0.728387460486736,0.0882679828407302,1.08505034228772,0
1.93151248212627,-0.563544712938769,-0.335019182967565,1.42997838734921,0
0.710382187267287,-1.34104713763633,0.019128781884513,1.97713940341051,0
1.238248299264,-2.64261241369775,-0.228751977018785,2.61580531284196,0
1.08438247075294,-2.50671588954288,-0.108820363122588,2.46737103908357,0
0.754669146099847,-2.07886255713934,0.00180108898762136,1.95236813454224,0
0.735523111649052,-1.24419981858553,-0.0326788733975332,1.9715306761849,0
0.842281621908629,-3.31861250936223,-0.0437284314391298,2.41749475054688,0
0.617414135089917,-1.37978137076547,0.0435608555798374,1.97949507290639,0
0.610704261794254,-0.786648332323,0.0301021612845431,1.69000346575493,0
0.547427126405125,0.619916637632928,0.072691845648053,1.53734550022546,0
0.654824570574111,-1.37706196053793,0.0128820330521116,2.03842084287459,0
0.504171486695655,-0.0343570367263279,0.165184175876856,1.96330779608348,0
0.754900707922328,-0.346992290074615,-0.0296101539335984,1.61650572166736,0
0.712761612363391,-1.53769824957483,-0.0184612433899586,1.91684920621505,0
1.4985924868392,0.636971304625732,-0.255007443971645,1.30096336987389,0
0.779553291592916,-1.49509340148709,-0.0173913919918996,2.0049866537512,0
1.94201837764185,-1.53195113866391,-0.34945770033932,1.62470885830344,0
0.720716158616689,-1.63449892228944,0.0048632448743957,1.91288862265558,0
1.12709714323441,-4.00524271270004,-0.228637629227979,2.85051839312496,0
1.5951280106603,1.08803122611613,-0.285457688107057,0.888506428655271,0
0.798238639616473,-1.78840117723543,-0.0437898733311387,2.00019366653294,0
0.662026291893163,-1.90323591919902,0.00168549798971943,2.18546952466176,0
0.402498042777903,-0.486286811604789,0.156753081039869,1.85680150644792,0
0.78100366425337,-0.874326672285326,-0.0132984193242201,1.75871550867206,0
0.672261396541175,1.43098524943926,0.0228954121647213,0.533774175674278,0
0.652642918226672,-1.00889651330844,0.00760217933603846,1.98705638367236,0
0.78344025438463,-1.60540276555752,-0.015910899928045,1.93672388534529,0
0.682789139146577,0.786412501166105,0.0906210866680462,1.41399932803044,0
0.527394715243766,-0.304018686264013,0.082226335246083,1.9744274284261,0
2.02833955188682,-0.0927125668707334,-0.411474967101085,1.48446950617613,0
0.563092819107645,-1.16870668197094,0.0569709819583084,1.95675272349354,0
1.39898042084229,-1.54809932718182,-0.223837891724496,1.80023716834854,0
0.757149433957302,2.39036786816587,-0.0209909607630386,0.161440863021556,0
0.832006689718713,-3.11263976816558,-0.0689460206389237,2.51389249789211,0
1.46681974740696,-0.553190090116568,-0.219689939749897,1.24147155592759,0
0.664822172137226,1.69959320224482,-0.0390312838960995,0.394157952731287,0
0.65933537852291,-0.371778506380122,0.0608471749203255,1.61918581240317,0
0.554025917625741,-2.3070432765277,0.107299866775186,2.45332526950611,0
0.725207853715926,-1.8495220794214,-0.0101083175866945,2.03104073678973,0
2.05711029402996,-0.133560276836509,-0.352977650280259,1.33065625452704,0
0.518036492258389,-0.113095158824015,0.122890557518237,1.64284691840754,0
1.71206094713598,-1.63061561865065,1219641.3390659,-6442783.33461196,0
1.51949195178193,0.377201409452986,-0.233139118121858,1.61962700341115,0
0.504426643803525,-0.127467795775076,0.106546096334038,1.65589207756193,0
0.618175476904427,1.64137831154659,0.0223254000840994,0.527466870864059,0
1.85346244920019,0.370419136523773,-0.326217437004461,1.22165403830224,0
1.43738015284175,0.0606449670329135,-0.258516493107323,1.54146913724555,0
0.878441588988181,-3.84826844047545,-0.0861147155403468,3.05206739984145,0
0.585830189900533,-0.188797058131916,0.0763022491114184,1.79791514417753,0
0.666182852439921,-1.30346518863025,0.0539160080602921,2.42928892856775,0
0.830439583928348,-1.42871937305937,-0.0578551081875908,1.79854036887235,0
0.798314066122994,-3.06492950193232,-0.0590532087811387,2.32127596459479,0
0.9884829883047,-4.28211663346766,-0.133882410684999,2.59597566461595,0
0.884403984676199,1.86060804957414,-0.0686351411942816,0.272146524109092,0
1.41776167081588,-1.93758898322727,-0.241550928110081,1.99531230351058,0
0.415303083512768,0.265305739230872,0.171099038631172,1.37442036524996,0
0.659655606776857,-2.02988706155688,-0.0059446772206083,2.13673839441545,0
0.56912913205011,0.925901403228806,0.110033045398374,1.08200415843652,0
0.632735226018734,-1.30985762170676,0.0224734921743109,2.22019679196565,0
0.524021289196388,1.02808532635575,0.108000495225871,1.02432813626166,0
1.5238323165823,-0.192467725288854,-0.326598660426323,1.62258187559881,0
1.81368734764836,-0.555915371075272,-0.327804468924235,1.55094798909944,0
0.738532752576601,1.94045403116147,-0.0545790934200554,0.37703313065468,0
0.600968763908864,-2.03029900222378,0.0670260726874717,2.52523224989827,0
0.710301248231453,-0.964180336793845,-0.031671878700376,1.72237978144211,0
0.938075824797611,-2.47205200483088,-0.108109683831338,2.55231671103322,0
1.62683867677143,1.01288756889309,-0.255955428175689,0.883453200613162,0
1.81168898476927,-0.409317700003982,-0.415119016398819,1.63465846646915,0
0.760390114527251,-1.38453245490072,-0.0345965772919939,1.6954866716465,0
1.55088876640264,0.708366802082863,-0.259637295908331,1.30597667742379,0
0.821175503273614,-3.1720224627413,-0.0243434590288166,2.47385967599121,0
1.4687900176643,1.22121708010898,-0.241240704990947,1.19081285991633,0
0.517827906634127,-0.13255709945743,0.0896053098586278,1.47395670775863,0
0.779117016565411,-1.10948332376238,-0.0381608945726215,2.1545409339435,0
1.79709714561168,0.350713488447959,-0.469772058478528,1.46684123284243,0
0.584783527524605,0.25506144885339,0.0753406315066679,1.58836320396922,0
0.499231229454602,0.602396316287108,0.142742008884018,1.18213523327454,0
1.38459496193629,-1.86390086234146,-0.222957435298933,1.67645016997537,0
0.615242193870235,2.22736380583157,0.0597669997104166,0.321572801158217,0
0.697036450996325,-1.65727249253165,0.0293390778599988,2.29194843006603,0
0.66353090827983,-1.37710060899402,0.034328317011102,2.21378129802295,0
2.11928514683955,-0.862561527613405,-0.504364575143484,1.73586667326455,0
0.761864141714864,-1.79373552293713,-0.061325441540524,1.94106804511081,0
0.713328739495345,-2.05255604844305,-0.0287266230109226,2.01657610900868,0
1.6704165572167,-0.256142106174863,-0.30639700598972,1.45278278974569,0
1.00575819395362,-4.13718756331132,-0.0748898918304086,2.99800188742576,0
1.45145072835536,0.737588086409799,-0.221640955112618,1.38161881061035,0
0.510363439277234,-0.436474195612299,0.0787109722734521,1.47103322697987,0
0.734579475674033,-2.11652190886952,-0.0177064752289361,2.07490946727155,0
1.49977215116455,-0.362754411085466,-0.247477529133804,1.53320442389745,0
0.84081383646162,2.06200601293808,-0.0475410966620667,0.287112491852582,0
1.54399080720118,-0.495888113456293,-0.232738962036641,1.65380316897449,0
0.692696026668827,-1.19775817840252,-0.00745529897130684,2.03319326246129,0
0.78105843800569,-1.19728016111806,-0.0263204311047847,1.96426785148201,0
0.617454678318266,0.963078116390039,0.100796880920214,1.07039779504505,0
1.36614614818336,-2.81244298098866,-0.199500060553229,2.26400164265816,0
1.5017190101344,0.193988392950066,-0.304778199135468,1.58806516555919,0
1.00725823630275,-2.15754508223575,-0.101987671997255,2.0374297549569,0
0.77759664670455,-1.32379745635559,-0.0382983341774181,2.06070942548159,0
2.00582514814208,-0.558013026776726,-0.406469953225739,1.43653067229038,0
0.589387403133429,1.14490852085032,0.0908226545132873,0.969843558994581,0
1.12413457006746,-2.55800512822965,-0.152285960501116,2.16829212204892,0
1.5714525953246,-0.274457955320117,-0.352596595735083,1.39369330086061,0
0.649091057942292,1.41466301670989,-0.0186030376433097,0.410090944546243,0
2.3345271254624,-2.23093317666477,-0.437750779276012,1.38043521950566,0
0.640432239717538,-0.208331541366449,0.0709090513480037,2.03799727684319,0
0.48199378648256,-1.00243177820566,0.12077599784702,1.77420431933155,0
0.932068560966291,-4.38995000686833,-0.137012542113116,2.68859587822262,0
0.634484525147069,-1.2029672013356,-0.00184751690187472,1.86942414538926,0
1.50299716014978,0.872862353852155,-0.327137823488682,1.27198825887637,0
0.660213864260086,-1.61549500803525,0.0608842870647305,2.06419545133375,0
0.474213247606229,0.478022183089733,0.110959028660709,1.39172430191605,0
0.644868914541018,-1.11111763548968,0.0653803566348415,1.9518999872273,0
2.03257173262709,-0.564965382695889,-0.456874196527107,1.48008006917541,0
1.65487030398311,0.00375401931631795,-0.312168802735995,1.64859490060766,0
0.578375416805343,0.627306745505919,0.129377914976724,1.47545101060046,0
1.50441997128228,0.433780020142665,-0.24092570943677,1.41756470459771,0
0.551171479565752,0.503293541105997,0.127988069337969,1.25133751863822,0
0.581982258050652,0.123858961412174,0.106857719322961,1.52893481118145,0
0.57425737796918,1.96682607776879,0.00352154149444882,0.436329750993862,0
0.523118574208501,-0.505217327456855,0.0608437932331832,1.65336107931865,0
1.81748047472093,-0.618706654654034,-0.282732858374769,2.14241161579521,0
1.08410862627232,-1.59471850849921,-0.179236269481526,2.31856637704512,0
1.6372924979237,0.602610028833273,-0.294523833172784,1.24211163399256,0
0.555485545624618,1.28531576939671,0.121423367380453,1.08141968792512,0
1.05382737162579,-2.57644254278433,-0.162547770821809,2.62152918616746,0
0.651065292877931,1.58450269587169,-0.0162359845094557,0.40184213614976,0
0.705589692491804,-1.44103877043682,-0.0149806671236464,1.99042320984827,0
0.765273171889337,-1.80296807654696,-0.0168515098529507,2.09565776598552,0
0.646470267960125,-1.09280098189038,0.0235590068366623,2.04586568212592,0
0.567049319693439,0.0436925526175629,0.0797186395123303,1.47738583713096,0
0.724254643829339,-1.77549244574529,-0.0322088280842689,2.11771983476506,0
1.54515960049045,-1.7215035076933,-0.285485846795155,1.86016208805121,0
0.584791625589769,1.42623584962258,-0.0115849808103036,0.485265575501662,0
0.671012689560339,-1.26311246507479,-0.00230062566862942,2.09304325534063,0
1.59190407366878,0.425255411538935,-0.297629601415169,1.42286833491858,0
0.524600925803301,-0.262759065177861,0.0801533561221697,1.60702628120343,0
0.56451978741433,-1.14779072247796,0.0484821688193928,1.99445154494967,0
0.512744690086256,0.397998925140155,0.147120525458499,1.2493298963643,0
1.23722774039246,-0.328950141247277,-0.195984446740523,1.66103138388903,0
0.92450673095951,-2.46291185183272,-0.110245757003423,2.63758217212237,0
0.620944538813294,0.442284266793562,0.0808051605604682,1.32842314299685,0
0.704898044382735,1.58186303300755,-0.00254723819296287,0.548008662715477,0
0.748787511142364,-1.4055950587761,-0.00471330676952867,1.83098143852038,0
0.870010288109175,-3.15469803815991,-0.0544448700706315,2.40216460044878,0
0.493307108144456,0.684675161531153,0.145806838291968,1.41204652868529,0
0.44933822412457,-3.00408662498841,0.0652007244583429,2.70369234742137,0
0.549233356951953,0.241403124530806,0.125563201740981,1.89275448907439,0
0.712059589052489,1.99351823962186,-0.0332757914259961,0.36523803181814,0
0.524196631928955,-0.265635290825092,0.109818570608201,1.71743997856828,0
0.544861837667425,0.749417629367689,0.112939477704556,1.33245135899595,0
1.82627431659944,1.14932654599475,-0.442106373900653,1.06706260709495,0
0.623366093954747,-1.54759622528636,0.0327817158334353,2.11482375949188,0
0.679728519045641,-2.65282688831379,-0.0371607068979995,2.05719502028,0
0.674757667719428,-2.0063519073788,0.00467514951961738,2.12847967557372,0
0.811349504895841,-1.68837590942234,-0.0559539797364165,2.01020304705372,0
0.749976108765718,2.1829034929823,-0.0189613540978551,0.352608728653916,0
0.564217211797869,-0.232660681275783,0.0598345905589847,1.59848341938611,0
0.83745376197674,-1.89138810402081,-0.0926138800504132,2.14165309224058,0
0.631811081065605,-1.00896939280637,0.0381821694185867,1.92573299770235,0
2.26533149188761,-2.37659154423349,559515.594544107,-2010687.15426951,0
0.60246335420387,-1.82976988741033,0.0592782402186547,2.17861197923637,0
1.6009608069957,0.543576387138683,-0.276908002846077,1.27982088652424,0
1.82488711785164,-0.208155007533438,-0.524682722756128,1.7544269405067,0
1.85731472966515,-1.61873508317619,-0.439234384259558,2.21404955973148,0
1.9194065982334,0.477423797561875,-0.431983358461547,1.2338418522474,0
0.574632093062568,-1.2348280428725,0.0609156800578479,2.26807884379386,0
0.665304660669327,-1.57395314468076,0.0243125554350365,2.16979718233538,0
0.385922255346829,-1.53037446547078,0.0961141492101775,2.13629867548772,0
1.0861542161528,-3.93859764279002,-0.15185684312971,2.86049213361611,0
0.575440007807935,0.618068997299112,0.112498462891068,1.48245161014526,0
0.881805705189958,2.14370647106186,-0.0804921936994887,0.353825574461993,0
0.503017960129252,0.440721359842784,0.153924063244348,1.27487702925614,0
0.510695681733304,0.130777516321882,0.0981997541842119,1.67809118144178,0
1.72588335342248,0.0836063194313112,-0.249480500598071,0.999472388600673,0
1.37298782877799,-8.96057635539021,-0.231835343070549,2.1424850351044,0
0.851593934478896,-1.33512247274754,-0.100134569922535,2.03898054810868,0
1.60908047376852,-3.55986413727024,-0.340352968118902,2.07068636954704,0
0.460415602964633,-0.237259379205594,0.106782049267241,1.52840928666285,0
0.685465113959008,-2.90944685354497,-0.00663168666591287,2.48861134022483,0
0.647561842748984,1.16248976523194,0.0922886498208182,1.37950328421699,0
1.61822621439934,-3.92889054953141,-0.336181539243777,2.40879498755372,0
1.4875066396597,-0.513443165285844,-0.319271976435959,1.53291125723451,0
0.726986541345274,-1.44812583492385,0.0254695956297403,2.10952505678945,0
0.636372774664425,-1.41109767246008,0.0409550786315672,2.01182861951042,0
1.82291732820057,0.743498354591539,-0.391313419296653,1.54054854491535,0
0.677908408119341,-1.75812567253346,0.00266492959540002,2.17605969034525,0
1.44133861736427,1.20706371923893,-0.247708589714437,1.31818845430302,0
0.704856915527112,-1.43190059191337,-0.00290564041071522,2.17796462544615,0
1.62773980823224,0.757591523166543,-0.37131115921378,1.54334719074614,0
1.92264770593291,0.0992972502625486,-0.521737569763497,1.30929291069853,0
1.55585832628212,-1.85393478393481,-0.30155182550474,2.00469508804178,0
0.620060630797608,-0.480772805895721,0.0166182551880621,1.87041107395014,0
0.587521161537609,-0.68199069068456,0.0171098924593087,1.53097653096766,0
1.86800116848384,-4.67992990751308,-0.470561106705039,3.27489049720326,0
0.628672225867542,-1.24614152975642,0.0132446659830642,2.27874035850271,0
0.702756114944351,-2.93129969373612,-0.00686930028423511,2.13031512861189,0
0.623030423865109,-1.77266498044081,0.0467988673962522,2.60146141453938,0
0.5924482528113,-0.719789120340974,0.0509210825100657,1.67045018206767,0
0.606934956178415,0.946014002845025,0.0970515329807805,1.10498983495207,0
0.798650700055564,-1.01235891165958,-0.0464392192431937,1.83927277370707,0
0.607451821761107,-1.38074278179209,0.0325218673385915,1.98969198793548,0
0.666574554514006,-1.01304938979708,0.00645323195846486,1.95340144628764,0
0.667380411160176,-3.51860729979647,0.0470234153811054,2.93822519913677,0
0.637960008247339,-0.691449263113252,-0.0323069975812457,1.83064599605152,0
0.537430490512596,0.207132994756463,0.0743645966531865,1.65590032575084,0
2.04049882572102,-1.929309299728,-0.401550399534556,1.86316123752431,0
0.819602560198705,-1.39718805468001,-0.0766118688571519,2.05709655282458,0
0.860400951071472,-2.07694530662966,-0.0692856391403939,2.31986506462038,0
1.71334811341844,0.594572578165037,-0.413155062678363,1.31683274436272,0
0.450780450182551,0.360414691108036,0.155231059112447,1.47089660694403,0
0.679576621258443,-1.14850294216885,0.0264813165989337,1.98855243844466,0
1.63464438993696,0.793399209045615,-0.358005517306484,1.25249995699619,0
1.64221955170105,1.28626087740062,-0.31504842613724,0.589950306501792,0
0.607708257901792,-1.52158679025103,0.0578024139433106,2.08948470292119,0
2.16855631560912,-1.42248665685318,-0.500113682708236,1.62127267409405,0
1.68912111460966,1.28913609934239,-0.448649539439962,1.10948420304129,0
1.84351093325384,0.908663890994827,-0.320829639680502,1.09505408371807,0
0.719067216752467,-1.6178472302219,0.00664320749146148,1.73851293529083,0
1.8977839242965,-2.10046749590181,-0.40251153944374,1.81012789816264,0
0.596170006367617,-1.03386912708965,0.068190047697135,2.08776671651057,0
1.04201234704186,-1.3617521228637,-0.164200916368535,1.76676844758324,0
0.602251110350948,-0.724626333012387,0.0317666849687454,1.69881312045249,0
0.55731071318094,0.905242506521663,0.100799766439422,1.08876254473158,0
2.08752582828571,-0.601097115943642,-0.376143858545838,1.30191732793106,0
0.630900890622137,-1.37792270959145,0.0291292570838301,1.96968236958047,0
0.971265610455523,-1.9620782782577,-0.0949853530131337,1.92062413437996,0
0.424488571435096,0.31692146748016,0.14950924029999,1.75281776540704,0
0.440561945098554,-0.863824089867877,0.133775305843338,2.01074399819783,0
0.763616891537786,1.6580678064239,-0.00344351404721005,0.521419890943846,0
0.681880199788479,-2.43375940591507,0.0282631642489963,2.33237443036172,0
0.360251517809806,-0.603391541591759,0.177289166012729,1.74235367058916,0
1.95838147325518,-3.90612807298275,-0.692216513404693,3.97248622788145,0
0.538800403164923,-1.39478661294948,0.0832375064647477,2.02404555266945,0
1.40867029531547,1.49998457243235,-0.209839967669611,0.560755478185457,0
0.920309552893759,1.98832659988316,-0.100957488713514,0.342195607399143,0
0.792685850462134,-1.92571470190181,-0.0435840002307114,1.88930540188986,0
0.615460661105915,-2.54864735503701,0.0888712675160832,2.74127898792639,0
0.475317373502907,-0.717024985963296,0.0063273481737339,2.11525385548176,0
1.7547713838127,-1.57589604168668,-0.424468918690511,2.04183404594764,0
0.602945499330614,-0.0625110683980236,0.080529276245431,1.57072240696933,0
0.437966167028614,-1.11242280295456,0.079424452666981,1.65344623748526,0
1.35793832878334,-1.60766825361989,-0.231379286621882,1.62181971717782,0
0.557795763659065,1.36343870999388,0.117908672092921,1.16796230052354,0
0.938157210106858,-1.46118012139733,-0.126902058331866,1.99881592931379,0
0.61379676489421,-1.04153767229272,0.0339052346900561,1.86178057502217,0
1.87492072104122,-1.57010088421071,-0.46058802549721,1.80069856982268,0
0.845493153193521,-1.46292234261605,-0.0688025992511356,1.97034340000234,0
0.508869112739459,-1.17157606819456,0.0803959709841279,2.05267824111344,0
1.17953958575157,-4.2356507491569,-0.190159358059423,2.88908770884738,0
1.69431113156634,-0.43727120175856,-0.357495714231302,1.74384770345723,0
1.75620368200516,0.776786206976426,-0.41679003242979,1.2286891892402,0
0.854399320254266,-2.31264748613766,-0.040382832363587,2.48844156348225,0
0.40156327459228,-0.942223968782123,0.0965719838894206,1.8341998111894,0
0.50453357170951,0.563433686956072,0.115316518318471,1.34355892177077,0
0.698620065235385,-1.55630851262801,-0.00564453755372307,2.22063416043782,0
0.564667658641603,-2.0144907484227,0.0738080031542185,2.40745752346142,0
0.456935858344456,0.441740754667907,0.126165357881504,1.45279533861271,0
0.588343536301013,-1.201954434095,0.0510716217233207,1.78818007848393,0
0.797437531177162,-1.42237398220514,-0.0785416727247858,1.95134749289926,0
1.43997154023283,-0.475728991185272,-0.259073320980866,1.60537883767231,0
0.748379100034665,-1.74653370754277,-0.0416831585426235,2.16579554260124,0
0.876299709335262,-2.36871584725181,-0.0918601395622622,2.48989626686174,0
0.832741239997327,2.17910921917805,-0.106108707398421,0.136489551615836,0
1.46440596207306,-2.12039597514747,-0.341646024488418,2.1087814062384,0
1.67428125861613,-0.710825426836788,-0.315517038996025,1.66918024098092,0
0.65734525366873,-0.882441922829683,-0.00322576172305228,1.70630437580317,0
0.850600787744336,-1.55316829050927,-0.0477977834174261,2.2355267870377,0
0.728601777766887,-1.83135739410221,-0.026543164641916,1.99523168865788,0
1.5976669350607,0.901567649540361,-0.303421057541217,1.14910922979809,0
