1.03524789185782,-2.13601116068979,-0.142094916730004,2.30932135983881,0
0.717620851455003,-1.26786856064123,0.00194995431602384,1.97506506568282,0
0.703813322716043,-1.65650435355625,-0.00621208161017009,2.06314727980716,0
0.714614006767606,-0.824581113584228,0.000400475738363501,1.77454678771052,0
0.516462344639175,0.151557315676863,0.111574240369515,1.49416404912804,0
0.593130570826941,-1.5223702832323,0.0462793196753971,2.07037707338529,0
1.38795406409613,-2.52904197776178,-0.256018935453413,2.3302800573521,0
0.729114368443857,-1.52761115218269,-0.0264189654172828,2.1163550159865,0
0.579928577171043,1.9257646914673,-0.0505301009338074,0.260294661238247,0
0.526353455368282,0.394720137514071,0.0816075612249979,1.44311531617952,0
0.625789287641974,-0.550356335379766,0.0455771016493412,1.77969058719301,0
0.506260954613991,-0.416816819335026,0.0949996002605266,1.71920516606088,0
0.670929220858395,-0.726298272840465,0.0251556385246534,1.80213589692013,0
1.30112228465748,2.94035034663305,-0.0109529539610442,0.240450572825156,0
0.612315352757285,-1.1139623824652,0.0505603344807394,1.95267415502166,0
0.60754099743946,-0.846268316444449,0.0442806189308838,1.88060795438091,0
0.48296240832202,-0.960558420378272,0.0849643230361058,1.91708693114952,0
0.599496807214235,-1.14423677372582,0.0304096700437911,1.8610600740886,0
0.72753925391729,-1.443250796671,-0.0010219353410796,2.09060889900383,0
0.559679470952973,-0.63563353848242,0.0644417628471134,1.65551664221345,0
0.629895047069779,-0.051735641588295,0.0364368088425459,1.61177214065869,0
0.966092184693388,-0.954335567155951,-0.0910495241209487,1.76702333980834,0
0.9260556043309,-1.27443085424473,-0.108493430429725,1.85857759041526,0
0.585912097334009,0.351605721894483,0.0732343845134765,1.63931635131287,0
0.566388359312416,-0.634694606985272,0.0558853192911305,1.71899418338929,0
0.764891218574699,-2.30594335894985,-0.0371470660715613,2.49855447785274,0
1.31531844885075,2.5693208875868,-0.0161254061706744,0.26584859734476,0
0.562118244944537,0.515184942664741,0.11502265462692,1.35704526007492,0
-4315193.68864902,-431777.895866461,-0.0895731771090222,0.178548985517736,0
1.01698634454165,-1.5679513277416,-0.121483571446038,2.00793740351588,0
0.714674870707791,-0.851078895841034,-0.0172724905527305,1.76108955850554,0
0.934087215019689,-2.23167221978074,-0.116113945106979,2.34968704919492,0
1.65182339162051,-1.47934650803434,-0.308035176958975,1.39779133858014,0
0.544907293997625,-0.290357467326079,0.0909563623630774,1.76792964908675,0
0.550132003800713,-0.841828976773879,0.066641981036235,1.84178072580464,0
0.964915993016851,-1.66850282514567,-0.109885609958055,2.01693373545303,0
0.807796623690824,-1.29903681415536,-0.0508259700679242,1.89004453410254,0
0.583455109427062,-0.445458129341617,0.0530495814942575,1.75195190484268,0
0.843518634806523,-1.55878506237441,-0.0533203932710389,1.93316452191064,0
0.749997550441445,-0.836653651865354,0.0012852764714361,1.63462585327037,0
0.830729254165328,-2.07523484964067,-0.058757432928864,2.22750202794908,0
0.565267980177883,0.402413062062312,0.108121327253887,1.42157277608803,0
0.587600733949737,-0.615447148970842,0.0759634248201509,1.70783176841044,0
0.546076640707825,0.0617271548035953,0.0863499645162172,1.44979247270675,0
1.60260618351756,-2.23420045666426,-0.365470246976387,1.76239097504262,0
1.19066640559459,2.62416524334758,0.0567487710428564,0.376156754226119,0
0.483141551544475,1.81967077454901,-0.103694703782614,0.114446132921135,0
0.564786732626196,-0.254488566469561,0.0685829525636118,1.65069536222102,0
0.570650555584764,-0.728084486298764,0.0620478285189238,1.75368695238408,0
0.57622229072366,-0.264443433008505,0.0877573618203926,1.65827147946234,0
1.06001478603958,-1.53940800065596,-0.108115292890865,1.93027910543427,0
0.681211113780572,-0.920980084194029,0.00925510718950107,1.92760215452622,0
1.1102687820298,2.11934171485566,-0.0552105562272412,0.379620271848109,0
1.22125416188234,-2.42724862727933,-0.234709335551097,2.09320081822349,0
0.666425022749426,1.72071067291608,0.0758469303370953,0.795342661763424,0
0.762784683355854,-0.843049516225854,-0.0300544823100778,1.74753874418012,0
1.34149610619486,2.30572508106188,-0.11026350282914,0.305320208390215,0
0.602185114341305,0.209883311453949,0.0814798851575601,1.51099610079524,0
0.507083800974601,-1.57023671201877,0.0712198695893498,2.12684035437425,0
1.19836416372612,1.89692673603322,-0.141319534313508,0.385996492170423,0
1.06824253209193,-2.49082038345227,-0.182535848093276,2.35013920436403,0
0.970893905168699,-1.80591718586069,-0.105255091384596,1.9923467031466,0
0.607038153272125,-0.946394818564588,0.0486124447708457,1.89063411077973,0
1.09114572661088,-1.45088348138497,-0.120963022492439,1.99505273648182,0
0.515364417578331,-0.614635867471661,0.0625647997622092,1.81307392502803,0
0.927171875930267,-1.93951636074437,-0.119404395832991,1.96353526466861,0
1.16874634452228,-2.02461486806559,-0.164707840190787,1.95240444483723,0
0.734930468370657,-1.28257041633489,-0.0385669775765124,1.95854417172381,0
1.62082950830843,0.107270103605401,-0.319845641927048,1.08584413051953,0
0.747023721022428,-1.30764821766023,-0.0251457965754496,1.78942782372907,0
0.817636234597252,-2.12329663735586,-0.0653410010978787,2.23523461588058,0
0.608035689915586,0.0703690188682215,0.0627491072359693,1.49064948330166,0
0.630572686166859,-0.745053961400913,0.0411839577093405,1.77510762932079,0
0.583736095059175,-0.490306276969009,0.0979006858000681,1.73296008436826,0
0.819000014289155,2.33813443601548,-0.280069920782995,-0.0686210898343921,0
0.691855552778848,1.72139418022597,-0.0394452283351368,0.312007046967207,0
0.604231305136914,-0.485002133327759,0.0556914848517016,1.75773643688289,0
0.672510806195436,-0.668911931047182,0.0019626614305112,1.75018680162598,0
0.572224402256983,-0.965700863939995,0.0753340739331123,1.96353660513273,0
1.20835133888184,2.44718744429277,-0.0962954187885275,0.359983228959002,0
0.654477409745035,-0.943237369776112,0.0421188981058038,1.79672795518557,0
0.686785151391694,-0.982890645248916,-0.013968375272589,1.82784347062049,0
0.556509305816985,0.258808957716185,0.0704865150625686,1.49339163127395,0
0.867946545091414,-1.68102700036747,-0.0689700557145239,2.0470168959631,0
0.700782769300222,-1.69958903837703,-0.0163271222533357,2.10585325830174,0
1.26252287558582,1.98792199586566,-0.161887007487967,0.76312664816189,0
0.600638739179547,0.359133351337065,0.0813225395916582,1.4816615538859,0
0.687991391279111,-0.195372576497666,0.0456859471013814,1.6309725844569,0
0.377922299871982,0.147861701803177,0.0183275790012571,0.325352279549266,0
0.906462974669747,-1.77904405826876,-0.104914540269556,2.00119494750616,0
0.673331657576919,-1.13163665792116,0.0257629104941556,2.00834670000625,0
0.634919316308392,-0.143456784946389,0.0673252982395297,1.6680307154191,0
0.661345541616735,1.82992702022733,0.11405972694769,0.870247981696555,0
1.4556062106269,3.0267765692192,-0.00706181718312321,0.374994363507722,0
1.06239423921015,-1.85594493051168,-0.169490484557479,2.13013291317789,0
0.553785493733209,-0.298276035602817,0.110581260931266,1.6439270506729,0
0.501097175570179,-0.863447810633992,0.0800393441868304,1.94599961834213,0
0.99741873166204,-2.73097208505575,-0.137765160155032,2.26253227347797,0
1.01510258593483,2.1950991538117,-0.0133593747541623,0.46067987498391,0
0.549218716582052,-0.649467176809113,0.0608612613393633,1.84376823346815,0
1.17025830332651,-2.33460261643736,-0.163391416488655,2.12337833237336,0
0.597657662675762,-0.135690208018055,0.0483072860975632,1.52980198524507,0
0.503883184098117,0.225694197975594,0.104526467705362,1.46575249581838,0
0.587984105190272,-0.369385410909071,0.0644899164666309,1.73192198368827,0
0.803877982970378,-2.3890521918235,0.00838709704663329,2.32354667494042,0
1.20008839040243,-2.08606869862157,-0.191576547722754,1.91774307812768,0
0.603084119067659,-2.16959593859534,0.00357611070164508,2.2752937259988,0
1.26753926964271,-2.75771247905257,-0.248673309215746,2.20526116463464,0
0.593392119736665,-0.0202340342016049,0.0926462949567475,1.73482528056897,0
1.30498889116251,-2.10801519833896,-0.25261907374454,1.85232727473654,0
1.33699743931955,-2.57571849398442,-0.280125913393831,2.26244143194628,0
1.09045233986307,-3.03657353930582,-0.171825737301437,2.64212052797204,0
0.523557338740382,-0.00861312281129238,0.0803173329836993,1.5121876378719,0
0.907701129826405,-2.06310492923371,-0.0900269246345399,2.38193070191425,0
0.529340838344086,-0.227349757347257,0.0758254532389333,1.46924773261661,0
0.662596973473135,-1.52938905331749,-0.00692796085382572,2.13588735025482,0
0.636805392425467,2.01055595524502,-0.0715822662599472,0.218744979429806,0
0.768295439869356,-1.55340505073158,-0.00490272088542705,2.05281987551139,0
0.732023462005512,-1.17139941947254,-0.00403995134678873,2.00084197245719,0
1.21359701752751,2.78669901932749,-0.0527270290266299,0.226808690236899,0
1.24693722393112,2.78268109156654,-0.0209458400198579,0.23818752516067,0
0.659018140375029,-0.238821171309831,0.0404886551882937,1.67176189698705,0
0.604890495355993,-1.34794001685755,0.0455101091071276,2.12826160380949,0
0.543761440425076,-1.4827251086292,0.0498528945464855,1.9246501157152,0
0.646937782844141,1.73252573108537,0.0626464952519116,0.609870618392268,0
0.679102406383709,-1.20070405636848,-0.00153033750714168,1.91241946443408,0
1.46340089449395,-2.29770092597487,-0.274946617058121,2.0894043293677,0
0.598999004051072,0.242942632284754,0.0768928363936553,1.42086923281728,0
0.571541927363908,-1.20038922572881,0.0312870868184401,1.98858869168716,0
1.33280255327136,2.07627088796519,-0.238917033377173,0.456722155788328,0
0.775140254307013,-1.66196801509092,-0.0281403718882955,2.14601573241454,0
0.731090491258614,1.8115153248723,-0.0428366847509132,0.418022314715332,0
0.595712431713161,-1.32731981208741,0.0676115298568085,1.9880991428346,0
0.725456751559428,-1.18664105157771,-0.00939082643231127,2.00652890026571,0
0.896955685060154,-1.43649232698627,-0.0741843305528554,1.96697979899907,0
0.623349871116865,-0.361454894339415,0.035405450686637,1.71211255039803,0
1.04328463915734,-2.38627552088897,-0.135003815339062,2.19610062870532,0
0.520928390656673,0.0885962613038272,0.104109922675399,1.57113986857788,0
0.583696721757372,-0.483907362584951,0.0509388479745257,1.79707326688476,0
1.70421943185745,0.213239341668698,-0.361822831043219,1.31184188947299,0
-7292702.99307632,-2303177.74541434,-0.0877159555676549,0.184550408993495,0
0.571250825329907,-0.859648965746443,0.0858609836329918,2.11565908901509,0
0.467972389783913,0.497197163244277,0.127001361318009,1.45198580467624,0
0.664150093785116,-1.22893683047965,0.0166767598743397,2.07911893151859,0
0.520957255561342,-0.312329624014516,0.0839146371946583,1.71803279558326,0
0.556019774700251,0.460872185841686,0.0940334316676942,1.42493112157844,0
0.647636524130875,1.65235857063587,-0.00197040389931595,0.404249555554355,0
0.538238696300192,-0.566834815999991,0.0741994107443623,1.7238117703768,0
0.653608497312224,0.312139311151471,0.0809215798637831,1.52896768991269,0
0.698885313915226,-0.881319522956211,0.00985612136258459,1.87898179143552,0
1.363928857978,-3.08713483873933,-0.263673335859562,2.44421148874848,0
0.450833298683077,1.78349318504028,-0.0299038054031212,0.252094702630301,0
0.779354126613225,-1.79690952962413,-0.0208941954442835,2.22721792371238,0
0.62551104012037,-1.25103490760335,0.0197163645922738,1.9107999251841,0
0.797748727600673,-1.62691537063661,-0.0338154255455977,2.18559413429886,0
0.939036950257579,-0.970802376547051,-0.0802248738121101,1.8952379366433,0
0.545319832226884,0.460637626496408,0.0938082195080727,1.42673199598255,0
0.979498449063507,-1.47962225365024,-0.129447875135926,2.0713589339918,0
0.616756304952229,-1.04148085966284,0.0406597763606105,1.89245375210914,0
0.581301519807156,-0.318099963412818,0.0897421619315498,1.61383042477095,0
0.993302124955264,-2.12318364266969,-0.107663758978476,2.21118008574402,0
1.24688333234224,-1.76027166355753,-0.212982564546675,1.86749732796138,0
0.680461222612604,-0.811169050479916,0.00903344713513128,1.75247712801676,0
0.572344301754914,0.766537118356905,0.112674579260413,1.22732241974256,0
0.524331595642233,-1.03888431055148,0.0823994837672246,1.86882650599583,0
0.585975999201844,-0.0285500024557392,0.0846518199788325,1.80919313180406,0
-8580524.44860164,-1870817.19360222,-0.0789498248639416,0.287263747570127,0
0.524737110155207,-0.323534617893031,0.087611290547788,1.58811330583537,0
0.901236406627005,-1.58590567146439,-0.0726490266791179,2.03606653228416,0
0.720776566574448,-1.23300708874953,0.0108237682358605,2.07395678763666,0
0.624283413471622,-0.647810199421749,0.0532305248147126,1.81067826510236,0
1.12223502713518,-2.68889838312006,-0.170341800416665,2.15050697301417,0
0.565053899590136,0.536967671986397,0.122491390772028,1.48290437788101,0
0.632638100423285,-0.177989053717604,0.0537097046691612,1.57707533216212,0
0.794979175994823,-0.875820229939641,-0.039732826558322,1.87710654166812,0
1.09776902793814,-2.57232367359325,-0.176577967312098,2.2132889680668,0
0.635070689050372,-1.15448973582855,0.0452425701247186,2.15175531908358,0
0.612996342258272,-1.18083306822727,0.0525813311573175,1.98815788446327,0
0.47105230210575,-0.523875307299665,0.105679969830641,1.67702332770965,0
1.55406775326727,-1.68677691075082,-0.327659332727461,1.88369992480285,0
1.08746166527779,-1.95442342185153,-0.152951191796785,2.01126480585368,0
0.611322865262163,-1.25438731224791,0.0405382747250334,2.00032128140004,0
0.490908561167465,-0.27550339237928,0.111321160046591,1.65402951974378,0
0.960281229061879,-2.36284402481365,-0.0913939087935681,2.20456445198143,0
0.798738374113064,-1.34436746638773,-0.0372146283129246,2.03767523477599,0
0.561552086871189,0.051748081684038,0.105244323622442,1.53174004258433,0
0.648626952130826,-1.10208431043253,0.0402041799196556,2.10160212630028,0
0.648048133348637,-1.06319371419037,0.010742742085155,1.94197114083279,0
0.768420233611381,-1.63249579502502,-0.0399172029804573,2.0844216881287,0
1.53590125017486,1.16939487791202,-0.233068728403127,0.815279067452477,0
0.681187884650014,-1.25212406801207,-0.00425398244126399,2.19041873268972,0
0.862017368597946,-2.98033176056271,-0.0852910603479075,2.63269673281669,0
-58.1855001254175,-19.6853372290272,-0.171835611610758,-0.0998121645917692,0
0.56281155605082,0.331051432007186,0.111789788112299,1.68816331467696,0
0.746232932965482,1.77821115360532,0.113448672864735,1.00254386154701,0
1.04544326747429,-1.61352391703168,-0.151717255817866,2.11946479415655,0
0.780550506259386,-2.00096128647954,-0.0626455634151006,2.22143115390703,0
0.557237449419937,-0.42520277851951,0.063814464244496,1.53200382840244,0
0.722394870876252,2.23656390780796,-0.164469495042923,-0.0410559234542372,0
1.34240427688323,-2.25775379840518,-0.256018360283353,1.93534476133962,0
0.97771012158747,-2.27884956051151,-0.0959531275000821,2.36759179056531,0
0.681639932548562,-1.65167435140763,-0.00973914849648092,2.4241939544891,0
1.05957825479331,-2.90334412444068,-0.178113128009334,2.29750509529277,0
1.60791391336857,1.10935228445947,-0.29738137406833,0.733414758690393,0
0.720944309441431,-1.13522706952105,-0.000845442389947606,1.94868559669702,0
1.50267330517219,-2.79016768005155,-0.323939499146766,2.52896582994057,0
0.582218222215378,0.0230877700747948,0.0617064421169359,1.73041472476919,0
1.27421820193009,3.11182713023058,0.023238017491324,0.346963473860833,0
0.56350500533886,-0.324407448123327,0.0820924996750305,1.59571433938668,0
0.397560029880013,0.228984284744055,0.00351514694973725,0.311239826665434,0
0.648298806971354,-0.325475613198502,0.052937669404919,1.67097135526821,0
1.15335334997276,-1.98333904861584,-0.211504505878062,2.018875811063,0
1.15086873812516,-3.05568539160439,-0.157090668573701,2.55162035885479,0
1.83639648288473,-0.075740403837657,-0.382024021737937,1.1720783863184,0
0.507664212202179,-0.478797345025669,0.0895611965985157,1.66520902329723,0
1.16774109556101,-2.32916874895573,-0.189423914768682,2.14270292343174,0
0.818655342554497,-1.3791387284783,-0.0640265415555839,1.90972785308538,0
0.62767433490464,0.161001263136322,0.0591299593140582,1.45980186185651,0
1.06239736108839,2.45279396849478,-0.0659971967204708,0.279718349163316,0
0.522605043596017,-0.0325160490608614,0.0764484031012805,1.56487913776183,0
0.660679637286375,-1.51789742444726,0.00958341026077319,2.05174788415992,0
0.593194480432201,-1.00319590274317,0.0447712573143472,2.03532364157133,0
0.556280140323639,0.279911800863389,0.0988476790747804,1.41381596249151,0
0.59810372652647,-0.828490003337529,0.0566057947703951,1.86123733724342,0
0.676345581008154,-1.00888919606482,0.00783413622290679,1.88380973272161,0
0.682336061639912,-1.21943426345679,0.00713860183549184,2.10862287215938,0
0.5631997813722,-0.730883168636258,0.0515508266741608,1.84963056877911,0
1.32630202441208,-2.07835433008075,-0.243663325669194,2.23480275149566,0
0.896682987203747,-2.42003214252342,-0.0533028399709573,2.42529305521205,0
0.564336386878334,-0.416307699805592,0.072456838173327,1.71581310666808,0
0.602282633005929,-0.610895751306531,0.0445735519906848,1.89498807984015,0
0.901697517142116,-1.70917757195139,-0.0778535678402971,2.01503213653834,0
0.720568080199768,1.39482797280099,-0.0336797869717107,0.494725461280777,0
0.518595697895725,-0.251233670158224,0.0609572385911691,1.70479704856357,0
1.54678615442263,-1.92808887581312,-0.299068578221059,1.66936980217312,0
0.706601656479232,-1.41027248653949,-0.0113672953785885,2.06738729377587,0
0.537968467230841,-0.628980420237828,0.0764944586432315,1.86296099729996,0
1.44878452537174,-2.80572038609463,-0.290369915736493,2.1925364863902,0
0.974815729990565,-1.96065314494576,-0.110471919213695,2.04819105695361,0
0.564908545267111,0.163562968820163,0.0852347860291407,1.56132809854983,0
1.22420208441824,-3.10662251838142,-0.237561488164617,2.25765230223425,0
1.10337908157908,-3.80514690273952,-0.216501591312468,2.85583515178228,0
0.559833884227605,-0.279828745228255,0.0880814755908733,1.67300093339236,0
0.833415501116214,-1.59258843118456,-0.0651056149970256,1.93032177525499,0
0.608596677212397,-1.03112242811357,0.0548103501446806,1.88546610660589,0
0.588101425974891,-1.05305576084664,0.0426696357365642,1.82177949946709,0
0.978723020162991,-1.91728489885853,-0.146138865656994,2.00578917779537,0
0.67470936611427,-1.19916177054152,0.0233916196371556,1.99452724709306,0
1.11333935826322,-1.50422257432829,-0.146512015462956,1.92238912768876,0
1.71380352137716,-1.6582201287943,-0.368366160235797,1.8350844509418,0
1.48944797162498,-0.799059060048998,-0.286545522159891,1.37446806040524,0
0.695222700330355,-1.87771943996077,0.0198383355099379,2.4179233573664,0
1.4496582211177,2.17831373816636,-0.134394104537584,0.362351999441295,0
0.910488797077218,-1.68317497143304,-0.0560798605966203,1.94106320260207,0
0.59462317183941,0.0205728307580345,0.092185619221505,1.48887943008979,0
0.862186482782893,-2.25497765265327,-0.0834887759221608,2.38092020857514,0
0.524321935608948,-1.64669247026255,0.0429383345027226,2.05850570735946,0
0.803165360192423,-1.82149816309576,-0.0517789544390465,2.32848559878875,0
1.12811330551555,-2.33344373119691,-0.154941627253165,2.22300278605035,0
0.529925864697306,0.17243495977718,0.116533968985429,1.50387739453524,0
0.606479937286168,-1.17089872655476,0.0172756583512976,2.01660327829827,0
0.611876568084072,-0.894566507969298,0.0171052962458345,1.84848881079177,0
0.577929785719145,-0.150457938936009,0.0779233684461403,1.68267777804264,0
0.684341427254708,-1.28031786735955,0.0112313025506116,2.05489624290058,0
0.588570639907542,-0.219982204698106,0.0606394045290665,1.81201573415472,0
1.25819473761814,2.6176539294884,0.0425980659720739,0.3351539543674,0
0.574485418692454,0.0711019680516709,0.0775801108626993,1.43909050687582,0
0.496781443537371,-0.0665236743483536,0.110893913315443,1.54879335010681,0
0.606962916674349,1.29049325567694,0.0209935896366956,0.573458334490693,0
0.526957675456219,-0.475613051587219,0.107841621046831,1.70449733280546,0
0.539945437068802,-0.41494697277157,0.0840797920780793,1.66618403496073,0
0.962436457438058,-1.87357151247731,-0.113599035178917,2.098355081887,0
0.698935066991346,-1.34339781082561,0.0274162520579345,1.96751959716525,0
0.905456643574647,-1.66230254790455,-0.11780058842712,1.99047857018125,0
0.558831368798773,-0.647335387286278,0.0812400344659592,1.86205612916603,0
0.606928114245492,-0.330629267866928,0.0567046652081439,1.71577109160514,0
0.589101921748293,-1.47828420126918,0.0361813387883192,2.166556455179,0
1.387827433227,2.7298503963567,-0.0498412667640469,0.315553975655463,0
0.673370719785029,-0.947299144784028,0.00310448697914167,1.90668215008397,0
1.19058433661873,2.59734607745971,-0.096633303868026,0.275183184481477,0
0.663721393628866,2.02031604058736,-0.00596023775709083,0.217491066130444,0
1.25987055465626,2.63679574143189,0.00400472209177619,0.316894162528397,0
1.58710520605511,-2.1426051548309,-0.315675999272319,1.75912581611166,0
0.721097248448929,-2.47238415480102,-0.0404912254727349,2.63234206145484,0
1.3220526222772,-1.56898479653725,-0.257232995674336,1.89261702886007,0
0.698642666555332,-0.647437851215957,0.00363545572239951,1.7539395503711,0
1.0017987759602,-2.68091844323422,-0.110104568962965,2.34221747401318,0
1.10062099182605,-2.01682103771871,-0.14112162183314,1.97231936900936,0
0.782670234074837,-1.23729422237943,-0.0735182931068004,1.78408779483773,0
0.750838873875722,2.36680882205082,-0.203020989223618,0.0371092969661564,0
1.29036315989425,2.72507615855099,-0.0206904553352557,0.266687839698385,0
0.598988845782429,0.0736956788960022,0.0713005739438185,1.57168580946889,0
1.12311806881557,-1.66461835931015,-0.140187106765791,2.12477679380445,0
0.900233069659411,-1.85346855279834,-0.0926253170750436,2.34657508812938,0
1.09017520893481,0.343987404911825,-0.333321509051337,0.0738901029480103,0
0.664179255181465,-0.71902897551837,0.029441827866256,1.79068751375135,0
0.66868565713873,-1.12727096311279,0.014873119014909,1.98451534118434,0
0.880744003150128,-1.69373367414599,-0.0976133372618584,2.02018845762467,0
1.33273765883136,-1.37723590664798,-0.246416790978432,1.80373204961056,0
0.569184622092825,0.871455609327598,0.0821941954030487,1.12619661059375,0
0.657361762990955,1.33550768475938,0.108149878978785,1.14535601878845,0
0.693464196622626,-1.36767833271306,0.0143207929910609,2.06858732846377,0
0.595198423919185,-0.703346714897971,0.0468767234086786,1.82826229225118,0
1.71776508235308,0.148414597993821,-0.307229283044368,0.925615167789832,0
0.547502519248337,-0.0353200617112556,0.0732061958361915,1.39959829118847,0
0.876666619111096,-1.67969897103404,-0.0505964417835342,2.25741718558813,0
1.04361058931729,-1.4990866691682,-0.103857347209119,1.87253090680946,0
0.607102253193082,0.283302527622474,0.0732217705122904,1.47127023643184,0
0.925396003358666,-3.24068174054482,-0.118211337986244,2.63269617164369,0
0.801791422678169,-2.23178282944282,-0.0842948812987102,2.21498355438559,0
0.611977015671655,-0.94843221895799,0.0393689095742082,1.83409458878344,0
0.538112408632485,1.42742844083194,-0.00663299434093454,0.376641751518713,0
0.679437784997347,-1.12084637628069,0.00397916563490928,1.99097251351839,0
0.746140817975028,-1.41840755802538,-0.0143899365613236,2.01285302201192,0
0.55560050073387,0.759543096072047,0.100755573665736,1.18631543655802,0
0.662759382601859,-0.619903080038821,0.000104501404098417,1.58382801724701,0
1.32450189686741,2.13811590256932,-0.131222298684178,0.333902879621464,0
0.595059794360205,-0.0535793955232097,0.0998929020232995,1.73095381031123,0
0.727129936921354,-0.835004050141277,-0.0153217243810214,1.79323411658967,0
0.700238504952307,-1.35635746298249,-0.0101542585133317,1.97912075462541,0
0.656345339586621,0.614752285011286,0.0679990365958109,1.34327237622634,0
0.590665989898575,-0.13706187989117,0.0731526459562215,1.56659960588904,0
0.845079168560405,-2.43647931371164,-0.0648536258342768,2.28946565413808,0
0.489155943641315,0.101462268600639,0.126176614274426,1.52227131348082,0
0.732115312371645,-2.23283180894617,-0.00510868308016324,2.39220881228708,0
1.25565280490792,-1.27812512842168,-0.198815298686386,1.96014323972753,0
0.594205541886546,-0.47948888187826,0.0443513339770089,1.81441634315465,0
0.566206083025501,-0.744895968160375,0.0737222764706013,1.91486389907526,0
1.371849265322,2.96813537519114,0.0265395452923184,0.250839924415221,0
1.23723916216654,-2.90737464254677,-0.229778876254662,2.62313538544998,0
0.49509489064614,0.0945134149433874,0.0879938608471685,1.39676746842028,0
0.55181311842089,-1.30959978668231,0.0851550805436882,2.08068056073859,0
0.785958584982178,-0.92829182407324,-0.0090289947162676,1.79470733320446,0
0.516190631128446,0.164966145611892,0.105780418073486,1.60925867191371,0
1.64820424552672,-1.13916974342947,-0.348864058875963,1.50650945351866,0
0.691536954149255,-0.62428960252559,-0.00859408114585915,1.6493002990726,0
0.48459803628381,-0.761082804933556,0.0874568434808085,1.78672310811916,0
1.66006049996261,-0.0493207437880893,-0.316565827852523,1.56644330045639,0
0.631104210773687,-0.385301924737693,0.056863993644339,1.69871259517123,0
0.626207781074364,-0.563655930684315,0.0451277538361697,1.9125690972324,0
0.631976756122517,-0.853677578836682,0.0471045599521025,1.74595067573803,0
0.583646297497836,-0.230275207363215,0.0855006170088499,1.66171886593211,0
0.591056095279823,-0.753551034612769,0.0492567517355046,1.74911213681022,0
1.25377543633342,2.52584996190092,-0.218952248504672,0.199683930401125,0
0.541846527665828,0.0840370859517378,0.0855662170502018,1.469709369697,0
0.592759888638621,0.717478313250913,0.0991833874437112,1.25277559734045,0
1.4742453851014,2.00290791115429,-0.215880731803079,0.530483785631789,0
0.906011440470458,-2.26340872810395,-0.112562818102442,2.38575313233945,0
0.901077359045274,2.85387097358479,0.0420400665178182,0.20219960842097,0
0.547112422029623,0.313577300329924,0.0850818198354827,1.27914977403225,0
0.654976987580555,-0.696821725141633,0.0145054986735096,1.79650460736591,0
0.669831186351578,2.35605030545819,-0.091666850955538,0.162016082147779,0
0.660186225757589,-2.00132049477356,-0.0169740622641855,2.14102344684972,0
0.564294019214034,0.684878056953458,0.0969970077389269,1.22069805437951,0
0.488319693955041,-0.657716025910823,0.0922752603631729,1.70586906977018,0
0.790508531983505,1.83851180571705,-0.0556210492639504,0.291656147018861,0
0.577576050530564,-0.244204638052747,0.0813525964568684,1.69334239925723,0
0.849185011403217,-1.47511133369434,-0.029163129110101,2.07781704910636,0
1.34773354051829,-2.05516508015255,-0.224665381142489,2.24180963858913,0
0.712611080853765,1.69923534854503,-0.0291557495247657,0.328789050605028,0
1.03305242090982,-1.09937650239633,-0.126828681659963,1.85697499601699,0
0.597942494549511,0.770781020976083,0.101656160780881,1.26049133304743,0
0.927198083120227,-2.09884876327324,-0.118835823158483,2.21901423287996,0
0.560418042140146,0.292543819076811,0.0965989046344807,1.35366914806962,0
0.667248285589266,-1.08492761741245,0.0164811287403063,1.87156597673543,0
0.899120851335941,-1.73665209614812,-0.0841764221714073,2.15513991664697,0
0.745839920485414,-1.16636773186676,-0.00228345466416939,1.78197308071143,0
0.676180411993695,-1.6613600555972,0.0285962859787047,2.04759974332764,0
0.559051138615302,0.620313703280559,0.0982790132224398,1.28795470020262,0
0.593832706551785,0.389790644801114,0.0847561593243353,1.40112868583601,0
0.787250556322662,-0.793504896113556,-0.0222395908673193,1.82450389590637,0
-5908657.82902604,-1645643.14536476,-0.0753950113093045,0.132391115155666,0
0.55093466308871,-0.492484261618089,0.0697778339715452,1.7184529669905,0
0.564064063043465,0.433984812188998,0.0704157853705373,1.43502635986791,0
0.805229036702921,-1.75667607184615,-0.0368260335700874,2.1814737623036,0
0.692692079647401,-1.59549816811821,0.0157764241982994,2.25424954187717,0
0.609674227109327,-0.486052646583494,0.0469743275741269,1.6795654423976,0
0.59695949607247,-0.985357203663704,0.0508634534526506,1.97750843708924,0
0.544828933307,-0.364449655060895,0.0750651827483613,1.69306452739112,0
0.551233904500471,-0.326051281600009,0.0735424879872125,1.59678834098408,0
0.717463894388183,-1.48533134855869,-0.00934540384762524,2.11635009851857,0
0.684609843575404,-0.999189277095597,0.0115984196334287,1.8511755263407,0
0.990591148277199,-2.85138791141613,-0.133798917741722,2.38393235533417,0
0.841559705518422,-2.18908473790713,-0.064370346011556,2.32921315477603,0
0.581416833878994,-1.1012294298497,0.0449889419659547,1.92536551254477,0
0.651948689118157,-0.462146624468745,0.0431151434896853,1.6983520332328,0
0.616287421147606,-1.0110587348943,0.0549931276114339,1.90515140792497,0
1.09189856625441,-2.32353474314536,-0.163924875120447,2.32229590738479,0
1.63164573047491,-1.43538078737831,-0.278418745627194,1.7353112262997,0
0.71614890991463,-1.77239784848623,-0.0336660754898956,2.15694582985382,0
0.591693568042863,-0.339252341063817,0.0593205070840141,1.68434471477599,0
0.7181314781796,1.62406617700366,-0.0277580623627377,0.423956056438585,0
0.6284754410908,-0.173414044993803,0.0305391180006848,1.53022380728326,0
1.14770938542895,-2.84267881083668,-0.19610626634194,2.45286271749737,0
0.788876257288958,-1.33235364224194,-0.047000969157849,1.88666017074493,0
0.478418060878504,-0.429311804073984,0.107788379751338,1.75747396063555,0
0.558615747927614,-0.165177457215334,0.0814282623274162,1.59023365160782,0
0.562435731741632,-0.538613183373419,0.071723924548584,1.91927903539261,0
0.726689835191024,-1.25655886000636,-0.0176466091523534,2.10327815270439,0
0.518355896591995,-0.0712258894078795,0.108512179478128,1.70882584291703,0
0.736727895291284,1.81773574720357,-0.00407811949003707,0.358068671076146,0
0.555494546632692,-0.725504032721431,0.0672077241177592,1.84310784887368,0
0.659794527347153,-0.911702883670027,0.0120229558540275,1.89913594287709,0
0.839806595469081,-1.12912796499144,-0.0658068709738183,1.81731727219426,0
0.778264136735236,-1.60602698915425,-0.0411030204805744,2.14363030221091,0
1.07792142676754,-2.13557850715427,-0.192218120051374,2.14485980884873,0
0.552322702756983,-0.335058989119496,0.0791641712293629,1.72596339771624,0
0.641839545131203,-1.06669111944584,0.0380093551718887,1.88207232799928,0
0.903960086071149,-1.91742532110265,-0.101894006209141,2.19242283346053,0
0.660008185528998,1.62465936196315,-0.00201354099918107,0.473062076515613,0
0.622264295073706,0.0967129256888086,0.0778963599570431,1.49315792415805,0
0.858348272682273,-2.0291795329569,-0.0938222941778248,2.31860379942928,0
1.74681997816078,-0.683070922497323,-0.362965062942771,1.24835893769976,0
0.669057871666097,2.06716737200402,-0.0914461749914153,0.217488740390022,0
0.56994687324434,-0.325528113433597,0.0910714116093072,1.66122469752018,0
1.63523378801189,2.0230702184864,-0.339345541578999,0.397361174427298,0
0.547055891307901,-0.217336801659569,0.0921265278047352,1.66078551692495,0
0.763758253122205,-1.29077148742659,-0.0421917293135803,1.94106151795789,0
0.523477002134233,-0.519198881119268,0.0885400797913515,1.91272219247327,0
0.62626685213235,0.194567015504896,0.0624967577008694,1.59224824215929,0
0.888663280838793,-2.6317526706054,-0.122719837613784,2.10589521304072,0
0.561623248844007,-1.27584020748802,0.0638086677138104,2.08034331433092,0
0.573902078882802,-0.0283165569242344,0.105977596950686,1.60248543402061,0
1.42976429860619,-2.36270558208738,-0.280202671894254,1.80513779970475,0
0.546890589124927,0.343845947193345,0.0957055405266832,1.37374385528198,0
0.698719578233769,-0.869886315362357,0.0185026871298495,1.843500111368,0
0.510620803489544,0.223457098589439,0.13128187364889,1.55524414177409,0
0.628128643585452,-0.775818150521143,0.0358530519988553,1.90644490599753,0
0.620521331017426,-0.834805796658574,0.0610614586677046,1.88320331602273,0
0.734458170909946,1.88025747216148,-0.0772065340257264,0.201889297953588,0
0.614031821543158,-1.02899826479739,0.0348572402477029,1.87567735264266,0
0.559405404149916,0.941823240691762,0.0907018819196456,1.26937757126449,0
0.483607566864224,0.0878053004421634,0.0931927206684444,1.44603020687363,0
0.77534062625747,-1.81607906617872,-0.0518516386076955,1.97546909003433,0
0.596249460757637,-0.378637866545646,0.0543563251619603,1.62684312084869,0
0.536912051239465,-0.262800742415971,0.0856464401422921,1.78076139521109,0
0.602573608997418,-0.539141035245241,0.0533787181902365,1.8170569262148,0
1.55981221760918,2.8159383425309,-0.0758219908077306,0.202852090999646,0
0.639104319776657,-1.56781473174003,0.00577446486322431,2.12205992379332,0
0.466095363469529,-0.836501373459299,0.0907919391096307,1.84763369340145,0
0.621712519376545,-1.02581864316683,0.00843337360285884,1.83507540224419,0
1.03176203274792,-2.57531477308208,-0.129076889272388,2.34336724140364,0
0.594192410789146,-0.968953559244391,0.0522336119968332,1.91747260660095,0
1.37897152465221,-1.97041245604617,-0.258070592219396,1.96102369019368,0
0.559382143911682,0.542972238745689,0.100418270602016,1.35814107084154,0
0.570127468357679,0.883410847282661,0.0774340539766856,1.05486753463734,0
0.626037523895808,0.0455558081705101,0.0588874707366321,1.36096210139685,0
0.539451498992997,-0.112598364091781,0.0757599282221203,1.4902565145692,0
1.64563301331005,-1.95163647883192,-0.328080249435273,1.79025280586991,0
0.66254119299265,-0.901147216327981,0.0359880985246105,1.91601473810001,0
0.559321420062957,-0.322508290397214,0.0811255663138159,1.73452688867479,0
0.621094707771486,-0.574964458103898,0.0373686108267522,1.79044197493233,0
0.968376420054894,-2.55478423761235,-0.122017675074745,2.47100975539529,0
0.960869541605442,-2.2289314477228,-0.120739275379106,2.36641385167881,0
1.63509073827064,3.06077671616465,-0.0579581160620334,0.158333201029343,0
0.646450346581786,-1.09590684734402,0.000526089676760381,1.81441487220169,0
1.31103710649161,2.4694599627792,-0.00788692289217456,0.304990432477242,0
0.592883265212369,-1.61008457100482,0.0436283536851939,2.31243383394828,0
0.530079718524801,-0.798425031598517,0.0914306139651708,1.80041627521621,0
0.563136885778788,-0.578266842469914,0.0572006416068385,1.70264990937552,0
1.32194910062678,-1.90943990066693,-0.240241110962759,1.8646711602508,0
0.727811054160584,-1.48362648211147,-0.0108018512414153,1.99266258794024,0
0.977875329825974,-2.02125740811351,-0.0865145552681298,2.16914756878861,0
1.38777104842189,-3.13032673585478,-0.266893538095206,1.82291132694925,0
1.01761569603556,-1.70066632581255,-0.138437025076239,2.00702982257699,0
0.900175466423637,2.19826088954874,-0.0572860252542345,0.285166757494184,0
0.608754920174428,1.40141983666144,-0.0174717349086476,0.44933291740005,0
0.778486433497289,-1.40823654941563,0.00157380194638939,1.97080158891862,0
0.804045926217635,-1.32452819032328,-0.0159377712620715,1.88359092084455,0
0.658543737774762,-2.25677734258334,-0.0274119679291157,2.37599502337656,0
0.508826753209521,-0.0669916947460205,0.13183947815732,1.61604939456062,0
1.15339650008822,-2.44717637402682,-0.167401861289206,2.26533734001848,0
0.560701297068197,0.134023325214626,0.0929253816527855,1.39218116082011,0
0.518040754533823,-1.24574126819763,0.0799749856752132,2.17106941703677,0
0.543197438647063,-0.00717056975917658,0.0855573624369308,1.5649876790658,0
0.521937037364889,-0.27623475875625,0.076650570171365,1.61195803827393,0
0.582266277291007,-0.295791134660405,0.0763463001044156,1.61167552915472,0
0.556558129390277,-1.3581036777992,0.0537446549770717,2.05136692808706,0
0.597194300882892,0.56548675890608,0.0848460265871303,1.35191764508875,0
0.867074062368171,-1.50801366056786,-0.121652844301807,1.98213150629759,0
0.844681901773089,2.50198330930339,-0.214938639335864,0.0205671810833158,0
0.520447990166769,0.00785667139790543,0.0859910101723725,1.46558311360712,0
0.550150550865262,-0.266309902035067,0.0820103252504598,1.68079113596906,0
0.753724860644759,-1.98383606663195,-0.0366691996980933,2.35603672051248,0
1.41820242167514,1.83989396120077,-0.260628483445857,0.469349815180999,0
1.61823470045694,-1.39134431105438,-0.30848708708712,1.26004658869129,0
0.509391296887587,-0.498985713713561,0.103766932984178,1.68975878207343,0
0.554549348040416,0.0526387999994695,0.0801081167971643,1.42602858964565,0
0.613358907155149,-0.316933733229212,0.0648950841734626,1.56199029640176,0
1.23468629372335,-2.80185651707746,-0.211732595063629,2.45153286007337,0
1.20319148046456,-3.27326649946661,-0.191795930737211,2.52318275066051,0
0.546861724756075,-0.394055474218872,0.126424319933405,1.84994772474829,0
0.575643467756731,-0.0373884270503764,0.0942915138963888,1.62768207460986,0
1.76119494680969,0.323156718036752,-0.330641059936139,1.1046014474297,0
0.608055039953218,0.0522075507254631,0.072009310732463,1.72279218946553,0
0.547081848132102,-0.449076268303136,0.0944444076440787,1.74234829177223,0
0.619434295577074,-1.25877408965534,0.0312757798173245,2.03600328904094,0
0.793265140368659,-2.62436362119187,-0.0663351342916324,2.61386861514891,0
0.596188150663367,-0.908707585860279,0.0671291067642138,1.94435843932887,0
1.18015495224212,2.48572045086985,0.00262077376917129,0.332843674815534,0
0.751102673848854,-2.49424925726348,-0.0698450766271403,2.26341084081509,0
1.1705895628196,-1.6037914843629,-0.163502735035873,1.87049714981357,0
0.606667592340414,-0.139843940402659,0.0579946555091317,1.60004268599212,0
1.75923686375949,-2.04788211904758,-0.420347569406487,1.9127180167409,0
1.23901890932881,-2.19496819607489,-0.189675606477898,2.11646292894876,0
0.639222216408725,-0.509986263290368,0.020570306982135,1.68600683197751,0
0.54060847449412,-0.75182521398624,0.0901113259278556,1.84012738000794,0
0.772464194039418,-1.91774888326491,-0.0168336988337037,2.22897670507826,0
0.582233350744003,-0.130074848902083,0.0482739853177683,1.54206266659476,0
1.13929504912436,-1.71004293511779,-0.181579152912722,1.90504915303835,0
0.661174211152753,-0.337927585642697,0.0247981131104659,1.76623615769806,0
0.622205701687753,-0.9548446735919,0.0319713329216535,2.05824334549146,0
0.755045206906046,-0.845205279049797,-0.0215674245681021,1.77632343082168,0
0.647618454403453,-0.112597907527398,0.0496581449209117,1.62950575662018,0
0.880248873453829,-1.05283874104465,-0.0557653131648191,1.87352307495996,0
0.633431977841237,-1.39417416580774,0.00222717113957203,2.13184142768239,0
0.792458902404222,-1.4835419358346,-0.0269434056335824,2.15363774016307,0
0.68310833673787,-0.628657372864528,0.0408622593763132,1.91062293240915,0
0.693776335195783,-1.60846632813722,-0.0134619228552615,1.96619060476647,0
1.27211842332917,-3.07570751671636,-0.252344996050624,2.44321924114933,0
0.709858550252267,-2.02381726144649,-0.0272926713291479,2.26897919942033,0
0.789119081098386,-2.35969417811729,-0.0575666211605729,2.3707354771211,0
0.543575230226878,-0.392007010548777,0.0852183600267093,1.62066944743142,0
1.49573196933237,-2.12530194028845,-0.30095834740045,1.85843386057951,0
0.589059373703518,-0.593416598648306,0.0334881891641309,1.76262661224155,0
0.462033157693824,-0.611258215243883,0.101954024169419,1.73219856642601,0
1.3126431257049,-3.27582074744122,-0.251638505718151,2.48603089072475,0
0.702183869513842,-1.41381870638492,0.00566355051734537,2.19208664051242,0
0.540918439598971,0.742266116100285,0.139624115526594,1.40641844269099,0
0.522639792299954,-0.151632623563804,0.0969136624981664,1.49182835105636,0
0.732042327867028,-1.2579351173057,0.00177673266026203,1.96768112755815,0
1.04992895953006,-2.17517219665757,-0.129123072278163,2.07789873545472,0
0.561406575383202,-0.0198232832816252,0.0845302329070132,1.43699893240683,0
0.894367088449841,-1.85336171182149,-0.0728633425500955,2.11262438202632,0
0.872544992558455,-1.65831142466307,-0.0501616299296371,2.07374409034593,0
1.044598768261,-2.27616113515994,-0.130135715526645,2.27002110878755,0
0.562200066526131,-0.372274872770268,0.0684249440388545,1.64428010168374,0
0.726166469891744,-0.55972901454602,-0.00661515305150984,1.76956665730137,0
0.580408118922055,-0.48769391691207,0.0754616034969975,1.72280926118153,0
0.889324124460584,-2.16569626540372,-0.0526363140230312,2.26959869548801,0
0.539694172520565,0.0987867908031888,0.0797478256537677,1.66964610408679,0
0.669677545442401,-0.403158672941814,0.00943935453392086,1.65155885629093,0
1.37414540061996,2.9936391274654,-0.00364325994486933,0.257927081676051,0
0.620216783162564,-0.365049470946884,0.0549726469268675,1.71592342261035,0
0.883374938291954,-2.33508654652474,-0.0782404822861323,2.11805259164184,0
0.681577324979397,-1.57729320945331,-0.00146922969856757,2.26706386795179,0
0.591387241013938,-0.221045842106415,0.0831457719662999,1.60851782051471,0
0.767245607435892,-0.869260330258675,-0.0278641861034224,1.87132170692175,0
0.619953582423014,-1.43360460899576,0.0132425336033519,2.11247246930956,0
1.48453849010084,-1.97960893661439,-0.324269004075342,2.02662492573671,0
0.514330402534416,-0.612285387885064,0.0903064098691238,1.73302564656988,0
0.642147821022454,0.521826781564695,0.077156185514439,1.38600130641045,0
1.59593503303873,-2.04396721956054,-0.319535199172609,2.09040585936976,0
0.530797654361706,0.289806533474306,0.100931697714296,1.31502831147897,0
1.20754897471287,-2.32335890084395,-0.204856842277546,1.97107509434725,0
0.335702889336065,0.0441226731489842,0.00808378072723832,0.310847885447353,0
0.655231986209575,-1.09356611091995,0.0199096820488091,1.86086862643741,0
1.22663975536253,-2.70081997182769,-0.20849593056762,2.32835368665549,0
1.20382595204931,2.75956332153414,0.00647543968503937,0.348161434846179,0
0.492563471919402,-0.830677360781181,0.0831277671581029,1.91183477545518,0
0.841012217958618,-1.39106063486707,-0.0549921431674626,1.95033274859088,0
0.767273427429826,-1.71149767326684,-0.0165691360944226,2.00495845767722,0
0.522336114809702,-0.662801571671513,0.0693316610810366,1.71087594026096,0
0.552420528286157,-0.435790586547468,0.0672369391498154,1.81082186298669,0
1.22798036953353,-1.43720932417999,-0.165187783572239,1.90262705212778,0
0.82102608347859,2.01066597386625,0.00145757091389118,0.377492374798256,0
1.78394971238491,3.10269379092198,-0.109760930525266,0.151824731761668,0
1.66152870396182,-3.20570762203363,-0.32117953439411,2.56188046907725,0
0.688124927010765,-0.579673063019536,0.0273374562582238,1.86194537100792,0
0.525875811108268,-0.688403772745089,0.0818286888915084,1.77108940662004,0
1.12332996470452,-2.54478564219957,-0.178173003555827,2.35639543225626,0
1.44082786658591,-0.481636346256892,-0.288282152601608,1.2348606555316,0
1.03743186686199,-2.62424574798061,-0.145168983932766,2.4617625295093,0
0.713098982330217,-0.87328567663129,0.0275788341918667,1.81835755512565,0
0.49319498496488,0.361271497789241,0.145035855830608,1.51220289397661,0
0.825164794575526,-1.53721129275627,-0.0190882674867048,2.04957700641305,0
0.878933533377861,-2.88544865562782,-0.0968727119453094,2.37830385200123,0
0.917522104687169,-2.30642469604196,-0.11914624632608,2.33956287307401,0
0.65864154356593,-0.578071837895155,0.0223882129861078,1.73700978097338,0
1.65155290796596,1.00664860498842,-0.293260439213997,1.06354880667975,0
1.38226905056437,-2.27055907620261,-0.262703167712698,2.14213748198616,0
0.610909189248237,-0.729908258881845,0.0567715041846986,1.68072794596073,0
0.623821892497486,-0.253209722493152,0.0560475453467395,1.5462645382024,0
1.53639267503,3.03189215713054,-0.0224691520883436,0.242726452537994,0
0.755879688677071,-0.831542593944441,0.00679759999407032,1.86928783247961,0
0.622054760216112,-0.780121532584914,0.0525610684204902,1.83187209311815,0
1.78886478039297,-1.74458080842426,-0.336272484140599,1.77635998080804,0
0.565752508505744,-0.316766025440782,0.0831703420862547,1.72594645989836,0
0.607648659950735,-0.62916033941066,0.0497925706122657,1.71698911698071,0
0.731029376064621,1.78631321869021,0.00903214364796616,0.434144813467569,0
0.740579254593098,-2.6878131829956,-0.0326471857730056,2.46648516880684,0
0.821707809392515,-1.70836731701721,-0.030339204464539,2.06278520508295,0
0.684199935231628,-1.30142230656585,0.000421562208472076,1.94467898505737,0
1.25865608124102,2.73509211049904,-0.00203406548679913,0.338608516008074,0
0.672383286868308,-1.14137372636714,0.00702190280801442,1.89908666490617,0
0.607395134517025,-0.358579453502743,0.06339063435955,1.66080693685344,0
1.00642375060478,-2.15838531516545,-0.104255927538068,2.34526671001559,0
0.443892451070473,0.339476599392904,0.144655098718923,1.46379524396351,0
0.700127847268164,-1.14032234765285,0.00580170460030503,1.90589983894294,0
0.73048381067754,-0.897489276127699,0.010609641400446,1.93749650160567,0
0.601938948733019,-0.518734929459013,0.0584370262644239,1.76250007027785,0
0.810887450445021,-1.72933460987968,-0.0959625352511126,2.15863075305119,0
0.631308025046838,-0.333269652816435,0.0475092434905995,1.870168301959,0
0.724234145568591,1.7332739240551,-0.0193875819413549,0.452716240323373,0
0.544864569872827,-0.037917377853072,0.0902702645384727,1.59863594533122,0
0.629947609315768,1.33070647918952,0.0870544132070064,0.950200293672189,0
0.90442068856548,-3.00492350438115,-0.106683390813613,2.39518195446689,0
0.697926225225309,-2.01501943269982,0.00119225623863744,2.08074813031974,0
0.533226991496939,-0.546049595004291,0.0942639416657703,1.71620525223029,0
0.458670322180866,-0.58572998827918,0.13921248916686,1.88160046442721,0
1.10359227712269,-2.56686542206334,-0.179174090954498,2.23904457876851,0
0.975205063534467,-1.83443109430631,-0.0997547656984029,2.10542331161282,0
1.34200369884412,-3.23133076577362,-0.259002948252692,2.51981640728118,0
1.05105286372392,-1.47342455829065,-0.151742995897736,1.81537385220581,0
1.86745800442332,0.217095710687141,-0.386228692008919,1.1202945643505,0
1.2566289601474,2.77581878446086,-0.0131047770329599,0.23596761193397,0
0.548712304369081,-0.626712267001649,0.0739024459422555,1.79120546943758,0
0.540186722449395,0.71705649406007,0.101119430003201,1.19454514724129,0
0.967180195317918,-1.77076279839779,-0.129946510229693,2.01276120429639,0
0.619862810803089,-0.773637756363869,0.0622366784158185,1.77530459181493,0
1.38108077515633,-1.63368723932358,-0.177118846404786,1.76009839820765,0
0.608760346007454,-0.494638651483418,0.033224214206553,1.69648797612798,0
0.899916600531355,-1.39022492177247,-0.103730418803275,1.91897599952225,0
1.25432782816399,2.92085704513065,-0.0285929669079608,0.303338923121873,0
0.594833013384489,-0.595431911156606,0.0518889058335795,1.60396535124789,0
1.18947769790234,-0.917092415568766,-0.163345212186545,1.89509990066414,0
0.652177052325133,-0.911986924244457,0.0359065906510897,1.86071967107894,0
0.635998202624935,1.69813529005098,-0.0272581151608002,0.288384597310464,0
0.771708708667932,-1.53060251149321,-0.0156369365949798,2.2384558172815,0
0.622830666119357,-0.903101817323298,0.011313439074339,1.7210914743249,0
0.774953994687989,-1.5165625417894,-0.0453184983032922,2.02807056123243,0
1.16941426637665,-2.40541029585817,-0.184083304860188,2.17098721635937,0
0.618322882077931,-0.695467064129319,0.0285164352529068,1.75922850508181,0
1.55459531247059,3.57344367678852,0.0354930059517861,0.244716339389668,0
0.880312166354041,-1.94714617385673,-0.0514407985609656,2.20573854645428,0
0.716482853089426,-1.64672916076501,0.0125989504501186,2.25854972655574,0
1.30675422798376,-1.66923051611305,-0.197879727889585,1.9736185755549,0
0.698107911989521,-1.54348446290806,-0.012484055666113,1.930225426245,0
0.818816076477566,1.92205902748187,-0.0505506049324285,0.171575898771931,0
0.580401160886742,-1.19691794712445,0.0525246664538474,1.98337474092901,0
1.43589739632045,-0.716898253659717,-0.2039276648846,2.06028276393965,0
0.803503035430264,-1.83391940974679,-0.0842225747972234,2.05671530523306,0
1.01538728169576,-2.77536320750328,-0.149983541362395,2.09702343920723,0
0.507583513962936,-0.451129685658629,0.0911736593755071,1.74239285730101,0
1.18889933097169,-4.03253190420277,-0.176627024789821,3.00739907149208,0
-1569661.33610095,520431.242881429,-0.208541672181197,-0.0300743808144094,0
0.54592664215015,-0.842772407056079,0.0764215879922222,1.92178248018966,0
0.556792356248103,-1.11234895891033,0.0628810609048166,2.00921965637821,0
0.483542435196661,-0.457761672645926,0.0887883087848642,1.65724330548545,0
1.11720775629638,-2.56293854777718,-0.154126363355562,2.24641246779177,0
1.42613534146204,2.44895988099905,-0.242973957586594,0.708713360222587,0
0.53525097012238,-0.156788613800311,0.104853693260304,1.78528619424906,0
0.665216359974085,-1.41386559471575,-0.00189901745536545,1.96199403925239,0
0.642520783109845,-0.0567574393204635,0.0711787276268896,1.59043030569864,0
0.681281385446361,-0.555253504606733,0.0397165620365051,1.79995202874211,0
0.845979775270663,-1.27117784126104,-0.0430536246036025,1.93339914534435,0
0.826909141064692,-1.79173562071308,-0.0590097257986347,2.09912490631865,0
0.896419670108898,-2.51187953445627,-0.091829654128798,2.4695036082189,0
1.05555275924225,-2.31725778285603,-0.165429208610235,2.15917300667508,0
0.549875670179022,0.449969910610638,0.0990812329283093,1.41921683482371,0
0.778149868658424,-2.51316558696267,-0.0612801117447276,2.39847322012334,0
0.577592342416639,0.846100074521148,0.102423589975361,1.22454727081673,0
0.547945746564196,-0.829607556885301,0.0649680485451662,1.85702530424831,0
0.646636613287648,2.02232832368635,-0.106884589150815,0.112940901410557,0
0.618653853226835,-1.37443851601904,0.0319175036638525,2.03283324546098,0
0.692042982533672,1.73596932580909,0.00358242259874594,0.411749273736675,0
1.05875303834639,-2.44655967377982,-0.152457865042082,2.24452305698771,0
1.64260519390382,-2.88876702669851,-0.347908823087142,2.54918045135424,0
1.14671240455909,-1.89612955819126,-0.182087325083078,2.13130112820721,0
1.25643454109828,2.62543577681092,0.0232186228317448,0.318857786685846,0
0.644509929476033,-0.847062453125115,0.018842840943439,1.86210240242218,0
0.932644813778792,-2.07147421472127,-0.0988919047791371,2.3140364136189,0
1.34832304408174,3.00470514230055,0.0562620066464885,0.385049630050323,0
0.849954611911053,-1.55701938069579,-0.069207744971446,1.97625725617329,0
0.587472144720631,-0.870917657483862,0.0434606380627306,1.92643879216539,0
0.599487904795046,-0.446261628708656,0.0307761164673647,1.6662788218896,0
0.570245763451555,0.75578299948122,0.106117944169079,1.15032902628722,0
0.561347308532265,0.911730391248109,0.116875369963685,1.3421606749362,0
0.693078481708106,-1.00102439229393,0.00623317445726485,2.00415801284045,0
0.628007044168144,-1.06173677348033,0.0289554032659588,1.77934430562732,0
0.59429062461945,0.661521360022343,0.0848621087071277,1.40214525434631,0
1.49613129186543,-0.60467467132032,-0.250625676181703,1.18641655311807,0
1.0844088955339,-1.63580183562137,-0.191631838008,1.73122806999861,0
0.882568415253519,-2.11878487129994,-0.0922931412820066,2.16183115577875,0
0.61630167338152,1.23843582913245,0.11152401756479,1.02778039288843,0
1.26902680960767,-1.53941586595426,-0.228454683141654,1.82540671818543,0
0.626282952817406,-0.664522610991037,0.073657817349851,1.8720325413152,0
0.685077666440674,-0.749237780020158,0.02344700486471,1.62923003946489,0
0.840672021789419,-1.72585278807636,-0.0591743214172146,2.16423894473245,0
0.719263470280205,-0.960623671551948,-0.00925802905960256,1.72341306086876,0
0.739141495470496,-1.65764104618169,-0.00688627157235702,2.09748334973032,0
0.667551858456131,1.85883715350108,-0.00797047851864882,0.35054771073168,0
0.747033508759691,-1.72235272597872,-0.0408545284416393,2.31611186897739,0
1.32371748011801,2.54819083959971,-0.134740580083842,0.230426858474782,0
0.562728104282159,0.32782642020071,0.0891658380417309,1.43660123120144,0
0.751702885449267,2.00049709109153,-0.0264050544194389,0.29614187216011,0
0.582376101067788,-0.798273788032703,0.046971728796381,1.82013997550224,0
0.551156458491199,0.661582203955146,0.120384928763709,1.3326511393652,0
0.657798739454267,-0.0309696421963942,0.0758192336160896,1.47364915840475,0
0.790836885839846,-1.42729825254342,-0.053266412781578,1.94668290324544,0
0.616373103455058,-1.170525906173,0.0350553096961734,1.96696414016807,0
0.739911166075008,-1.52330075272032,-0.0267857177797915,2.10577232551563,0
0.636920303926796,-0.220925877925655,0.0340570483643859,1.71311668925673,0
0.704164223405256,1.95499494692147,-0.00126841434742736,0.435561446561654,0
0.52678429623547,0.350324641714819,0.141561832414943,1.54695355239958,0
0.60062531860948,-0.608781650505869,0.0612550058357162,1.85091841387005,0
1.26627914125919,-2.03954273476948,-0.234803936828192,2.06470548124401,0
0.514476898128269,0.0431555433674241,0.075783722100476,1.48107434502191,0
1.71616656065867,-2.22750675904724,-0.400147685456182,1.6801469296628,0
0.878230065301657,-1.47107051462797,-0.0875895657733096,1.81425826488038,0
0.532718870196138,0.242463144572969,0.0999121084881322,1.47943565851262,0
1.35726788867416,-1.83297780949493,-0.263177756762725,2.08718771351529,0
0.562377624037462,0.530999737151927,0.100289565037512,1.49514374110709,0
1.65287887931329,-2.89413241700632,-0.356765250075281,2.08116546867215,0
1.27970141776989,-1.91254595354497,-0.214469702516632,2.04282864132058,0
0.622738397232694,-0.446651935444934,0.0586496142294179,1.88264179282533,0
0.918566988485566,-2.39250680578823,-0.102173223725671,2.29112284740116,0
1.5793323083247,-0.481003410041014,-0.320473618205948,1.51894405836809,0
0.796129088822499,-1.45763406616331,-0.033019245288968,2.02623578038689,0
0.606820525874533,-1.21978624182381,0.0238324774453073,2.21088949389331,0
0.563792997909364,-0.236380495755263,0.0561051254050038,1.58834938679636,0
0.668554897884705,-0.467968668354156,0.0303121933611855,1.79949529178684,0
0.545408370634522,0.541193234839969,0.0867559410540749,1.14969036438094,0
0.983556000658602,-2.54362752395159,-0.125450313125573,2.20691270562668,0
0.526835979534912,-0.644699850775701,0.0772537429191031,1.81846394613535,0
0.55825497954499,-0.933756666512462,0.104376459398603,1.81504944126116,0
1.34813210422299,-2.61811878391904,-0.221059763504316,2.26158850086428,0
0.61063395372914,-0.810101412903558,0.0319932110384031,1.70894825336608,0
1.31603484161381,-2.33718849867967,-0.269951671529624,2.16686524014476,0
1.55456625604031,-0.119263795039175,-0.245492428503886,1.61862454480554,0
0.825112619293745,-1.93734014558028,-0.081646845429845,2.20401473108098,0
0.538761561019084,-0.741000989980242,0.0663704042001667,1.80891982782884,0
0.586530265203693,-0.21367549329078,0.0813244128915807,1.62603777400408,0
0.934092912420518,-1.70250079860325,-0.120828903438977,2.03921682885781,0
0.691414001510562,-1.22042300211552,-0.0124298372918132,2.02311423440211,0
1.12807747645048,2.27694179747844,0.00613624833146716,0.393483539607264,0
0.998986965148761,-2.27725160035117,-0.148928492711344,2.47690708411316,0
0.605834568355039,-0.740354984721982,0.0200127066561311,1.85903089700858,0
1.48678764253858,2.3600744547069,-0.159848400419897,0.257932179058293,0
0.582245897454464,-1.4892693548038,0.0443427132508915,2.18954847663054,0
1.05473850660092,-2.86816922792342,-0.182509270138476,2.51717071731243,0
0.734768787422377,-0.581321854302811,-0.0166743390982655,1.69620152533204,0
0.840040321445043,-2.15030583217585,-0.0498848848177185,2.33702634681859,0
1.31180654634607,2.20992093668782,-0.14669960726661,0.381438464187778,0
0.57939558441039,1.0735096378536,0.106498923558935,1.12538401985321,0
0.519474014315574,-0.373521706736986,0.130540806044716,1.73824663105721,0
0.948680578379018,-1.99042657876241,-0.112563593858547,2.19058089132872,0
0.725659277899614,-0.321066500174366,0.00985351748717113,1.60043622661134,0
1.39966459488858,2.89284798232098,-0.0587836078059192,0.263662886415956,0
1.49984104376578,-2.46358206578608,-0.368716089047443,2.26347971794642,0
0.47988081799615,0.386559912230546,0.122260621260139,1.43964079030894,0
0.448595761413623,-0.165137189586736,0.11641532165876,1.47174892351942,0
0.702712765159304,-1.29779213020757,-0.0223314418079581,1.89193775351387,0
0.658603403746135,-1.81947286548816,-0.00436665707086251,2.24991076365281,0
1.33234846451752,-0.920011593616276,-0.242188409114796,1.66998353180593,0
1.26858729046072,2.27477494091526,-0.0573903156276228,0.252008848184985,0
0.532141011263535,0.0236459129926667,0.105315201052532,1.55754398643268,0
1.27017432492664,2.59045218626826,-0.0642852502192977,0.205497417528975,0
0.771457007620746,-2.08967711843791,-0.0121369809999107,2.24332506711815,0
1.24365245837762,2.6299864408413,-0.0487768449423237,0.279966965032313,0
0.598753619783876,2.04495287797583,-0.0115351905962234,0.224596959263983,0
0.80441109422046,-1.24181810715997,-0.0423735263418318,1.90258225447819,0
1.22043568136438,2.68602198874947,0.0351884406430724,0.307429361497658,0
0.583478546310014,0.33017393569115,0.103449101009345,1.47860049991618,0
0.555366156856624,-0.696407656458407,0.108131305272988,1.98153290197247,0
1.49896767539551,-0.840987668853602,-0.274074588613968,1.6015853249796,0
1.54368109211871,0.230051188881914,-0.276212842039656,1.00451205171835,0
1.42219099987629,2.58614935867285,-0.00970797253284256,0.333023391554536,0
0.637082006238266,-0.956557963883225,0.0454660690770473,1.86315247327781,0
0.892250300350126,-1.65390321974383,-0.0631315332285163,2.00876070485786,0
0.449951503682435,1.60560017167674,-0.0260957580129889,0.295249251173808,0
0.64419796213588,2.00301137888833,-0.0677156710738117,0.157179803535004,0
1.57559114038638,2.92052130884595,0.00826160940958941,0.24324817551873,0
0.688861253044926,-1.15831190328709,0.0133125115582255,2.13721654869076,0
0.993110051277253,-2.18089112157995,-0.139862215898281,2.15194928001014,0
0.689290755198006,-1.80248656800591,-0.0320462970099456,2.25579561769643,0
0.578158545245935,-0.673067661970959,0.0527291843990746,1.74138216000274,0
0.683983245437672,-0.868737850879912,0.00767513902125457,1.77027675673113,0
0.572595611053996,-1.41591623175777,0.0599198557719843,2.1607163242368,0
0.630187346816536,1.18649668749082,0.0715754326924659,0.852857833525384,0
0.701093894099591,-1.60730333448677,0.00354740016290701,2.12068434762512,0
0.761760678555737,-1.82897990043433,-0.039055994235003,2.26948328671451,0
0.556956550789014,-0.409706247079756,0.0649420417603362,1.74136824075509,0
0.632313425745457,0.0553610657233752,0.0657091968825486,1.58058525183849,0
0.707798690227,-1.51820258473024,-0.0172157075975481,2.02735984614388,0
0.898779956615518,-2.29450204807401,-0.101142771332785,2.16539374443844,0
0.70231357191106,2.00318871918554,-0.0120161384897769,0.289173282400295,0
1.18505172610912,-2.57932240053476,-0.208360509440194,2.42076582836518,0
0.686821212390216,-3.13708102338544,0.0177537486821701,2.85451812833866,0
0.737157088196259,-1.69062591039201,-0.0200071501048941,1.96412458180741,0
0.541361406176143,-0.246885922900027,0.0882322620175279,1.80437389524977,0
0.592694675252803,0.206361646748382,0.0670649911812858,1.41426085929937,0
0.69946607982034,1.72329240133387,-0.0307682938970696,0.288352229651524,0
0.603147355902573,-0.329952117089012,0.0808842583366817,1.76611753050585,0
0.615417572126291,0.0583920139888616,0.0691383275655573,1.63165607535608,0
0.885265302981349,-2.2698785107878,-0.0795551926348417,2.21863750373166,0
1.49530992556044,1.07868444250122,-0.2386609357827,0.787312841350414,0
0.527779957412675,0.867836502964029,0.0946088607216174,1.14292195972741,0
0.620339129843764,0.311050291360016,0.057658920349093,1.3633808455237,0
0.543846537547171,-0.458694278877806,0.0858285580053854,1.75848052460698,0
0.594814669319647,-0.202850719483804,0.0693100149901395,1.70117151684377,0
0.572206056283711,-1.16201308728292,0.0471683501867518,1.7520457635339,0
0.947503487431369,-2.01155747730337,-0.113795530098476,2.23570081372732,0
0.52496281822072,-0.177979208031938,0.0844745407548577,1.55578116487758,0
1.10296026734857,-2.32515693539297,-0.146664053741078,2.33108567222814,0
1.81269472730944,0.709878662183202,-0.321591793048564,0.774244557003579,0
0.650733680463358,-0.55616200378455,0.0516715636910721,1.77772205268118,0
0.534757527954234,-0.64293140754846,0.0915665824038078,1.74342881894135,0
0.683192703399427,-1.21508370179584,0.0235723333687843,1.99767642012155,0
0.687046536544166,-0.776435379503719,0.0127568270036122,1.81660672324971,0
1.1247663333486,-1.72588409209767,-0.173695720763308,1.99035622232973,0
0.6199523407519,0.74772576562269,0.095373391118751,1.21906163886965,0
0.598673516830487,0.0612690493970413,0.0814918000449016,1.78777727323833,0
0.608624119768639,-0.862847591336294,0.0609312021648301,1.92814285912727,0
1.13516180531482,-1.99693489839243,-0.16125630731656,2.17106683829432,0
0.71590106191271,-1.26808767910785,0.00324032721215209,1.96634314463117,0
0.595279327873899,-0.630442060150393,0.0584517218776907,1.73809232258139,0
0.646429173631108,-0.682281807621404,0.0236110786088784,1.75442828901272,0
0.52484831269635,0.474771044566003,0.0988171700626218,1.45914541207382,0
0.569451529633622,0.00325428504996,0.097164317877349,1.63396268741279,0
0.913086355692452,-1.8768073843588,-0.0989416524568345,2.20036937810287,0
0.637045709312642,1.81432431326879,-0.010959358184824,0.316309828772526,0
0.995628370893471,-2.90934644452418,-0.0960426843211285,2.69918817881034,0
0.609163799011885,1.19411486509148,0.0680885176322559,0.921295471156875,0
0.882697378540728,-3.26072964503716,-0.122852984046708,2.68480611867078,0
0.588171679071465,0.45880799142298,0.0677686264664238,1.208880156029,0
0.735429492974999,-1.37000305541455,-0.00831111961515036,1.96930741059693,0
0.841689906719057,-1.18530211304907,-0.0547841194564612,1.8734481898511,0
0.664629569798931,-1.88764242936645,0.0155942680284143,2.10329600103274,0
0.571579949910406,-0.0465162464618213,0.0804731251559759,1.47774453982331,0
1.20019583417084,2.97767148193747,0.0766932821289106,0.365584708791413,0
0.795406110892298,-1.23136069767311,-0.0508447599473436,2.12657214312795,0
0.574947602591428,-0.43527709840229,0.0829744980682805,1.79477994437888,0
0.635605439099295,1.83807073311447,0.0265101668960122,0.390044319538818,0
0.731110386033013,-2.54341040100684,-0.00245927740295523,2.51826923709569,0
0.731804066011462,1.84687762474835,-0.0431672942188275,0.292879621819963,0
0.625856493057249,-1.07098665048347,0.0231555958565887,2.1936120564915,0
0.586275647304739,-1.03475537476752,0.0522657964517239,2.04993523523847,0
0.568608351372325,-0.723385388193366,0.0731535186432834,1.88931612231852,0
0.635880387115293,-0.450285471598967,0.0650046759921591,1.76112910976197,0
0.632307581827821,1.93342646268069,-0.0340770700599875,0.274677657190904,0
0.681964246504953,-1.62055067902896,0.0167473337799921,2.29931039524349,0
0.863272709684219,-1.60480131386795,-0.0644205040426909,2.07641723898636,0
0.832796973853982,-1.62703937132054,-0.0554346382874708,1.94003116164962,0
1.25643370596856,2.74094389981695,-0.0540822699276972,0.234283204698669,0
0.593893274641605,-0.577858967249502,0.0907162595110722,1.85845828710091,0
1.43586844267984,-2.06094692358818,-0.25750723379568,1.87561826779479,0
0.628771194528198,-0.827697614291894,0.0291695529642493,1.82876686796763,0
0.50986643172941,2.25085658241967,-0.06070004408996,0.155173009033143,0
0.495937279840595,0.711585319352535,0.114905953260042,1.18518730590949,0
-8069059.63576604,-2541697.5545634,-0.0892089413111966,0.175249836956026,0
0.582589854724441,-0.0403137025470237,0.0698204947933649,1.57068451377886,0
1.48514454167617,1.72505589773117,-0.196922788991203,0.464124777505431,0
0.700738132854675,2.07942581968192,-0.0204280287578366,0.338663504986482,0
0.608866891865432,1.47094354050748,0.0264426359519435,0.53146377885907,0
0.643030340583389,1.53923727245151,0.115236939665628,0.958921722338567,0
0.596171431653759,-1.18828407934357,0.0239569673334819,1.94219204346314,0
0.671431657780498,-1.31793769666375,-0.0141964927039326,2.02581775857945,0
1.2495015878742,2.82397384094531,0.00149794296246343,0.359657089106811,0
0.802326770507275,-1.77975692167819,-0.026318424552568,2.15817061606142,0
0.825189043476635,-1.58642029367337,-0.0378409576775121,2.11097630593244,0
1.13861018297458,2.51722282889373,-0.0360362735535889,0.320470423704731,0
1.55894184273778,-2.31143819120643,-0.350478887190993,2.28878870861929,0
0.621831194096004,0.100638027797933,0.0438920444593008,1.5904891115588,0
0.514945908064061,-1.00844602618442,0.0840263070235813,1.87513707025781,0
0.525095667722992,0.167790849417572,0.101391220821756,1.50979949412085,0
0.587575310753703,-0.791945844507426,0.0527084963215098,1.78840099740026,0
1.41513165515002,-2.60501750708787,-0.258382214308189,2.27302678518084,0
0.713725093173167,2.22698829332123,-0.155514007820074,0.0645566955197497,0
0.541472374944946,0.347857989031153,0.0864148276564868,1.33938376567239,0
0.560808018263736,0.101986446650499,0.0834480497426196,1.42773992962474,0
0.627021997148894,-0.666671482913119,0.0497796633550798,1.80188744780135,0
0.614047054028241,-0.381296244856834,0.080116178608518,1.59063936522753,0
1.05993610517151,-2.51652121013539,-0.198623033037719,2.35618529896198,0
0.803559863367924,-2.48211210845252,-0.0602351017242967,2.29788829842802,0
1.32388748691281,2.46109684867764,-0.080921270274958,0.303286341299139,0
0.59820250245246,-0.661247373073397,0.0778016601063483,1.91646832672329,0
1.49165850601094,-1.29561658999409,-0.283552094697941,1.47766499616079,0
1.08560417256416,2.64951847063412,0.00209528773678951,0.369853596207146,0
1.09585616592584,-2.73065357844976,-0.175826445460948,2.4891772801589,0
0.763935321907658,-1.61691001982277,-0.0184971702017039,2.06090068155849,0
0.608402988497413,-0.584513361358907,0.0422968000857514,1.84432621460766,0
0.936353776758853,-1.57535779632715,-0.0813731842509075,1.99826597525717,0
1.03380425007934,-2.36027709276623,-0.137312833741261,2.1660138409981,0
0.550524773268422,-0.694133173495317,0.0694739049205414,1.94875226027213,0
0.917847329358471,-2.63790651644488,-0.100265365513881,2.41405248614835,0
0.53719559214649,-1.46847279557262,0.0797977821030328,2.18213606376351,0
0.879122180891304,-2.63670926250474,-0.0616714159851511,2.36053149662338,0
0.768922918777136,-1.04266411535711,-0.0123076419930631,1.90849090450952,0
0.437544221868706,-0.907466286736073,0.110700583097742,1.90710379312214,0
0.960342601388101,-2.19551391260199,-0.10179559478056,2.17492831115466,0
0.67486394282164,1.5498185814522,0.0877207380927485,0.942486622396165,0
0.612410198292179,0.555417260607992,0.0786338524762951,1.28266227975884,0
0.532782680461397,-0.491144491519652,0.0856738490140422,1.93818651368691,0
0.602190334626044,-0.802330566032529,0.0470561838444471,1.85853534192553,0
0.590811871954427,-0.181719099909826,0.0652968898391528,1.60222804170334,0
0.682435575125764,-1.2609869478024,0.0182524558497306,1.97933747873995,0
0.533154442338717,-0.25192711352658,0.0626147406198169,1.57580067114971,0
0.559707697172487,0.696107113247927,0.11351748867157,1.2589621172678,0
0.670714579568874,-1.65679318018689,0.0170403371498905,2.17383499231845,0
0.556675629820137,-0.653725835009827,0.0754689098656908,1.71759679345732,0
0.627044173336824,-0.593012258266701,0.0488537123204546,1.81803912945835,0
0.5599499205813,-0.142883306892684,0.0817701350558211,1.65239856253605,0
0.833403405373233,-2.48532105009904,-0.0982945646497406,2.25852867425787,0
0.776623645192091,-1.78679907786243,-0.0259121845070015,2.24453852141936,0
0.876995962293919,-1.18536635665281,-0.0709227771489669,1.9161849479031,0
1.74431875915971,-0.665771430168804,-0.355398152329885,1.42921349586444,0
0.702980499167303,1.63824062072282,0.0966946998149252,0.931102211063576,0
0.679256913588245,-1.01207648407887,0.0207048043074373,1.97168086457808,0
0.538224737896934,-0.24844505728988,0.0952766573935841,1.65566919360776,0
0.563005383957972,0.359234424421319,0.0676279306338804,1.34204111129573,0
0.585832582304504,-0.33395438764041,0.0818447595740368,1.6867286588774,0
0.548914012176823,0.231432626125408,0.0933805061105926,1.53428621187663,0
0.664386459379607,-0.931483320506171,0.0227493127385092,1.96020055446117,0
0.64007144768715,-1.09601187598499,0.038129005355537,1.83936068382559,0
0.863671320534871,-2.82589676286519,-0.0994697562916795,2.54476750719888,0
0.540144690146221,-0.0394300858992665,0.115496666744609,1.62837043141019,0
0.604202899760647,-0.641285845880082,0.0378273131233217,1.71946652820133,0
0.676851791128916,-1.22894590087384,0.0348366646153463,2.0226983088728,0
0.635590550531572,-1.09248723900177,0.0341087063056987,1.87572417159674,0
1.22752512978704,-2.78066771079472,-0.206966454210401,2.3285788049424,0
1.13616382201466,-1.44677699998621,-0.195094942015282,1.87111702045549,0
0.605802878864682,0.254517452803286,0.0619721505110053,1.4081058269201,0
0.740840596693329,1.85605252573203,-0.0132359989920501,0.317225148501394,0
0.62269968645159,-1.35276205940396,0.036442431690756,2.201960913429,0
1.54275217214954,0.202681967457666,-0.292298133506971,1.25681074456934,0
0.710503166906306,-1.62230756219076,-0.0114058868656371,2.04539709475609,0
1.11582974151512,-1.95920265769361,-0.165229253206689,1.99204922243938,0
0.700989263635097,1.71979372183815,-0.0231863073594579,0.304502966941181,0
0.598136137628334,0.337896672130343,0.0851561130616586,1.31547645046681,0
0.660539994314788,0.204255470161864,0.0603409361228757,1.50258452120284,0
1.07291534096546,-2.45446220110282,-0.146088501305034,2.34439214177805,0
1.35610076890184,-2.72287670105105,-0.275988015885935,2.39454016828204,0
0.9799893351483,-1.83008960556315,-0.141944118241012,2.11934142791418,0
0.646124771167134,-1.02256795065251,0.0223163806842327,2.03523669516921,0
0.889684196342898,-2.88576990055074,-0.0501083065532257,2.68764085436086,0
1.5476230738333,3.47109473910749,0.0383966619169092,0.272289342036231,0
0.565339314840772,0.199989027428231,0.0666348895359247,1.44793820961383,0
0.693529191876064,-0.823771050308911,0.0394250592839906,1.92773400198805,0
0.550316573418274,-1.69761155183947,0.0540115078958738,2.24915662141815,0
0.518042599836976,0.376827413347082,0.106246034628838,1.33423065957849,0
0.582987061557246,-0.262019094911647,0.0637550447669737,1.59662038249804,0
0.670358686861951,-1.18385833828608,0.0124460734545139,1.935629478362,0
1.42683311445715,-2.98957379818111,-0.29579693612066,2.19902585124794,0
0.615604647825458,-0.326562100509266,0.0603373105026925,1.49241802425047,0
0.538416404124916,0.229612454126472,0.0977134669161488,1.54445688468807,0
0.481026900269908,-0.536448891987128,0.1231483584852,1.8615838748032,0
0.516665427087333,-0.0667453702743619,0.112120635229645,1.53442044075245,0
1.5345341643368,-0.33897063692583,-0.318693073275962,1.32875654456951,0
0.63933323183649,-0.692561344572786,0.0312306129204406,1.82083713841485,0
0.882399086570816,-1.85863300363154,-0.0630445153969538,2.29258434984481,0
0.749204680726879,-0.892556502653476,-0.0169493458145213,1.79514443355002,0
0.506923398052728,-1.136396604209,0.0771298431893914,1.97629712498157,0
1.34395145044399,-1.21045306275265,-0.252682288555471,1.86353899018634,0
0.782130627664651,-1.65051043294033,-0.0781220769682271,2.07790171699478,0
1.06910091897825,-2.03549846719005,-0.141730642390684,2.1813739844734,0
0.520451369730011,-0.645178322806325,0.069543308845224,1.88916140870182,0
0.537730032429221,-0.183435867185595,0.111457837013315,1.6878457787428,0
0.704232918644192,-1.09323544985196,-0.0125255919089821,1.87587573277439,0
0.800954379930808,-1.7294403767032,-0.0592171428104228,2.10467338583887,0
0.575329875497258,-0.364806272189865,0.0804284299643352,1.6642150041244,0
0.91031105290264,-2.7245095804468,-0.117275535505829,2.21707367015014,0
1.10625280739956,-2.3630756169509,-0.181686716990707,2.40282066579015,0
1.12902953764496,-2.43715537328888,-0.201841521644184,2.18570467070678,0
0.539462192090926,-0.215638412696513,0.0881530770346222,1.71126381570036,0
0.963418206075038,-2.30185721835108,-0.110933073145204,2.33662308942096,0
1.1279240281948,-2.2997603369537,-0.12571748394145,2.1094622782643,0
0.780967549483779,-0.786046559417277,-0.0535449075814343,1.6488711174939,0
0.540123665203491,0.444334724940971,0.0916571135828705,1.43834744785942,0
0.60011571833673,0.0255012865673854,0.05915291642656,1.41464073647897,0
0.547581748957722,0.349568701611756,0.0899858829966953,1.34686890148918,0
0.689288754709828,-1.00122124947479,0.0169301184024089,1.95993595615478,0
1.3936941539529,2.17762235857563,-0.141895055071762,0.345441846928605,0
1.21373283028288,2.80378387759692,0.0445634464147453,0.436239890601461,0
0.61868247034388,-0.278205683284802,0.0449432858848544,1.76985184648443,0
0.836982157897596,-2.4471834669652,-0.0729955291317483,2.27198236532299,0
0.618259884432812,1.54481926215379,-0.00133628527498875,0.487387294128478,0
0.563051149084272,0.168257526267632,0.0991673518258551,1.47711918583861,0
0.589034950715061,0.167394316323246,0.0875642085892228,1.52878379794024,0
1.02951805689588,-1.67296772840257,-0.144112524224354,1.81420430985671,0
0.977533845554936,-2.24735456385983,-0.132412172128123,2.32899541446703,0
0.602974176528335,0.758460389858509,0.117361202341379,1.39898966767508,0
0.863085683339243,-1.59554646273552,-0.0575245502800499,2.18045200415214,0
1.66597120560615,-1.76800747972096,-0.33675566229009,1.80263145481526,0
1.05537005770807,-1.94401088785617,-0.144425826570212,2.21117793295933,0
0.601917098152092,-0.152767412618945,0.0643959400464296,1.64676716654691,0
0.730286090760508,-1.66456143332553,-0.0181371175996935,2.10224385459659,0
0.57785378667234,-1.00783456467087,0.0582865257326653,1.81151298151023,0
0.60368293571581,-0.334245841504642,0.0598486529559123,1.64591966952522,0
0.760673401826579,-1.0050404975993,-0.0110938175541225,1.85725620565216,0
1.32051709335949,-1.81000464260909,-0.273940158616241,1.92165677299535,0
1.00338412891273,-1.82159223738781,-0.0984444752606759,2.29322523248034,0
0.669785107330424,-1.66213933745149,0.00510336073702125,2.07545884470726,0
0.596680109631221,0.0497512198620651,0.0665454857843154,1.57894590447893,0
0.469278725137975,-0.0809717076753979,0.135166907875584,1.5800941309804,0
1.58954411284126,1.44139166918205,-0.292944344860039,1.00716075601671,0
0.96449802471561,-2.2352922415939,-0.136081682710921,2.19720052312139,0
0.551100103910011,0.384044819743926,0.0805646615510014,1.30359240227874,0
0.780786462733841,-1.25220889546925,-0.0261589515545214,1.9792822663125,0
0.786479766082898,-1.41658696542806,-0.0128834437473687,2.05485837675332,0
