0.598603587605081,0.786089904509084,0.0417481264777415,0.544173849211193,0
0.63777356292857,1.88283117036166,-0.0214132335277959,0.251678399254908,0
0.62093743446397,-2.3169710496748,-0.0241599120064536,2.24918365560541,0
0.506151058246493,1.86835254795488,0.183401744440848,1.45170193335436,0
0.639807371920774,1.52143950505801,0.0865406422356366,0.703986393906768,0
0.831580704452527,2.3219584282837,0.200621575728291,1.0619582587213,0
0.629798158358855,-1.06726057872654,0.0414829455316319,2.00954007938036,0
1.36166320713825,0.252340190553931,-0.25691985724762,1.30717901825455,0
1.28522806045447,-0.163606186804548,-0.127933469468351,1.12436659129346,0
0.767719042319335,3.28887900626509,-0.0817730594430219,-0.142954648509514,0
1.32998179231711,0.355180317628955,-0.255539677102827,1.08175934394117,0
1.4301201056214,0.378539166782525,-0.18520916440214,0.913471903315098,0
0.779340261388554,-3.10568605377472,-0.0109180924229266,2.14405587198882,0
0.438077064220503,-0.205313852420695,0.205519066258698,1.40646602647481,0
0.474149430641436,0.713058977787478,0.0754115454759777,0.952154397309653,0
1.2403893476852,3.19841853080282,-0.0423737676103859,0.0984662830006423,0
1.66762114177175,-0.700664322990465,-0.315440647181322,1.54916704170439,0
0.544954969909741,0.715453398759643,0.179460952339611,1.83740188673535,0
0.547871615201738,2.12096111607539,0.18246431530351,0.795152444692943,0
1.01189758297868,-2.63335042755173,-0.0664288002591255,2.22664376036631,0
1.53736273679122,-0.121258182789375,-0.296070403133679,1.11274182258843,0
0.622784094645699,-1.51481151259277,0.0607653964289144,2.11227221998564,0
1.47430813865852,0.667239480583053,-0.259707948862296,1.67239074299506,0
0.722019880391309,1.48020071039031,0.141684765106193,1.17650220399901,0
0.794588864496068,2.23422489125423,-0.133239534426241,0.117208102405136,0
1.4969247331131,-2.20675403814506,-0.291292028890195,1.87986044400675,0
1.29991217346616,2.52889986074577,-0.173259154797222,0.266453747874617,0
0.803833208561551,1.9408177613616,-0.0179507946762227,0.386867310282338,0
0.58581970350151,1.57275881792003,0.0667220646986322,0.491103012839545,0
-2458920.9781106,215816.18117628,-0.195292379627909,-0.0097595736533137,0
-18306345.9186489,5312434.85191315,-0.142893230736827,0.307762739593513,0
0.590837610510099,-0.961148119501142,0.0622406207403868,1.6657462449691,0
0.512854819219561,-0.512017026322001,0.124179022403125,1.98079984443299,0
0.771805772998079,2.06794629912005,0.0286139566331205,0.281462764864314,0
1.80936099984072,0.550583777671645,-0.543279832784029,1.39247377583573,0
0.397545013163198,0.862169216458524,0.162408888820899,1.07946872370365,0
0.800300921289669,2.0363761131669,-0.0792132357789165,0.210688438087442,0
0.60944711334529,1.23037211779649,0.0110163265662007,0.470048570301739,0
0.401692891912549,1.26144281353355,0.166485991140417,1.41169216796788,0
1.1441010943636,3.49630530543117,-0.119184861039719,-0.0268451329908281,0
1.58322732151454,-1.03448796919615,-0.212107771883813,1.56084822139586,0
1.02050059270306,-2.6849695652087,-0.112522339842057,2.08513528533231,0
0.491885845239173,0.165139657294539,0.113024651421323,1.74299837980072,0
0.734867766550846,-2.83763056539177,0.0114812047158965,2.73339562293148,0
0.451591505843437,0.296404729757231,0.0696761352669378,1.23777643256293,0
0.843619907146003,1.78435276379678,-0.0844241436786636,0.290787695098878,0
0.546156744493185,0.145712413936674,0.0971600973209305,1.2510334918393,0
0.687742385785707,2.10210700723012,0.0946841246308736,0.842296995847968,0
0.57220270481526,1.33014131899041,0.127576678541248,0.932248512338499,0
0.742884895900719,-0.754906593823237,0.035307034395752,1.82817119690915,0
0.480245628669468,0.343189341290996,0.180692728909407,1.52571846906266,0
0.486795932712624,-0.0562359828653673,0.135877035282967,1.43377544644574,0
0.523018716109704,0.699291825506749,0.107929226239789,1.45301828964719,0
1.71828349231265,-1.80888382082399,-0.247988808035476,1.40977147567809,0
0.659692107515207,-2.7533076301084,0.00123210607839031,2.85999772346176,0
0.437808256067892,-0.0412884592981009,0.104619102241912,1.56859086932812,0
0.432619653823594,0.544165873061364,0.173403904832484,1.44740004136925,0
1.44009434659543,1.90032036669856,-0.265516594600199,0.524257053216428,0
0.413778823069042,0.21641511818571,0.104594938185506,1.30500857927776,0
1.02727693974032,3.30932543207022,0.0793192148376507,0.359463340890615,0
1.54684338780384,-2.22045012178692,-0.320693036932904,1.76590631110194,0
1.02899380083682,3.69008706102663,-0.10995623186881,0.486821204444356,0
1.15664696705846,-1.43045997813972,-0.216553827646366,2.12220529687611,0
0.681685848539626,1.56845204335855,0.00166563023137886,0.350626393340655,0
0.897060104295343,2.32237347878724,-0.0181281788388429,0.253916067885309,0
1.48650941346176,-3.01084398458306,-0.419194483956355,2.75645751815772,0
1.46203415020358,-0.156083835678118,-0.217041629220361,1.24804567988598,0
0.957340995498539,2.25812300782078,-0.116159945280233,0.22154112317862,0
0.751359422931763,2.13987479421684,-0.000574393752089983,0.288641231876385,0
1.26813902335493,-1.90382130167371,-0.262808063012293,2.11390779450874,0
0.592050451395286,1.67568725289155,-0.0806956215384734,0.279640124158839,0
1.66064087115871,-1.90615633900485,-0.318900073929853,2.10773347424428,0
0.416284817082276,0.202733540397629,0.0882113763696694,0.941228433989843,0
0.62130921617906,-0.694976661079917,0.0375674779911936,1.80870830214238,0
-3239991.47424953,-1237909.6908209,-0.228125491890512,-0.0748293485742064,0
0.756041509024801,-2.93911525354851,0.00611630354282378,2.01240078802853,0
0.665910963840053,-0.846574152435073,0.0281702822231196,1.85249852345566,0
0.51442686134488,-0.487656633984548,0.0837852164983929,1.59127354390387,0
0.761226997726587,1.80687485727319,-0.0515382116335771,0.223165186317621,0
0.511068809421844,0.157838715687977,0.106647660746664,1.71998386165458,0
0.74477864943654,-2.26304931904018,-0.0309096487318391,1.83975270164843,0
0.577879659578131,1.84391318773723,-0.0487386102063053,0.282398689224754,0
1.38584408333997,0.348145338906119,-0.290387438263457,1.42350053326739,0
0.353331031259371,-0.638266983306627,0.117085223171223,1.30357202984424,0
1.64250982900177,-2.05270294026081,-0.358429267745086,1.65597090825039,0
1.70589433407154,0.670077294948032,-0.399521172214921,1.16314072228685,0
0.771665162518632,1.57217024965478,-0.00429156416467151,0.566482059673041,0
0.704491431259586,2.36536178066402,0.00361520784879733,0.493155053793296,0
0.881620244122646,-4.23121863827519,-0.0486879559387099,2.20965148189933,0
0.115616150240498,-2.89100248117358,0.199461099454371,2.46215791390817,0
1.17545801538971,2.53970852754097,-0.148971635435508,0.111830701968513,0
0.397795705660158,0.143439396855678,-0.0228812578695673,0.268616807561733,0
0.609595687715447,2.05395000362763,-0.0472508779958442,0.303155654538555,0
0.841170626632685,2.48517735002233,-0.0285526540534432,0.0915648747685235,0
0.866379633176174,-2.55089951005506,-0.0756377492530653,2.22477606008244,0
0.71463399135594,2.63485677082992,-0.0212489250294571,0.318595184888875,0
0.791602305044419,2.1156004518349,0.00127947550876152,0.421379368034055,0
1.440169491269,0.0131089644183381,-0.289646527836953,1.13040360564565,0
0.409569714144968,-0.807914352531371,0.100949851565732,1.8388543252701,0
1.62560504040864,0.321380932066326,-0.34016344835111,0.982472992168274,0
0.768518846083329,2.36465501911142,0.0262327295115322,0.31368642716797,0
1.40763912293005,-1.64928121108928,-0.302397807218505,0.89747636441989,0
0.483186080457259,-1.23132803097118,0.0729997035897611,2.07214661001668,0
1.50301204127702,0.818360519775443,-0.229643740047175,1.21976656664578,0
0.839687543092229,-1.677976747912,-0.059400769660554,2.5986847818963,0
1.33794901045997,2.47713564232311,-0.482300845555876,1.13481131099484,0
1.01710310330734,-1.58813826062293,-0.142728131331217,1.85727278491267,0
0.622186617024847,1.6603679185002,0.0483785746087043,0.588695749273036,0
0.811696720280522,1.53508623390651,-0.00323817586561896,0.53229956184602,0
0.38103273249404,-0.494082262613823,0.152698446324933,1.43130007289309,0
1.75145793032309,-0.320478497110063,-0.382683882964678,1.19804827622173,0
0.948564940756392,3.12396110499018,0.0391704941886061,0.178378235497787,0
1.45958112174938,0.975278564340648,-0.345634808372452,1.35549119971693,0
1.06511702318928,3.45273647192217,-0.236852311826832,0.941334832754675,0
0.994577417808827,2.28752565349094,-0.0569473263768713,0.262241323076726,0
0.733631510034351,0.121554965991075,-0.0232906341917987,1.68154100969842,0
1.55591107808441,1.24510951979229,-0.29171330987197,0.892671979202825,0
1.41810151368784,1.31518103355034,-0.269616237855094,0.628547791972389,0
-14173200.7558926,-12158210.126095,-0.114247165357137,0.124699115348231,0
0.697623750018348,2.76954850464421,0.0577170603142465,0.426524586056739,0
0.458350219066823,0.889062748841943,0.13894859977482,1.28593006583189,0
0.757568062103239,1.82991334771398,-0.0474662623367998,0.399009866388811,0
0.47152012743884,-0.376963868836647,0.133973077100202,1.87081246812323,0
2.01882734843661,-1.82252321322429,-0.438322954441468,1.45781107677918,0
0.775783155784354,2.07188247322953,-0.00636946831324064,0.367945313667524,0
0.537949659349814,1.77567475733995,-0.111637289069502,0.111782930573703,0
0.126802627039681,-0.232555566982779,0.0838612804511878,0.364150485480258,0
0.814525664323311,2.56517648178175,-0.0290019489534961,0.246229624813135,0
1.05270268038724,-4.94849995405312,-0.120116729834218,2.92802455618803,0
0.477674007174933,0.782743027891578,0.125888490628735,1.27184753775547,0
0.709502391443839,1.45651474177087,-0.0243174330910419,0.423561154098913,0
0.712437408082555,1.64825826276726,-0.0120284537446651,0.523754218232009,0
1.0939437915978,2.00560179377846,-0.0613671067623905,0.424686848496235,0
0.590609504978132,1.38499489842077,0.020562909580139,0.364318046524589,0
0.983591265323735,-2.55351129150139,-0.14459621439576,2.22887379946281,0
1.18434496170076,-3.63403885277266,-0.20521624975058,2.18414435430304,0
1.63632435751875,-1.26298160763227,-0.243270730595018,1.6015127892622,0
0.592242723754672,-0.579718479479429,0.092368072254843,2.02748127011708,0
0.578386756612305,0.505495270494556,0.15426356964824,1.89140082070867,0
0.452999795591732,1.06126487173602,0.109030323997422,0.747567028867774,0
0.790499001896207,2.19890037907204,0.0467225987245258,0.580280432036063,0
0.378460221560119,1.32337920260021,0.157077167121217,1.45878239376696,0
0.500040923817972,0.394283843287049,0.0882272336296148,1.21618664028129,0
0.693751745731675,-0.721394186974602,0.00264934166282828,1.98108210283868,0
0.384323444798744,0.932563724014683,0.168726089273246,1.29057514682109,0
0.367885387065059,-1.17694628726215,0.0217437816506831,1.22869426572142,0
0.57296348267016,0.871509946954538,0.134631224578999,1.52879608098583,0
0.490143943331895,0.0696307433893037,0.142791161086336,1.49702288720427,0
0.702561193336636,1.36015846876924,0.0938700031284734,1.59779105486961,0
1.73309453184301,-1.97206722778043,-0.403789522401798,2.37793935441535,0
0.527752561545642,0.19171132771958,0.117574569572231,1.34321702697216,0
1.76333534860037,0.249026445189246,-0.376009718307341,1.39408277476285,0
0.58732651511505,-1.17783590950995,0.0427565505260313,1.72606294833782,0
1.51049950161187,0.851497801651958,-0.282372338366575,0.872973473467715,0
0.731452598125218,1.70138420028412,-0.0128560529962431,0.395044922794959,0
0.451486787344794,0.195182901583649,0.0698131956646491,0.808701627740026,0
0.646676122999091,-0.844467821309085,-0.0350468054254773,1.9199565655151,0
0.698164241885686,2.73366402057452,0.164226122015805,0.690271467221138,0
0.661334487165679,-3.47184069783391,0.058462763615241,3.0165867274241,0
0.75437100212057,1.8045162776198,-0.0569145234211155,0.23065974955144,0
0.517308715961309,-1.0313093597317,0.261690260776593,2.89149404093703,0
0.503461294453043,-0.529834190624427,0.0793018803251215,1.46573902326642,0
0.662649124024679,2.39039435375307,-0.0236801524378257,0.372011818820862,0
1.50317670142227,2.65376042312917,-0.220909269552238,0.661222545608464,0
0.483794859725909,-1.96239521703283,0.0747123229365966,1.99228427868981,0
0.480603645637476,0.0490080946672754,0.103316914465758,1.20837775216274,0
1.20606611767212,-2.70852165422806,-0.252715716245062,2.35498292349479,0
0.597235685800925,-1.19775660046443,0.0743135711521774,2.23184217086869,0
0.598492561346385,-2.12925542083093,0.0232658934570978,2.17007707517335,0
1.62399191847868,-1.63280516144455,-0.321163430190297,1.57591440417678,0
0.0475049552844039,-7.04611677698044,0.269036148974126,3.51374335412414,0
0.716466540008943,2.47939318333748,-0.035187005889188,0.170837794696979,0
0.489006172665913,-0.330526873136921,0.118406391190811,1.51905985675701,0
0.703691939256514,-2.68798955272663,-0.0769590744224792,2.45775847242722,0
0.62070099127095,0.415400286088298,0.0401688043403953,1.36156579464085,0
0.442241638593093,-1.34607901039583,0.108765031821908,1.95912827940546,0
0.357193119739563,-1.35851587131125,0.227123908370059,2.49046475555713,0
2.13070153736232,1.34017208681681,-0.499565889645003,1.5024502145263,0
1.41950538710958,1.31780496732267,-0.355264422140384,0.94315187564199,0
0.805283204163897,-1.30602521291224,-0.0579154419822644,1.84623767128186,0
0.602915303993271,0.446784550924207,0.0389554948431931,1.34752351597983,0
0.606464745640965,-0.834418449089563,0.0404521431612678,1.79524544410544,0
0.590575161221944,-0.567973718427099,0.0523757455063177,1.67060915508502,0
-4650958.28915146,741511.025678641,-0.104837889954089,0.174071731043267,0
1.47563172152882,-0.0561557684811407,-0.291896704162348,1.82504524430857,0
5.58424380218602,-1.98396184338167,811805.553127428,-672550.625637644,0
2.40107678128488,0.264002345826182,615761.216188128,-566744.123724655,0
0.682305619501944,-0.746486730420047,0.0707281562250998,1.98293441997002,0
0.530709478969759,0.483087494812485,0.0998077291458619,1.49206536085598,0
0.878195067967172,2.15724965955155,0.13223198481412,1.00072759581306,0
0.901015382076593,2.68756055757172,-0.0158622934952495,0.657062490517189,0
1.3583117676864,2.86321423675978,-0.107352577055557,0.117173364900145,0
1.7475506682088,0.464294527668135,-0.286855457102882,0.711792279353995,0
1.34342887876162,2.55673090528385,-0.252834070507797,0.246020616936088,0
0.727385057590204,2.08671698508318,-0.0326607392136442,0.225320148060381,0
1.57304263823888,-0.793369338613525,-0.236894520458733,1.24278375567061,0
0.465012235818955,-1.29307882657348,0.0499975298944786,1.86038113937643,0
0.673712233134628,-1.92317863365161,-0.0466110319021607,1.77672142766178,0
1.59661760615731,-1.98684477653007,-0.29950637905082,1.84137342694051,0
1.40267654267802,0.354359322082936,-0.182024812786773,1.24603230516176,0
1.01798205758058,-2.95642763296295,-0.166817648249662,2.38039883852905,0
0.769513680998315,1.87937858514019,0.217468482503012,1.99005870309249,0
0.416512384059988,-0.164932900341761,0.0762814849051672,1.50377378279318,0
0.657968192453679,1.76163560168584,-0.076148235094161,0.204559818098294,0
-11000079.6490511,-2435516.0441311,-0.0935457877177075,0.101101629005648,0
1.26367373053473,-4.61676100297394,-0.163798482417868,2.39870799554047,0
0.613204329843137,0.0451097767569316,0.0940225845395047,1.79874486609362,0
1.66091295466264,0.301929972773857,-0.260965210579197,1.17867748998763,0
1.38002593694138,1.07857913684766,-0.26404560467382,1.0128368695143,0
-31113.0477908372,45173.1633716437,17200.7397735258,-24968.0162655214,0
0.519546328906827,0.1276621436626,0.0893753226197182,1.38307434242468,0
1.54952326633134,0.3938357591802,-0.405465802842685,1.30214950656555,0
0.771016306820634,-1.60221163363421,-0.0815056667394055,2.09012602186275,0
0.503829973559228,0.898219924697996,0.117552467658303,1.63892237069487,0
0.922288343870298,2.47007462324737,-0.334407393618958,-0.05339546144786,0
1.30400969786324,-1.21356608051578,-0.286099635000363,2.08514177852593,0
0.801171565052953,2.49093192286632,0.010182327219181,0.374851055411423,0
1.05332597542797,-1.53628246983504,12299845.3988737,-56313658.5389626,0
0.368715538450032,0.475663539050407,0.128241845547795,1.12397726131127,0
0.937785544344311,-1.6460670518523,-0.0531332522126428,1.92409494028502,0
0.786854661312813,2.85165937375348,0.103598103057411,0.969447964462075,0
0.505059015534305,-1.23921057618757,0.135368053611805,2.19976733266007,0
1.51073566356455,0.939409986732976,-0.222754372684355,1.11635702322918,0
0.596880251892247,0.1592700751332,0.0311534563737939,1.16284841975763,0
1.30168690412194,-2.59024519298931,-0.229409280027974,2.15753427031832,0
0.696383027742504,-0.842101576173192,-0.0387971544274769,1.61149481265818,0
1.43153473068927,-1.19155932641582,-0.272018872520674,1.26445354281605,0
1.02711654141525,2.35477194342007,0.00652097136946486,0.576924622931066,0
0.882005953273809,-3.83360196669674,-0.0672966520838584,2.64545763158877,0
0.590112751776658,2.10035872342353,0.00940636578584948,0.342901680871517,0
1.76044553431076,1.03633481068638,-0.257391911606832,1.46132505420162,0
0.749480058204186,-3.10015335807978,-0.013167962422879,2.54816594684904,0
0.454273971232814,-0.24081940058606,0.0383596128360771,1.76393867584152,0
1.56219626987154,0.720889914216918,-0.29834410142824,1.26514975181452,0
1.55520199157803,0.603096921849461,-0.328562721430874,1.76692307843345,0
0.932818428610668,2.13232498727025,0.00215707061766459,0.533572819723988,0
2.05143150286319,0.650940005945783,-0.420468913885224,1.16803349512918,0
0.504862183402039,1.6167837134027,0.0225471792004032,0.522772445662441,0
0.605651263620232,1.67202214477089,-0.0971835481565792,0.0260959419602229,0
0.609626222134621,-2.01317849765141,0.0357114086357808,2.12737094691283,0
0.846714689581519,2.08296212340205,0.0386652282935085,0.400747592815926,0
1.61442556604743,-0.516686106473207,-0.19189835563302,2.0674586199224,10
0.403967573370408,0.0127723079262264,0.14479643243184,1.33768008099356,0
1.21619074712595,-2.19831635623385,-0.19205064491051,2.76250597003156,0
1.51617730967786,-2.56123412261376,-0.224114689192402,2.00847323527623,0
0.58773632219824,1.59411963616337,-0.0586639409964784,0.417708228644528,0
0.639716817351116,1.81934214305213,0.0318626688800306,0.410081315405576,0
2.24214870915873,-0.517682239834351,-0.877261305343853,2.39374037059703,0
0.694399761636903,1.75126089868975,-0.0646438392010328,0.353040829058752,0
0.723096368389128,2.3748953501009,0.0331146847099323,0.4117062421795,0
1.89015278201639,-1.81612106493614,-0.344928060559507,1.53002746517971,0
1.46561146212011,1.33578425433641,-0.252415886711326,0.787443372994818,0
0.474966154403491,1.32901119777481,0.141643648820276,0.810592518730778,0
0.941747288684404,-2.62338079590401,-0.100792964471281,2.03784684781825,0
0.545543564847175,1.10151356343526,0.170809382090635,0.895652682077458,0
0.624962959097204,1.56172209797346,-0.023134079498674,0.33042004871905,0
0.558532376657966,0.759610029997365,0.0140140393952494,0.53082862647574,0
1.53736000224704,1.40726120349734,-0.332520140730345,1.46448286070596,0
1.66587749825513,-1.967927886723,-0.454659677992068,2.00080621816433,0
1.34850424656396,-5.11186305242922,-0.263684659085815,3.64161537858268,0
0.522282962865537,0.0631197953746915,0.128632111910044,1.9378992407722,0
0.550999249279278,-1.47668496597184,0.035082348833824,1.70044887018249,0
1.27930311578272,-2.50464325261692,-0.213672568556582,2.21656323528981,0
0.560932965882751,1.3095859765677,0.0448014887511319,0.42844480622146,0
0.335473449899532,-1.40073568065911,0.129397185813759,1.75798476443704,0
1.7607591893646,1.90156463648266,-0.449662458522748,0.630186497453929,0
0.594603360070128,0.100159915390998,0.0993204199569055,1.39976709857315,0
0.746585117798786,-1.73741867606425,-0.0280657266489559,2.03477481054561,0
1.12744758669494,-2.13577576161385,-0.161644800683641,2.63139807678079,0
3.02891802711868,-5.78081083037539,-1.01524370864062,4.07940133923934,0
0.603953887639526,1.70384528529076,0.0659670961284629,0.5689898983142,0
0.812615442644258,-1.56607670569997,-0.0673421084623409,1.89015565679623,0
1.44259991491435,1.60492406649007,-0.18237447017162,0.866916834244607,0
0.710462201751121,-0.423711647615002,0.0424385719735043,1.50450624264933,0
0.67226039050264,-1.10843627544912,0.0555337626083347,1.96207592023001,0
0.519668400563831,1.71072194306604,-0.0200914606067393,0.267117437568335,0
0.522129432195262,1.60756038549943,0.156214408617995,0.644677444327339,0
1.14255362827824,-3.58205903897345,-0.267151914889023,2.78719997053913,0
1.27493811293125,-1.32112099272956,-0.19339223163357,1.6955262555617,0
1.04777453101946,2.08376633835015,-0.148330047015807,0.173711376706175,0
1.27789473017378,-2.29464494892495,-0.375670029227263,2.59373157784852,0
0.60167889912916,0.759992089360701,0.149612041654026,1.06149938785307,0
0.464597442176314,1.68863813606593,0.0355496574882853,0.356257898125718,0
-1.19083407685657,1.69033704216539,-0.0763510698196617,0.233613525592027,0
0.657625091745927,-0.418275177453943,0.0560761318814146,1.51010874301673,0
0.532533104815219,1.54933684129211,0.0888777870844949,0.720860828127426,0
1.22827875387412,0.772178279396112,-0.106577786456016,0.74138271348182,0
1.26295167585346,-3.12054413457465,-0.184659822334904,2.48509454191478,0
1.59244439015768,0.806977753604242,-0.273531905871158,1.06878487642402,0
2.49414234081777,1.88371837408032,-0.528739516445311,0.966960328543208,0
1.58649458004802,0.0664677563158973,-0.351338281582716,1.68252293028094,0
0.776127049377132,2.18794592826149,0.077672373287567,0.508178863413154,0
0.849616589035343,2.05699936965078,-0.0787242237656578,0.129706564989427,0
0.221820321327756,-1.59419507671137,0.138958293208085,1.61043953852232,0
0.842425837730676,2.29198715418273,-0.119328915043931,0.10780805312436,0
0.461853629355009,1.34756611452965,0.0539226003107749,0.630470426361218,0
0.64116767496599,-2.16282796705863,0.0115430433987726,2.01248681051452,0
1.61244529156694,-2.51869960957962,-0.41256099796395,2.60802913588976,0
1.38104565628698,1.28044118782828,-0.248496521251939,0.906629802720822,0
0.863634444062915,-1.22531312888722,-0.0799717554724887,1.91404072363493,0
0.93119667158184,1.7374391490701,-0.103493881909234,0.459074643325603,0
2.07736691724704,1.44337495872768,-0.541520972266651,0.786957696597116,0
0.594246797188499,1.55962000272913,0.115808016581644,1.00686930336067,0
1.4545826046984,2.04103119514095,-0.233362958689362,0.485875028104141,0
0.938893953700937,2.29902944302991,-0.0626178713581085,0.272923011366832,0
0.647684587336487,2.09594821445046,-0.0230138895390629,0.275205946155372,0
1.04471199944372,2.37622896247584,-0.0923704565960889,0.258690764780978,0
1.30123243566576,-1.68225196125412,-0.258677315990645,1.39459845174831,0
1.53068166024485,0.0779481864328104,-0.312111836014869,1.24860506878767,0
1.70156524048165,0.50833896868241,-0.216358428710698,1.33433588190632,0
0.554741061605912,1.27552289378564,0.0196570763706799,0.418106554112128,0
0.887539657178742,-0.603739518621815,-0.0520756415380856,1.75637330409528,0
0.945425455488377,-2.33839632276957,-0.0544924536335109,1.976150603518,0
0.452752138114665,1.78638315636037,0.163963389347989,1.31930605800907,0
1.69200718997914,-0.725397242529913,-0.293897152549508,1.60943603522234,0
0.64403891072154,1.31143523527641,-0.0519581982487501,0.341588532797554,0
0.682686934836278,0.654058400377547,0.109490285990235,1.29218653043047,0
1.05964659947663,2.57372791006138,-0.0570554817790468,0.254873224119414,0
1.00520655766175,-1.69134180814616,-0.0756832770756649,1.75880366591578,0
1.40285719366777,3.28534861373124,0.0274805715395874,0.236056340320443,0
-2544737.35036543,-115610.174128046,-0.148931426532552,0.100631518118546,0
1.45716638322414,3.56253761262199,-0.430099945951555,-0.452850916574849,0
0.401987677007148,0.0805425501922995,0.126170326130627,1.32670386134692,0
0.670141486690805,1.97327304411843,0.26768346593695,1.7615719517946,0
0.890503970646979,-1.57131241491862,-0.0503048814907206,1.80234035408112,0
0.165499031681062,-0.791389182695328,0.0877518544581481,1.07352486818706,0
0.478639052151519,0.243143800989486,0.0814866410597777,0.874174465349756,0
0.516833612663372,0.774631982985515,0.141943692870141,1.14321574467903,0
0.675938915875746,1.56591279219161,-0.00752140149912535,0.436160193544062,0
1.63247424677246,0.165827358063301,2889913.80257396,-5042187.52734691,0
1.69682160512645,-0.161622745780446,-0.343002284248974,0.625444024418848,0
0.679702228684847,0.0838460832403979,0.00927337103202503,1.41552857095708,0
0.297789786199967,-0.685316592885342,0.130127983144714,1.38090273988523,0
0.596167931456263,1.23229472739237,0.137839637559997,1.51805352179012,0
0.79972217943718,2.32343624653739,-0.021895120685879,0.117535929107341,0
0.65829921487708,-1.40144833681621,0.186698306081181,4.29729625044711,0
1.48488419799151,2.89014176500983,-0.100132260801919,0.166587780477525,0
0.64273150126168,0.340230655656925,0.0972232181427329,1.42647698756325,0
0.5016858539301,-0.365063364634762,0.0620875744127373,1.70316791291556,0
0.791400014846471,1.90431893011237,0.128744066396195,0.828671121807503,0
1.46972489814352,1.03526770679803,-0.2175688702676,0.845120292259719,0
0.97392299995973,1.14889221043477,-0.129880741651866,0.602670967943507,0
0.611933410158781,1.21766804868778,-0.0716611875881889,0.297944703757762,0
1.58468462195794,2.35666243446999,-0.255378477475902,0.179434669083033,0
1.05593716667096,2.98290354817067,-0.066519407697742,0.0823565199791613,0
0.491853670109743,1.677318074536,0.0111332597556722,0.286450279028913,0
0.879171302552184,3.25449938757607,-0.0326106245446551,0.0394068062476241,0
0.547633202217483,0.490692192264483,0.170874623888511,1.54775693605805,0
0.494626699437111,0.962726559850918,0.111594827587406,0.911132756968564,0
0.491858256148513,-0.435212403748849,0.197630463226543,1.73141667091843,0
1.33804564560924,-0.846407581641734,312867.024891711,-1146841.22393452,0
0.601429460851674,-2.02223541002352,0.0459339542510097,2.21513508035992,0
0.625299768320427,1.66395620857882,-0.00279574177464614,0.390328200671025,0
1.81863818189399,0.210637003685148,-0.302013972540914,1.38057991045172,0
0.78294502349968,2.55914056469839,0.00496147991531368,0.228983737621389,0
1.04201315908582,2.69047094202744,0.000818745298826597,0.366971141751064,0
1.1668434885779,2.67260714862954,0.0601506942043172,0.526916411758489,0
0.95099731690567,2.34440769917438,0.0356086310977315,0.382740683571093,0
1.88249937711884,-1.4829494003954,-0.291063554278618,1.27419080386111,0
0.522466511100445,0.158934767093968,0.103719328679984,1.41737934203786,0
1.2412839364523,-2.06016870015807,-0.204600440720443,2.02391631374319,0
0.839693773308624,1.82745509973457,-0.133174201448672,0.201638405988928,0
0.584374994945342,1.58933686946005,0.0458751236372014,0.563243485090128,0
0.733678461356951,1.93352924298356,0.133391852996859,0.905787799189159,0
0.471966607962063,-1.24430601155533,0.105619692258739,2.04920254330507,0
1.61709150531042,0.512645098448917,-0.140624699984378,1.06180058408896,0
0.829410392447358,2.6688581186207,-0.0685290660398197,0.232763924154873,0
0.758527277136058,1.42252590262651,-0.079762946208813,0.48956709272543,0
1.97506513976089,-1.22282127972136,-0.387112283681438,1.34049247838072,0
0.722075239852238,1.86473151291754,-0.0774261173801994,0.382757594139621,0
1.52766438537534,-0.165961548388162,-0.248633935057256,1.61709686076548,0
1.46868378651734,-0.474413943865711,-0.246556149962603,1.35427224329749,0
0.791779126125142,-1.39449396644943,-0.0347296800725096,1.97989482485134,0
0.424265793713833,1.05082449624224,-0.0700194923111479,0.221132453645939,0
0.633841587545487,-0.646604176609556,0.038573643838499,1.85604708506063,0
0.946082884515801,-3.55496198667039,-0.113660177975743,2.87700148534852,0
0.710122910604033,1.69256932046545,-0.000927256889352791,0.467606748614191,0
-384878.047230637,-209625.946236208,-0.0915695059368185,0.0535612202794058,0
1.30309404943954,2.61518763404763,-0.119642903470712,0.342245534366672,0
1.64483649085738,-0.225450215426358,-0.26714665607671,1.45051335121499,0
0.342990530062202,0.309059173883692,0.145416201325733,1.56528207503327,0
1.06716086783903,-2.61984068295889,-0.124303180841547,1.57142128677852,0
0.757376118384715,2.4281405211865,0.00217084000934386,0.113880732715183,0
1.5908947939447,2.31935355012022,-0.328247502292965,0.109566968601453,0
0.440210932986228,-1.13454750261744,0.0851221996846312,1.75501995807988,0
1.16955437316378,2.58001990905021,-0.101662354697983,0.168514650943785,0
0.776459956148325,-3.67518263200956,-0.0132454677144109,2.47086756733657,0
1.83771023197856,-1.78815755324208,-0.355284588470262,1.74880108478304,0
0.706254006879755,-0.518920615841647,-0.01576149406964,1.55250888137121,0
0.537199431164497,-1.5666857408333,0.125417329848538,2.14610630014948,0
0.553997589701148,1.49666944759295,0.00317222241058658,0.495816306581664,0
1.05480451073999,-0.528506295154104,-0.0619784461922958,1.9539005325548,0
0.547826861895214,0.755951409848189,0.124545105807681,1.6200411877081,0
1.40345674569842,-0.0628940689540618,-0.247697391017718,1.0848924493004,0
0.470060427520168,0.328766214274368,0.0968168238096118,1.41880413215677,0
1.37425985077533,1.04216827514151,-0.279899565929818,1.35877243029397,0
0.912206180596689,2.44456273696121,0.155229907501608,0.449042085326314,0
0.607754766637186,-0.296793197524024,0.09059889622016,1.56969050357907,0
-114550787.450524,172043920.401484,-0.286894226719783,1.33246519788887,0
1.27572982890369,-1.74931067292214,-0.209684028368232,1.49708045249007,0
1.25131382138882,-1.76137498492657,-0.131315162743793,1.71883166675071,0
0.654729352360102,2.00895464063158,-0.0251535257486031,0.276781551534288,0
0.709958242667138,1.74777328713135,-0.00246768390973422,0.326957078759301,0
0.643807062526095,1.63607583892858,0.0199074288228779,0.535406385511138,0
0.998624972403486,2.26542379513734,-0.199169493876455,0.0528735143725055,0
1.37121629670747,1.43947553985939,-0.476345519808465,0.946954342659378,0
0.383812424384175,1.16050567306657,0.0420400379450985,0.597087656172113,0
0.925952615564675,2.93647706502042,-0.0285589081896555,0.0808656899811912,0
1.69074800393763,-1.29754546428848,-0.249067190740763,1.56593595021344,0
1.69792117638513,1.8003632089242,-0.314344752254567,0.696660377031899,0
1.61437852820794,3.66459555801078,-0.273549933599146,-0.146361504941208,0
0.513479062624016,0.478548348444011,0.113233372020607,0.881045525950684,0
0.803644891200366,-1.10717284803085,-0.0179309997090472,1.77323197738281,0
1.72707369309477,-1.06685299389113,-0.334202551696602,1.71584301559985,0
0.745648165007911,2.4808012399941,-0.0401189216444603,-0.103375511072362,0
0.574314332753795,-1.06536392824956,-0.0107709627704101,1.5016506279189,0
0.616075246103799,1.47979658171344,0.0330247250343154,0.668103283614127,0
0.528733741594771,1.69522113925651,0.046731752430703,0.384406671863399,0
0.947874908548637,-1.74796999919927,-0.0730739766968233,1.97014197117614,0
1.90757385505234,-3.38866165213387,657768.252030107,-3908957.21598329,0
0.615471596959516,-0.261157898543289,0.0430076996728752,1.47607616446846,0
0.508241970638358,1.76568630377177,0.103924604559333,0.639984221562249,0
1.91333929013811,-0.542496873757412,-0.465420992168223,1.44411495240675,0
-7522268.81681296,1014100.56343337,-0.0443185266484601,0.00759159276172367,0
0.476977688347818,1.41613604951616,0.0228296812710473,0.434886487358724,0
0.45419451849721,-0.554070899820393,0.119188029782611,1.74798188240902,0
0.763148029730357,2.21181578178112,-0.053423024343409,0.154169095734645,0
1.59332497743132,2.71477330925401,-0.220297443421324,0.04633332515726,0
0.480584349217913,0.675801408470443,-0.0281025724404275,0.520997439207621,0
0.477128965999011,1.36672805546714,0.139370955058714,0.99840730410617,0
0.68123564299116,2.04045670951859,-0.0769338671727277,0.0801024537249837,0
0.814611610026374,2.06342675031384,-0.10091390500637,0.339876633934475,0
1.25152345322796,-2.38436430907283,-0.467985359785825,4.91124166710777,0
0.775228110929492,-1.35707427830883,0.010831532779457,1.69848649406096,0
1.99247584429764,-2.36201202603423,-0.366973975728271,1.71628155108406,0
0.823176014728108,1.96728043580461,-0.033527443649374,0.260698780323043,0
1.10268001378127,0.260490106523927,-0.393527721854136,0.00105866090522479,0
0.98486298934033,1.94681951056265,-0.0437022075766792,0.352982986512279,0
1.47645820303934,1.29490553100479,-0.305903384742586,0.827607590931383,0
0.424355473515906,0.697202901859444,0.0314257881953796,0.736839681026721,0
-595751.195844839,439790.628312989,-0.0813140015841129,0.108272244680879,0
0.673489392572632,-1.80078935855656,-0.0076844409755424,2.11362800338927,0
1.94897507792109,0.0706805195379941,-0.389769030032495,1.17279983116297,0
0.279751604421021,0.0173023594998296,-0.0262734225067546,0.223193181331001,0
0.736013485131099,2.21025729560528,-0.0286213172537982,0.352364294369809,0
2.33736373609778,-1.0561474980512,-0.198065974835654,0.439005695101308,0
0.756054900399031,1.39070664376952,-0.0437106329534202,0.285031557207077,0
0.998020076912339,-1.21674442267999,-0.12724242985089,1.66908091118606,0
0.754717232335323,2.39029854034479,-0.126646302120082,0.19511883319237,0
0.644589572220519,1.7872765927713,-0.0371194164987739,0.204598063772701,0
0.616984166038636,1.8285018503797,0.0734042942420622,0.584813924517715,0
0.772379631388776,2.36281163029438,-0.00687581933354618,0.231694284106533,0
0.591965135938653,0.913904370564131,0.18572992551228,1.79347050383137,0
1.12824254031033,1.95569914077598,-0.186656574168474,0.676831991016222,0
0.430228014417765,0.462957370954855,0.149593108947421,1.34769173671461,0
0.652757708632029,-1.60769645878267,0.0671521158739941,1.84128670333169,0
0.565612982617513,2.12586840209878,-0.0111247301281531,0.229430124288806,0
0.658810364693279,1.8229463446992,0.0128744510016491,0.30426906312119,0
0.697260845587797,0.148642047795417,0.079148046944755,1.74013781602983,0
1.68977609363766,-0.0813634596189266,-0.383149237175271,1.45548615200038,0
1.2604650941999,-1.55648014305381,-0.140361792148157,1.51050604308859,0
1.13198887808746,1.92414931404827,0.611293618515479,0.0139075820223711,0
0.379812299238286,-0.398598137686371,0.0923725963167444,1.52911243459059,0
0.38853285813794,1.18312436322581,0.124176672727375,0.701762573269303,0
0.576933037268348,1.82840177622105,-0.0581610156321296,0.190704908180572,0
0.639463535531249,1.28381052027102,0.0451530908497909,0.637692080629068,0
1.35761902866035,0.978029830328547,-0.204482968845827,0.722562447095431,0
1.53292389072863,2.38830365918463,-0.16791812856536,1.06710419621644,0
1.03383597315321,1.95049803384226,-0.024507601452421,0.348273981425699,0
8.10226480287401,-1.04455018508467,710164.359723988,-265448.436385544,0
1.60550684501728,3.26317282679094,-0.331060546239032,-0.0255053627557696,0
1.45326668201073,-1.44133629280519,-0.306560602165097,2.00573858253269,0
0.599006905108649,2.22103036789225,-0.0949331156776374,0.0765831925034124,0
0.560432149434019,-1.17777712772521,-0.00503483688335048,1.73519709465544,0
1.77031932926712,-1.07142293817373,-0.248755004389359,0.712974688480109,0
0.523663566992138,1.76246394847927,0.076015802047176,0.509026584323945,0
0.484552532256612,-1.78656877371349,0.100651177409806,1.95484948475373,0
1.47179576252337,1.04139952536603,-0.25374188642344,0.773843340660511,0
1.20759579405137,-8.05255736455741,-0.209177839767599,4.98334105069408,0
1.82316819655745,-2.34824737000025,-0.378853376717189,1.27378092566232,0
0.994742916343019,2.45850640789892,0.0830889631437167,0.363198622173464,0
0.728965017722134,2.14542411700658,-0.0728396474777612,0.079744188525707,0
1.0317445078328,0.892653646481084,-0.11521512554251,0.902186279713059,0
0.930771069005676,-2.16975336942193,-0.136482167212922,2.20007259678427,0
3.14408470551743,-4.92793588037303,-0.305632047101529,1.10619418338871,0
0.661711634731046,1.90909332531977,0.0579772204951514,0.383164170106743,0
1.32949796683083,2.04563642943641,-0.123136150442166,0.37025800935062,0
0.778033291546096,2.28656105379227,-0.0343819153514201,0.04434068680779,0
0.612532668323473,2.10575655648358,0.0198978050089908,0.402356573604423,0
0.841925851473648,-1.73295039386842,-0.0623576821694642,2.19123906771618,0
0.788985692637359,1.80363365684753,-0.0803607353837882,0.277421434598349,0
1.0757559091232,2.30849538273315,-0.206742572511444,0.0926143805292718,0
1.84891452155995,0.873260588518356,-0.427810316032376,1.08939414163222,0
1.77124132351849,0.0203136399864482,-0.462052950605416,2.11390421997533,0
0.739447213669227,-1.16488700358606,-0.00204273801506006,1.70559813012887,0
1.82447589456567,1.58114296168563,-0.416963807948148,0.738074960943893,0
0.681907720773295,2.2030154841815,0.0324079729473422,0.306434849544194,0
0.428178872605903,0.700035250281486,0.106434412760247,1.05057514153912,0
0.492141236341821,0.667758260075182,0.126555923829142,1.0513434830971,0
1.49442611486637,-2.16463407333101,-0.350512856111123,3.09128256400644,0
0.597641645567927,1.38400112103963,0.0698228744031557,0.705388181970735,0
2.01097683722822,-0.175002130821122,-0.199661062339616,0.997867213039196,0
0.569166895367939,1.68957925097784,0.0588540747051857,0.447303943061854,0
0.571782293063756,-8.02524524496446,0.0892967670521717,4.51294621108938,0
0.397285829950153,1.45953941549744,0.180609819717904,0.904274699891703,0
1.69129057934941,1.45143863332676,-0.407863015823936,0.675118358414186,0
1.14939379150117,-5.0791921929286,-0.149866680023226,2.55772766195179,0
0.525651309745426,0.102600445540665,0.0548877378148838,1.44465172138576,0
0.716254230722749,-0.744195997622201,-0.0273329502652904,1.61394178315801,0
0.484446507941296,-0.0341676342656102,0.0993439036266704,1.4867904558214,0
0.672613730167653,-1.73583368606036,-0.00104927357973546,2.50778859437202,0
0.726380397269661,-2.31069223155783,0.0143062979764924,2.26007798243979,0
1.47127895446849,2.67600319809077,-0.0762509214699494,0.274470698935791,0
0.587541359967904,1.6717702524711,0.0478003432340919,0.478420330179685,0
0.607892973343587,1.13780205420164,0.167180213804335,0.848270425077949,0
0.811575669652791,-0.868724745957722,-0.0257486429499787,2.17467021884605,0
0.439122111338001,1.41088357879719,0.021082025327852,0.480353030263892,0
0.518551441718553,0.359813943833862,0.127876786396398,1.42446669973075,0
1.11525070007991,2.99172833898732,-0.135895342076856,0.0285302170781681,0
0.618199329996812,1.64158354775457,0.0129737441177472,0.411690915226503,0
1.78158735731384,0.0731977599647318,-0.284984086186192,1.43074595070659,0
0.867241982397271,-1.68241095698597,-0.110576464709958,2.39657000486141,0
-4612379.46832234,3806430.27685449,-0.260713897982338,0.0970252828748921,0
1.61214736846685,-3.32738360419362,-0.426368123173057,1.690146614343,0
0.445574082747998,0.064497391972128,0.176326310764962,1.54789243425311,0
1.79075984812992,0.413032971491225,923645.01486036,-1331241.53277867,0
1.03310074119885,1.45625063256145,-0.0386856250719048,0.306483596660873,0
1.57881092969598,3.61777410804372,-0.339447358376349,-0.278219594436361,0
2.90044024318077,-13.5769181434338,-0.507263305391006,4.49889650967217,0
1.52521789392831,1.72904835255558,-0.188262553142846,2.52428934361751,0
0.870734977290909,-1.27869106412008,-0.093977480243905,2.18317772762566,0
0.681106747762773,2.2080003621947,-0.101873945425268,0.104873613483693,0
0.801817491216197,-1.55238980586144,-0.0525984436536234,1.95365327097703,0
-19807090.8421334,3512334.74516528,-0.10685837934991,0.061373476101432,0
0.613217847056677,-1.21074760256832,-0.0488231685479877,1.71751168152133,0
0.754662746124107,2.72684814839799,-0.0397791564883191,0.141415162100665,0
0.86404945703601,2.62424327380791,-0.193098168770769,-0.0900616505926251,0
0.574348331369173,-0.846611869834268,0.040442014164946,1.55697960734835,0
0.57248978005431,-1.04371970796726,0.0814411278067965,1.99657501903067,0
0.707618287346042,1.55233414591234,-0.00400043029551781,0.529976818317873,0
1.64485600995008,0.289373108323904,-0.338126078448642,1.29723857038882,0
0.8944287751861,2.73311425076794,-0.0937505078235865,0.00762311810298444,0
0.690342616738219,1.88782630183857,-0.0615351257826061,0.196742754228051,0
0.759623789830695,-2.3811680634178,-0.11223293757397,2.09868751350484,0
0.628527194649568,1.2066142930771,0.0103592968176496,0.461994316996443,0
0.599660576444696,0.303234031024392,0.0326539489373587,0.732208210577305,0
0.78438785446905,1.67420290940404,-0.0222561875602586,0.196193780492919,0
0.545438010550173,1.32893295071562,0.22876002652378,2.05797070050155,0
0.535279416080793,1.16428921807787,-0.0743944528131429,0.30768560735767,0
0.511664975251211,0.185260398982408,0.0787940130537712,0.999661081331543,0
0.585636796438165,1.6305143058862,0.00849305801399288,0.563843017160084,0
0.567297278271597,2.1124978501185,0.0242403815868626,0.195915919159826,0
0.649004077897043,-0.545880256227818,0.0199974444676479,1.62474742908761,0
0.589278614773339,-2.33657261162114,0.0289889167105178,2.76580592833777,0
0.746623610060808,-1.8605660770449,-0.0288977224158294,1.84092113094486,0
1.04829593101215,2.72034904903468,-0.023685011798441,0.217942176013458,0
0.633928423729565,2.77881308044988,-0.0988808527869804,0.269931818696591,0
0.600856153900214,1.08964151584949,0.131462656085245,1.0743165786413,0
0.63712997935919,-0.393981290711238,0.0587637595831842,1.62872184008278,0
1.57576405634847,-3.84992753518683,-0.136343204079964,2.25096942660368,0
1.50556914890313,-2.38538516246873,-0.295291037082698,2.12423640096839,0
0.498251535875594,1.30154583326922,-0.0291323336246154,0.269255648421348,0
0.489706125807054,1.69143203408332,0.185502009439036,1.11451043635696,0
1.62511118825125,0.560513890115622,-0.377659065699725,1.82939263142114,0
0.614681887463397,0.317966561084945,0.0515065874592233,1.40200715258357,0
1.68915556024993,0.0115667805857542,-0.346750592894123,1.93831726208795,0
1.32673775762329,-3.13959661172331,-0.150199426328988,1.83916290078501,0
0.570637094593666,1.57295927990336,0.0877467198684234,0.557860609711419,0
0.623309620363451,1.81993898935911,0.145116444438247,1.39877808904888,0
0.574809889538126,1.65558630389201,0.023998947725468,0.490259976164559,0
1.51416731422214,2.43640407846243,-0.204260694357707,0.140736899358211,0
0.808651453802442,-1.55374312527362,-0.0606088897479345,2.10755879536586,0
1.52155432013082,-0.724249793669926,-0.271966927264291,1.46917417364193,0
0.674245037617844,1.85654729487158,0.0176820447753783,0.462611089807193,0
1.32188247909491,-1.4415652765152,-0.199497794034874,1.36760298266306,0
0.476246494963189,1.72246949704866,0.0125037981463331,0.336245136368226,0
0.370828051864409,0.564104842326268,0.135805005178517,0.936173773391956,0
0.497808444176294,1.53896657473025,0.185778172704021,1.57968104573819,0
0.600654892117898,1.01300020501464,0.169301962876018,1.66082885727352,0
1.35913336687514,1.02803959936787,3517631.16257821,-5776422.58167368,0
0.414052741178245,1.48744192415225,0.00372875070439995,0.353605438552495,0
2.1857334027383,-0.118054699623532,-0.316070218268136,1.23367280789509,0
1.0522609564277,-3.62232497787813,-0.0888630373251494,2.13421113399642,0
1.70244886190572,0.340762727823798,-0.378988590214153,1.17958990637737,0
0.559329362212186,1.43535043716984,-0.0595020137302403,0.240782585772703,0
1.69957970336107,0.130326125628089,-0.434313611555009,1.92258459312525,0
0.70130480848245,-2.15128457812419,0.0471098337521478,2.46590698760078,0
-10540947.8061076,2391465.67407691,-0.207112739762211,0.128301008826329,0
1.44099213898911,-4.43203489631865,-0.343906584209599,3.13371216128475,0
0.721916503631036,2.21082261274377,-0.0315396550639335,0.255061671934598,0
2.03345165219893,-0.660890736049883,662990.806208115,-1604956.66696956,0
0.453259450661758,1.31398214919568,-0.108887955438636,0.269156896710721,0
0.981514471403884,1.45146177138671,-0.147165340072979,0.740125060767761,0
0.594963354232858,1.42179463683641,-0.0349105886479785,0.289696228838967,0
0.517387511823173,1.4061327448589,0.034189320959629,0.589468623572533,0
0.281281270293031,0.897754483746834,0.00817043459326651,0.357868692234484,0
2.01724348578067,0.834564026193347,-0.36424823923234,0.94327436289022,0
0.969883308567536,-3.86010813368441,-0.0101378067054423,1.90171577367889,0
2.6961938338189,-4.62682694717186,-0.389775124855549,1.4602819224258,0
0.707839788915532,1.63909123837506,-0.0756437778809578,0.464940466839459,0
0.479389851956916,1.42338574083976,0.0934618185067212,0.560004871200778,0
0.51277335135374,-1.48562861403897,0.0771447778257997,1.65339442304569,0
0.514315252809751,-2.56214368599351,0.0322540578770242,2.50177302523638,0
3.33195498377165,0.164615655476626,-5.15679508191285,4.44684014168515,0
0.623120412500913,1.65845498339341,0.0961809688467571,1.88898021382908,0
0.509415656984587,1.3674209652156,-0.0327699795753812,0.431635795300154,0
0.611409274006292,0.223911674915168,0.0848160695822602,1.66664680343491,0
0.522224078933889,-1.40587948281049,0.0307013050898296,2.0097130328934,0
0.516481594989224,0.931724599885906,0.0782792224364896,0.951092580986895,0
0.850214148406207,2.29776989021112,-0.0390640757512864,0.21289457617478,0
0.504679124354058,1.68642560355028,-0.0102694948259924,0.318896703279226,0
0.572001142481734,1.41731873711436,-0.0332535868286201,0.28500719197968,0
0.893216643043519,2.42712811600345,-0.0147560923888996,0.425452469119604,0
0.995177461408943,2.34174196493921,-0.0864724449223945,0.29489928218727,0
0.732335882880911,-0.92446730762623,-0.0121306250777145,1.80938742222032,0
0.710057959807164,-2.62065626923846,0.0124256909114872,2.62890318926126,0
0.792361362748065,-1.59378674552073,0.00132634375173852,1.96751748215191,0
1.06061748655254,-1.08377147410657,-0.147572613965715,1.65719713860372,0
0.701031712789903,1.93054544086659,-0.0544564832234373,0.271416819715736,0
0.776455171229934,-2.16880564191131,0.0051843911088373,2.21602504979031,0
0.551100078005317,-2.10751542464744,0.0356573394377209,1.8034857722519,0
2.02560838616609,0.910846898960794,-0.329118759629295,1.48042603149691,0
1.5517230685579,-1.24507026135265,-0.262152935611039,1.1731186166716,0
0.533474859507761,1.46440022811862,-0.0494253498272294,0.330152060154502,0
1.72140310610726,2.57641499348563,-0.296272652684181,0.122141186274698,0
0.648663153554652,0.48141130001612,0.0596089020729808,1.18567291201437,0
0.693318824557629,1.9402064624521,-0.0592592416277546,0.268222955308676,0
0.80748112619782,-0.0306083592538407,0.0225026169206983,1.70635652682281,0
1.58181604566394,-1.87115999890551,-0.364461450983579,1.7675863872304,0
0.902172797068542,2.74023723091655,-0.0660225046233215,0.108973013761171,0
0.707383726800642,0.682444988512878,-0.0115103422289692,1.57806659699283,0
0.847990296298771,-1.68523145351265,-0.0740301370233413,1.94194632960893,0
0.771442559522194,-0.738431980466581,-0.038494598206226,1.5676406848892,0
0.630857675293898,0.695941678231636,0.133443190725338,1.25742645026851,0
1.65558490840789,-3.45944542883548,-0.343677647210467,2.03103653731313,0
0.483272653043992,1.32843981461564,0.175476591914579,1.08104737952777,0
1.49405483468471,-0.418266142451277,-0.297932117885055,1.2824322833105,0
1.83076116714997,0.503775945330326,-0.41516199242568,1.30640293871998,0
0.959169369426101,-2.04207364448611,-0.130780734378419,2.14613924228537,0
1.65393816159168,-2.33534109363882,-0.246575822989801,1.86167765112233,0
0.742976425757052,-4.57352913775127,-0.0496771660231795,3.85781297450639,0
0.290300862321442,-0.764206897138415,0.150706119699977,1.54890934742323,0
0.526751940568091,-0.935177973511488,0.0239606656336679,1.42453501053625,0
0.704339455956188,1.67789668328629,-0.00320059887020329,0.375069537535509,0
0.871140537484451,2.19118553379359,0.118355854312037,0.857864351580173,0
0.706744648272182,2.33226277879702,0.0710842951296244,0.411032582988986,0
0.470970206322552,0.454451445330793,0.186424599545606,1.29673392371737,0
0.340517161085544,-0.372834171906951,0.29471199090896,2.35608677591793,0
1.4787401215252,1.63703460578892,-0.365546048931257,0.477322164670305,0
0.632461937614613,1.66486049359931,-0.0531856322599476,0.276568271125193,0
2.07040903746359,-0.745006949724447,-0.314352620046449,1.17433862860602,0
1.32780340046123,-3.48076663695029,-0.223995566608426,1.89061468338043,0
0.482550934746959,-1.12173010241453,0.09545039363277,1.88662273561709,0
0.426553708886054,1.06043365832599,0.0651825990719444,0.535050859480906,0
0.666257081144279,2.00288518527812,0.144880943435516,1.38782378238092,0
0.933690409559871,-0.855232677384371,-0.119524467539265,1.74916809668096,0
0.741338191113996,1.87833342694281,0.226406504967226,1.62005194990528,0
0.910311485804613,-1.05419971170001,-0.0735445008288026,1.91282251380203,0
0.538368220989777,1.52731456168989,-0.00543406060897129,0.607559006083362,0
0.652085357196641,-1.90344921831375,-0.00388136535009977,2.51612301159964,0
0.705814039276333,1.15144405560833,-0.0487998630418131,0.327347976599617,0
1.54307047851024,1.15096531667182,-0.417511427531966,1.31045553136646,0
0.614727319411979,1.70968295267495,0.0728180093931865,0.335412166742983,0
1.27694070071668,-2.68399679180749,-0.192020101105025,2.11323573215306,0
0.62301376495768,2.06188885274584,-0.0205052563195123,0.224009139147661,0
0.678319612867075,-2.29400893982614,0.0179665150702568,2.03835609431647,0
0.609345175789228,0.765078208160343,0.106177333717904,1.3234910428948,0
0.425683584645657,0.331355254628458,0.163707499963469,1.39716296958933,0
0.721596019060713,1.60538924176063,0.0150889627890651,0.558908047571475,0
0.523093129180801,1.54210658604249,-0.0547815134419159,0.0934284474186124,0
0.850402707356649,2.33345373094087,0.0634080910282381,0.564565264347848,0
1.4965655564154,3.3934417108369,-0.0634381011641092,0.171124070357767,0
0.400020512003677,-5.08349312107106,0.131090844016756,3.43294306305087,0
0.79553247393765,1.99274716264725,-0.0887770435874763,0.202794651985665,0
0.823294108966812,-2.05428107582004,-0.0688013930104597,2.38994635973069,0
0.662542956137791,0.392067204938233,0.116602728536817,1.81917694305647,0
0.727786953749199,-2.90124019048423,0.0161279577368841,2.69536025872721,0
0.665615558923875,1.49784639267389,0.119961421015982,1.08233865248874,0
0.561304858136211,-0.0611952505942517,0.024386634629287,1.93145348672878,0
1.37623687514817,-0.301924343666226,-0.242934649054153,1.50302360009282,0
0.765662729231626,-2.17185311866467,-0.0494160950929127,2.17532013654902,0
0.312581318650611,-4.90966095654012,0.1357690769572,1.5365731417188,0
0.498436523084634,0.899525320482835,-0.0157573588045555,0.484102771724006,0
1.54050687027121,1.3253957930318,-0.35902265149913,0.955952829833422,0
2.19245572516945,-0.476703247328129,-0.396542694415724,1.0866196251221,0
0.736670164145126,1.64746256945688,0.0174797940062193,0.477329927708153,0
0.278386135526853,0.331272518571706,0.192555334721728,1.17417801713692,0
1.12388918891613,-1.35613357318004,-0.213386635802074,1.5776131356591,0
0.625660197240629,1.50631719750312,-0.0208064801163128,0.433490829680321,0
0.799125615123079,-2.33172816930437,-0.198761961672635,2.255717692522,0
1.938593416234,-0.704112923395856,-0.445049893316411,1.53463261199398,0
0.595600191871151,1.44404231017992,-0.137220401086392,0.163478819249974,0
1.41841669967553,1.05396875055661,-0.200563822113022,1.07667211819498,0
1.4668509833993,0.651851706250792,-0.261740653632664,0.909834533252099,0
0.776129401465124,1.61962152847302,0.0630873634593639,0.702526265387804,0
0.876040390411113,-0.88964082230314,-0.024986860130776,1.90500776163266,0
1.86692215085055,1.49882773814607,-0.323354102745001,0.952465858724997,0
0.410632709991876,0.0540378842037798,0.118170538961002,1.40491324605852,0
0.783324905462603,1.96482595207165,0.0199044592419496,0.510837053158319,0
1.10246172696468,2.22695559497302,-0.00195911079816978,0.470045469296763,0
0.910743749205359,2.58722044692616,-0.0941565090764096,0.00286037418851561,0
2.87666393205074,-4.98084056731413,-0.569670836246573,2.47368137895099,0
1.55041157217812,3.13534586945994,0.0394417821451473,0.198347483205279,0
0.999006608374286,2.65570981634136,0.026884840247542,0.259631995618723,0
1.42971726823138,-0.80658922202254,-0.191697141976594,1.65592767799123,0
0.321298131194155,1.14774327393305,0.0592953917770038,0.470064951125671,0
1.3147979399201,0.855088069266967,1807587.62449377,-2740440.73351686,0
1.57909054687851,2.86044822447267,-0.137822387362537,0.135405961523817,0
0.970007665023328,3.15899903404562,0.0581968834959139,0.338693005593774,0
0.474893951364819,0.601412480317471,0.102981413814564,0.996209307424218,0
1.16621095207661,1.87855151254475,-0.161580948035858,1.96780464488075,0
1.5114119352132,0.899896531951663,-0.2245888007486,1.26817538410176,0
1.87047228257712,0.972041732563743,-0.511347454079546,1.45605153900564,0
0.484901122011579,-0.702644851874741,0.066211694427479,1.57449341084669,0
1.6609325586303,-0.493125197235478,-0.2588937471157,1.12616090311408,0
-0.0888382540282187,1.30765104919966,-0.0931870404290293,0.0614074333956781,0
1.90065331224889,-0.0947243271685084,-0.455354620114643,1.40162043197205,0
1.21001745287736,-1.67344227946159,-0.411000822132877,2.55373512829941,0
0.402949899313378,0.190158531628647,0.145366205702599,1.29423564510816,0
0.62979349690285,1.90605940629381,0.0187333833769721,0.398461712431341,0
0.860215138349436,2.44117842430603,-0.0584720786369619,0.143350749541303,0
0.754613866061905,2.13827477089541,-0.00788880644686311,0.126323489239319,0
2.19287566447013,-1.45188248812326,-0.399431303341849,1.13413820432462,0
0.672988217547909,1.52193760740458,-0.0427611593285456,0.395360750459574,0
0.716355060412621,1.47007366246357,0.203884540502608,2.02964048067978,0
0.485869446130337,0.315603819040656,0.0717959588752538,1.26220258858695,0
0.537405262939078,2.16616516404818,0.0121989569956341,0.314422361851273,0
1.03323931604376,1.92929287672268,2869261.87273608,-1876568.13950056,0
0.461538241066474,1.15619930605873,0.123692537334442,1.27513695135301,0
1.18921422672134,-1.34606805281585,-0.140217483602717,2.1060472608199,0
1.46616639050826,2.15141790182508,-0.235732702754737,0.615008026190663,0
0.610073095764224,1.62553926015562,0.0156597520010368,0.434793757453086,0
0.74626085641203,-2.16942134976338,-0.0419453642224444,1.96507548735093,0
0.81794212259624,2.19631879439997,-0.00140033190054671,0.317556987449616,0
1.34531584782602,0.794638793118175,-0.263845470039621,1.16261929328351,0
0.72181737012574,-1.86191685497904,-0.0270026064160219,1.74855047381072,0
1.18801025500351,-1.92669487335206,-0.118755098205837,1.87432428340262,0
0.625079793070059,-0.0816078864496894,0.072996201155576,1.69830695255649,0
0.648163892869072,-1.68236701642424,0.00675920124870849,1.89107189840791,0
0.495111507943915,1.24931625186152,-0.0134309355772368,0.406211419021649,0
0.756662968687439,-0.389013112507347,-0.0168276637418443,1.55236025750152,0
1.12716593721274,1.81346817861405,-0.0345324206038144,0.307168872417815,0
0.574577637863,1.07880174869443,0.0941979953721032,1.10564221936081,0
1.50781640650755,0.790867978401679,-0.250110031283612,0.976515157791652,0
1.53120832946223,0.740089430438893,-0.239492369797388,1.18895355544201,0
1.4879260385579,-0.547939879732443,-0.221815182620378,1.19693710218705,0
0.837228848462169,2.09921417792788,-0.123608910922017,0.260201677765542,0
1.85992337098901,-1.36356625384262,-0.421754175997202,1.54769609237894,0
2.37461734907316,-4.48958650753571,-0.399807390545784,2.06018284010853,0
0.952087108514137,-2.45525434957329,-0.1554264770404,2.57626340665822,0
0.701787299303976,2.1185232285144,0.145651914543485,0.580784150936228,0
0.781901714956516,-2.80963043830014,-0.0142430946838713,2.14844336108256,0
0.647769593529836,-2.51884889422871,0.0495495902129445,2.19628768434956,0
1.86756208295978,0.472793917913606,-0.651726349689456,1.50480784154405,0
0.409123496730051,-0.901450217598455,0.199040663763855,2.25910631376377,0
-0.106989559333994,-1.06978775477831,0.253446391199553,1.46714486118276,0
0.728368742867317,2.1800812427066,0.0664063885498345,0.489371849991196,0
1.67740567915103,-1.99614281094537,-0.239425667919675,1.664049564735,0
0.468695927958341,0.138578935405844,0.11939761413072,1.28469173414486,0
0.998075447727452,-3.19409382708267,-0.137677489003461,2.86536434074091,0
0.621817610133558,-3.8523819273307,0.0103444611848668,1.70938346684595,0
1.34554048696471,-0.94337720413508,-0.380249277989853,2.10025708332641,0
0.615864714811142,-0.0470127938125071,0.0594272067498273,1.37303145597073,0
0.496385920109335,-2.13358224703675,0.0460353075983806,1.68358428266826,0
-5404220.8210842,-1476407.8476444,0.0326894271462037,0.186641106023125,0
0.513670845181321,-0.200053993073853,0.0863826458488269,1.33034705467988,0
0.718022485834827,-1.81331211685936,0.0496521878053136,1.6799885489164,0
0.91865700568161,-5.23911030282138,-0.0396234124272618,2.46478115237484,0
0.715432342395318,1.8992714756363,0.146406932313593,1.08299330977213,0
0.534064918269027,-0.965980716805769,0.0605565430193324,2.102899012824,0
0.704003750686119,-2.04177226792433,-0.0321627378028426,2.0234675469854,0
0.858051111254152,-1.80301858441994,-0.0478909395236115,2.03215982009855,0
0.730103936636592,2.07268183235734,-0.571785609930662,-0.00587957370021601,0
1.08694318937726,-2.31499644931922,-0.136744750973016,2.06912962559248,0
0.601356007224635,0.623606201892845,0.0655022241952837,1.00901416313599,0
0.681741193282775,1.45840057193156,-0.123970192681635,0.0512957237076494,0
0.577718788384678,0.279763404516293,0.0836824903749117,1.27118619053672,0
0.589442964447632,-1.19318470931191,0.0989079841561223,1.7658697640439,0
0.659972184466484,-0.864151468891602,0.0299200128702388,1.45331795108589,0
1.39222776453351,-8.26272374924874,-0.189912294110572,3.73903953532195,0
0.452218712821404,-0.528728277492002,0.168362842678455,1.85296103088678,0
0.730754756103102,-1.65098434305528,-0.0263756511026918,1.97966516860585,0
0.638024629141683,-0.842242831029217,0.0312540058759899,1.41017280392126,0
0.915004343967396,3.92509841360997,-0.0306653278054098,-0.00367236363788781,0
0.72887655571241,-4.96194161520492,-0.0831481518683055,2.75424428717362,0
1.06232138889121,-1.87186815597535,-0.159245412255799,1.90646194116974,0
0.685456630607372,-1.40878749303474,-0.0646334389574,1.89431575083122,0
0.521055160471134,2.04430162724856,0.0230539989016064,0.498656621514736,0
0.997437378059027,-3.60686028620823,-0.143914116798597,3.6308250008453,0
1.16227397224698,-2.12692578289479,-0.202235581856014,2.329617227895,0
1.1440546649205,-2.13662871420343,-0.176025799373047,1.87951466470365,0
1.84113333406018,-0.524080709855458,-0.270765407587866,0.753002989611307,0
0.775106256115202,3.065894717143,-0.0285828178582823,-0.0532225268530815,0
0.642826279341744,-1.18589553590969,-0.0825460810287815,2.59278188904766,0
0.692932362796914,2.0985186609948,-0.00407068437259729,0.15204446958072,0
0.578037997859192,0.857473240716798,0.133632021117094,1.10355652368003,0
1.67195329340709,-0.284881780554146,-0.248415136235046,1.32115713383871,0
0.520706800352202,-3.98981996111935,0.047177372623894,2.34020978667871,0
0.436137879903844,1.29986964641548,-0.0640223964532975,0.268189053890052,0
1.81025149008972,1.87172054384299,-0.303046659349868,0.298590690986932,0
0.720241462329898,1.57843797356403,-0.0404939938854394,0.407495412207447,0
0.626383725234803,-1.09739753098203,0.0350121245853582,1.96440351214232,0
0.560106729252658,1.65014451512383,-0.0324741768319193,0.254564835014713,0
0.77685955303475,1.58701119417009,0.0333964612228221,0.440640285719739,0
0.896637857333034,2.15020617722088,-0.105875910205236,0.201037871682577,0
0.487552463221341,-0.474746765667751,0.11959034756296,1.7818983011995,0
-15936805.6774639,-15455418.7295505,-0.15878065069252,0.0105769504185879,0
0.850985386128269,2.35542278619961,0.0379165886442645,0.433903617269735,0
0.982791612781575,-3.91193382695996,-0.156311663159413,2.43735720822736,0
0.521627731311942,1.6008382386058,0.00568077651461918,0.180157338923005,0
0.810939627672532,1.500466484749,-0.119135202067129,0.357262044312488,0
1.01629205808199,-1.65666929676947,-0.137643928140563,1.7454608900474,0
0.390966350342108,0.109559465114754,0.147967488513081,1.39058737962804,0
1.47751410307638,1.38495596719017,-0.311606834170874,0.984112541991841,0
0.418715774375917,0.306943607583751,0.120961582544263,1.51431121484718,0
0.612351817095254,-1.4849868503699,0.0607257795083875,2.20923090505103,0
0.565989454020291,1.14619725268295,0.124904886857155,1.36498773473015,0
0.611229038067908,-2.86089350072118,-0.0104600468928399,2.42647079382874,0
0.828111479378935,1.59171379595075,-0.0685346960398124,0.403958929774481,0
0.98003829930424,2.74430281862237,-0.676051805808503,0.28608611673019,0
0.624479645475242,-2.9156075186933,-0.0252994421753164,2.32148251714246,0
0.586965873146851,0.422641025479771,0.0668994810035135,1.16388645472025,0
1.17013371123589,2.78608079364058,0.150968806566364,0.978917121043573,0
0.574610170344099,-0.134359300375447,0.0591282949674862,1.48169316890815,0
0.874917021439366,-4.40521053677508,-0.0842974946515533,2.90452801544031,0
0.917713958880137,2.34248841195254,-0.0242205317122368,0.492890397049805,0
0.87880439345201,-1.98521538147004,-0.109803834024849,2.19760008601321,0
0.850924497208141,-2.82461457657317,-0.10237902855821,2.01021370220686,0
0.726419025999352,2.11215591148199,0.0522145415762379,0.438148273175789,0
0.771519075459884,-1.00356522837041,0.0404309099317128,1.92974631221,0
0.731698359306604,-4.47721179117292,0.0192391880488011,2.19319022906413,0
0.726062525546029,-0.921587651566015,-0.0123111463986097,1.56334717421418,0
1.97490091528676,-1.94493013712565,-0.357830366294596,2.2364281813235,0
0.81326419991057,1.85731907456268,-0.00187035951148225,0.189416443597733,0
0.406636312600843,0.305532532127428,0.148992859101512,1.54595960794142,0
0.509891239606498,1.5830863977153,-0.0651567360110039,0.0217686771150226,0
0.559290161726738,0.806011830239986,0.0240006781784369,0.621656864700735,0
1.05546311406249,3.15134914065388,-0.00795461911339235,0.20664963453252,0
0.46856654528282,-0.921311315227234,0.0968543639556057,1.92616111336058,0
1.89074499244234,-0.904728353097559,-0.358939861342316,1.29612587220984,0
1.30481159512269,-0.0388393766945611,2070398.36795392,-1794715.16043569,0
-0.108308381057035,1.77911152433084,-0.0446386955252892,0.190308156424613,0
0.77871286429128,-0.843918042856965,0.00317446986746555,1.95197150863035,0
1.78467984792143,-0.656634687257459,-0.495928674196746,2.17842349597626,0
1.39775490487293,0.200219733751652,7743036.10306613,-11837385.8795633,0
0.668665829583832,1.44490139013458,0.0100778259322309,0.492800643829175,0
0.723851288749386,1.78642537572201,-0.0379568305689881,0.243729528025415,0
0.625908541272762,0.663364608876694,0.123256393854722,1.81155421963823,0
0.284992420594478,0.298231509690092,0.0554590490230446,1.08610969314809,0
0.404707742731046,1.07945461651241,0.150518566109544,0.965550228672812,0
0.682665397025359,-0.626441039700285,0.0689279855239825,1.69947976364225,0
0.686382906786827,1.99385279664791,-0.0187152671355377,0.285671913363831,0
0.86507949508525,-0.945090741624814,-0.0569864914419675,1.8002480460594,0
0.666802812221739,-2.00608272472116,-0.0034253486529042,2.4681750264606,0
1.21839450430559,-2.48994889203416,-0.265957627738765,2.70769625940614,0
0.758503199004182,1.8052416600837,0.0631091792242376,0.429080905650272,0
0.644569980158825,2.40385190120037,0.0208165652484199,0.258215951873665,0
0.804202724746471,2.40430870160113,-0.0443456964844583,0.172815385945941,0
0.85423761309946,-1.78741288004603,-0.0376253248522211,2.11419757499337,0
0.772972208044857,1.47652083659055,0.105563801865846,1.25270945497849,0
0.904779531420698,-1.19277158746937,-0.100767891350232,1.94772034374617,0
1.40266536879128,0.758249948439273,-0.210470662315482,0.775718150637284,0
0.690558226909504,1.69757306905434,0.0112805266942145,0.426753653489706,0
0.287284275486523,-0.359217050959416,0.239092438799183,1.65378583173106,0
0.499048945642289,-2.76324188086063,0.123325447621121,2.31435223659152,0
0.576387020484911,0.585268429305704,0.0744616091504365,0.527516258934094,0
0.946002233491487,1.51154776817778,-0.0519130738742375,0.36282644324311,0
0.593299156493288,1.84459589400423,0.000784096997764645,0.204780002427377,0
-2487523.63767231,-330108.53245613,-0.157228053476795,0.0882260683943855,0
0.810976023306916,2.36352739969129,-0.0843851800971527,0.214013214420276,0
0.720894802944116,1.88009874275045,0.0222678892925603,0.403106909725264,0
0.492421733132912,-2.48716261634458,-0.076114084183917,1.44715244130448,0
0.584270429282045,0.558224488121602,0.136709662792957,1.19445519691222,0
0.989949648347675,2.44562887142916,-0.111585765491298,0.107313800233317,0
0.694985737172313,1.82458457987756,0.0180717585899154,0.416344646829437,0
0.52965532695099,0.0869821474616408,0.089432308969256,1.31447468771283,0
2.04750761793843,-0.836652794082527,-0.248567573071642,0.876741089263951,0
0.653692211657433,1.75956142851813,-0.0689220477355605,0.287992433715514,0
0.802272784922149,2.63101612422701,-0.00419587548262128,0.542914285535479,0
1.32221785563197,2.6416743091753,-0.0246880761704763,0.386263413407008,0
0.617254487984052,1.12947554739584,0.15489492110885,1.15345350428038,0
0.525978938791137,0.422922104615189,0.0773651558356738,0.945016218463685,0
0.485808528104095,-1.955749556268,0.0908104167220936,1.93013105164498,0
2.22763165844331,-4.0473095256199,-0.777653027343055,3.74566545192361,0
0.450910640495619,1.16203391723683,-0.00895221348630139,0.446731563575248,0
0.516950996698364,1.69938886470802,0.027919794019045,0.31818450302382,0
0.711137304760301,-0.0725442531431264,0.0606485288476398,1.48476782058725,0
0.772145397473058,2.12036078193749,-0.0694102402194308,0.327123324247411,0
0.531748999931627,0.819544696548221,0.0868373807051759,1.17138164623146,0
0.708486375009705,1.97755646901656,0.0464894663105852,0.727432155566627,0
0.617055118559621,1.76678922186131,-0.0925941843517462,0.333330588896534,0
0.525693296472378,0.96371621979842,-0.0261593297308043,0.453923688390406,0
0.682287157356653,1.4611293654321,-0.0115847405321533,0.431736004269282,0
0.549638220958113,2.1939108927183,0.274929828338365,0.852369235917295,0
1.3339254349743,3.03888785471842,-0.089876236651186,0.190636446356087,0
0.595809125668033,1.7861298895332,-0.101933626350019,0.0102761066195814,0
0.496173729896009,-0.145549635269241,0.165784508929217,1.51461194291402,0
0.740233566112361,1.65105516511616,-0.0257897866360352,0.422428896010701,0
0.551484900055638,1.45276098278711,0.0740597906712837,0.556679117911749,0
0.672790775547583,-1.38976214058227,-0.0117137185431936,1.97284766988173,0
0.842861340663386,-0.726151541537742,-0.0414072004788714,1.86292732581719,0
0.307618383095793,0.34629802774877,-0.00999917476141504,0.239049878458791,0
0.766024799625589,2.37433113122239,0.033270940509848,0.370540042939103,0
0.685666429045285,1.99241214555897,-0.024600301421355,0.434567737326506,0
0.538609393307567,-1.09838317068492,-0.00712978582828715,1.61872490812248,0
0.665737636589114,1.90560752061567,0.0227483454294705,0.308607614674125,0
0.64297923236456,-1.29675836482453,0.00124614882393283,1.86192497974119,0
0.663585427722838,-1.66652883023668,-0.0172483367335164,1.99884305082614,0
0.907008706970141,-12.0506695074675,-0.198015771890544,6.68783782285598,0
0.668155078178496,1.00873404911502,-0.0129781180892954,2.19215904974005,0
1.95942120076128,-1.32317103104614,-0.573023381431267,1.97754766560457,0
0.670467604648688,-1.96891891928637,0.0561072041758337,2.36793909377321,0
0.593925337394391,1.41840936134265,0.0151576721443285,0.550562721407544,0
0.479510360887181,1.75249492167079,-0.00492711582403685,0.32581607433703,0
0.397738368703128,0.513018860784676,0.0203879413262508,0.849059489386622,0
0.949424234359273,-4.16653811581288,-0.115050926531305,3.01500103862349,0
1.33253990664657,-0.104317696555461,-0.180989532973897,1.25255955250894,0
0.591162651629342,1.31184284510744,0.0102728811291988,0.474334689868264,0
0.689928340039946,1.69913017194497,0.148012589440782,1.17058609915703,0
0.934846425104772,-2.50262815762426,-0.145260740975126,2.57056287201015,0
0.660785252878708,1.82996734987818,0.0105021652746204,0.454634224395718,0
1.31103509557981,-3.14914472389515,-0.238688675610763,2.05666149321699,0
0.613211797093847,1.28761646012481,0.130953241048495,0.919082419938806,0
1.56258973108734,-0.172013126085775,-0.16754745623898,1.29994618557891,0
0.555327724439581,-0.833118698715205,0.0316656142556674,1.64993340347799,0
1.34672837010515,1.11726004751697,-0.114942285515756,0.80099640343493,0
0.609953152064076,-1.86570724225154,0.0387766026203297,2.72203551648628,0
1.36848418757058,0.207033725082786,-0.227904626389626,1.09439792622496,0
2.67141153150137,-3.18185553141236,-0.607253550981739,2.1608570910135,0
0.607612894464114,1.68602826956118,0.102635545324467,0.566325756061023,0
0.61514803791421,0.262470871002798,0.0489333918369589,1.56261663761141,0
0.722653554244835,2.01874621765776,0.211406815398482,1.41337785826381,0
0.277167147065573,2.22665473823566,-0.098790156039487,0.0653591649979253,0
0.799348396680765,3.00665653275315,-0.0278362212670591,0.262498397126626,0
0.880864275983856,2.76996501564349,0.000479989612952184,0.0911905879266986,0
0.383471094454533,-0.0145236326615973,0.150748286005598,1.24848037735121,0
0.549698293055189,-0.0424534277549035,0.134674083015072,1.62436869063058,0
1.75084450230216,-0.844699586812518,-0.20582752062398,0.838183069994116,0
0.659065858568392,1.28133480794871,0.113168778430325,1.357993311755,0
-10656843.9748575,-69416.9990767632,-0.171587936801264,0.136002106331109,0
0.528804905531732,-0.841093332625396,0.220300278552881,3.35789436603297,0
0.634337812490281,1.52220252167194,-0.0194557169639307,0.391240395071296,0
0.749364751850692,-1.11608573092769,0.0236417835469934,1.66493485518857,0
-34140659.4011177,33359592.3041989,-0.405157761087344,-0.217206198174682,0
0.636975891634989,1.53039782813617,0.112954209362304,0.742932359394208,0
0.764012349723076,1.51647977321495,-0.0284449077106928,0.505321549609683,0
0.813996550259194,-2.43706457685382,-0.0391070300995682,2.25152452429912,0
0.529853390026772,1.23708575382986,0.0765424275546436,0.740478027396449,0
1.51564554080713,0.716965720142761,-0.409247428884955,1.64067426895407,0
-2758168.7162404,-310851.735452819,-0.158695726902375,-0.0302683026431942,0
0.251316496823323,-0.144939481914682,-0.0465558679676406,0.238857112325646,0
0.871919917148359,-0.989032841047885,-0.1236152096435,1.39028230620101,0
0.630541626515617,-0.107587063359219,0.04689909702126,1.25114030012209,0
6.40633622224694,-60.1398455818011,-0.679334569700587,8.24697539733903,0
0.828632182440661,-4.04995863003548,-0.17014004657265,2.41644605646076,0
0.795669751973562,2.04783959290161,-0.0267505361802621,0.112212865315831,0
0.48175840400554,-0.0647070696074697,0.169610649932035,1.66814667617653,0
1.49220015506199,0.0434896409755791,-0.244663940651384,1.20351705483364,0
0.710070196232974,1.86968187748938,-0.140438215514152,0.0175540856677967,0
0.562746154572859,1.93512841676096,0.00793927895075066,0.447795001521903,0
1.31648736827673,2.71760237401854,-0.029589708690699,0.29198121450278,0
0.404039321296685,-0.452336193881802,0.0622926129131171,1.44334033092326,0
0.57658580351167,0.427704761594241,0.190064410180188,2.1814858109563,0
0.438949236680325,-0.358848995414777,0.147498062149281,1.3890429538492,0
0.622219764152932,-1.33537216230349,0.0328299481717844,2.24910924104931,0
1.09764289806646,1.69672281717348,-0.0925257426338788,0.708790939559313,0
0.65899669947977,2.099041973573,0.00336555606107134,0.197675867371283,0
1.70831562882246,-0.622470024285889,-0.463065786347014,1.74042559730226,0
0.462593025192845,-2.16395119789444,0.0845406188685367,2.2418327152721,0
0.54592184966971,1.82785761800679,0.0326186101686481,0.215860785351036,0
0.62908458400639,1.99355545914951,0.00864214255682134,0.361188967552448,0
0.693381914950967,1.25732129055935,-0.0571035517341536,0.38492391816751,0
0.377821455496184,-0.733173023490719,0.159205544700947,1.44946160327342,0
0.747796751102284,-0.271627498926219,0.0322266767545138,1.40180317276913,0
0.729839852831805,-0.63558646307275,-0.00137293474524286,1.5777003235593,0
0.300018007205922,0.616927933813476,0.16614116269087,1.09312606096833,0
0.374697313852224,0.435236109421863,0.182040577912308,1.32773819494169,0
0.607553181274248,1.84769307845825,-0.000262390969070697,0.245993124855227,0
0.584044905848632,-0.0320526677345502,0.126262607401825,1.45756406433213,0
1.3395878849541,-3.3441258836275,-0.302768756531812,2.20273699455984,0
0.47001921716627,0.428608090491966,0.119708795933295,1.52721395050231,0
1.6168887430938,1.14640837860576,-0.285330361677929,1.11890226710062,0
0.621250351632685,1.71731054441982,-0.00427592429266166,0.334971048641483,0
0.7051591551795,0.516477203898097,0.0558830131235681,1.84394425291066,0
0.482665612054675,0.74380779573564,-0.0396949853588674,0.280566472496359,0
0.719608037094161,1.94891330021539,0.000136399070455262,0.296511500734972,0
1.2015745749851,0.389167832231129,188012.206982569,-1001535.90248957,0
0.583279348378054,-4.07579153920084,-0.0592153504859083,2.97705303788856,0
0.645013431484251,0.556797508779234,0.0824254032774551,1.70979957028036,0
0.35828499534844,0.20460272642386,0.096999817141964,0.99629586345908,0
0.909000337078516,2.09682497820077,0.111254717417029,0.730380574625225,0
0.550223509204885,-1.89976560804491,0.0782560120822132,2.33457189267511,0
1.03278524897944,2.12247156367778,0.0239161835635952,0.324087511440053,0
-0.0610935749022893,-0.818388730080607,0.0934320428322857,0.372019704328211,0
1.16176161737431,-0.8281635902104,-0.174199530214006,1.87912002195813,0
1.20860550311026,-17.2378616205209,-0.11137994097392,6.63975934395266,0
2.23263937078669,-1.57715790971113,-0.493817529676281,1.63526648819442,0
0.842643075759281,-4.22155594895721,-0.166163184285369,3.49353714282749,0
0.534559239555693,-1.36876547478205,0.116996615807755,2.17729114260157,0
0.628897989661563,-0.88076602215279,-0.0169321713073071,1.90358013160223,0
